experiment_id,timestamp,split,seed,mode,initial_loss,final_loss,steps_to_threshold,converged,diverged,wall_clock_s,delta_w_norm,model.depth,model.width,model.n_params,model.flops,model.activation,model.normalization,model.residual_connection_ratio,model.attention_structure,model.required_memory_bytes,model.init_method,model.weight_norm_mean,model.weight_norm_std,task.function,task.seed,task.input_dim,task.noise_level,task.n_samples,task.target_variance,task.target_entropy_estimate,task.feature_correlation_mean,task.redundancy,task.class_imbalance,task.distribution,hardware.device_type,hardware.device_name,hardware.device_count,hardware.memory_bytes,hardware.precision,hardware.interconnect,regime.regime_model_size,regime.regime_data_noise,regime.regime_data_volume,regime.regime_device,regime.regime_label,training.learning_rate,training.batch_size,training.optimizer,training.weight_decay,training.init_method,zero_cost.synflow,zero_cost.snip,zero_cost.grasp,zero_cost.jacob_cov,zero_cost.effective_rank,zero_cost.hessian_trace,zero_cost.jacobian_condition_mean,zero_cost.jacobian_condition_median,zero_cost.jacobian_sigma_max_mean,zero_cost.gradient_norm,zero_cost.gradient_norm_variance,zero_cost.activation_mean,zero_cost.activation_variance
1,2026-09-01 13:43:23,test,100,full_training,1.1182656288146973,0.045398544520139694,11.0,1,0,0.014334597974084318,2.8361449241638184,2,32,1217,2304,relu,none,0.0,none,19472,xavier,3.998493274052938,2.7725577354431152,linear,100,3,0.138,384,1.8253250122070312,1.7198175632342114,0.0838538278245174,0.0,,gaussian,cpu,cpu,8,,float32,none,small,moderate,medium,cpu,small_model__moderate_data__medium_volume,0.02,32,adam,1e-05,xavier,85.53611755371094,8.069149017333984,-24.087940216064453,39.20600128173828,12.116669654846191,30.74699878692627,2.414494037628174,2.296313762664795,1.268123984336853,2.6606192588806152,47.589229583740234,0.15381493419408798,0.06664725951850414
2,2026-09-01 13:43:23,test,100,full_training,0.8947207927703857,0.02396816574037075,19.0,1,0,0.019847770017804578,2.661813974380493,2,32,1217,2304,relu,none,0.0,none,19472,he,5.3281480471293134,2.563436269760132,linear,100,3,0.138,384,1.8253250122070312,1.7198175632342114,0.0838538278245174,0.0,,gaussian,cpu,cpu,8,,float32,none,small,moderate,medium,cpu,small_model__moderate_data__medium_volume,0.02,32,adam,1e-05,he,247.24282836914062,21.71025848388672,-96.4232177734375,39.20600128173828,12.11667251586914,142.50017642974854,2.414494037628174,2.2963130474090576,3.0628104209899902,5.222677230834961,217.70761108398438,0.37149839103221893,0.3887757360935211
3,2026-09-01 13:43:23,test,100,full_training,1.3256791830062866,0.025995444506406784,21.0,1,0,0.018924262025393546,4.323987007141113,2,32,1217,2304,relu,none,0.0,none,19472,orthogonal,3.8164965311686196,3.016789674758911,linear,100,3,0.138,384,1.8253250122070312,1.7198175632342114,0.0838538278245174,0.0,,gaussian,cpu,cpu,8,,float32,none,small,moderate,medium,cpu,small_model__moderate_data__medium_volume,0.02,32,adam,1e-05,orthogonal,53.49358367919922,7.0512285232543945,-13.274039268493652,34.255550384521484,12.414780616760254,26.475765037536622,1.7520102262496948,1.7029095888137817,1.1636850833892822,2.22941517829895,26.9364070892334,0.1604592129588127,0.062251897528767586
4,2026-09-01 13:43:23,train,101,full_training,3.092975616455078,0.04932062327861786,296.0,1,0,0.3406314059975557,7.574869155883789,2,32,1377,2624,relu,none,0.0,none,22032,xavier,4.944721817970276,2.613090753555298,nonlinear_interaction,101,8,0.254,512,2.014313220977783,1.769077685224744,0.037587676905909494,0.0,,gaussian,cpu,cpu,8,,float32,none,small,noisy,medium,cpu,small_model__noisy_data__medium_volume,0.02,32,adam,1e-05,xavier,284.1978759765625,14.8740816116333,-139.43145751953125,111.06016540527344,18.1727352142334,61.93371429443359,16.32325553894043,13.190235137939453,2.46403169631958,4.381718635559082,93.44190979003906,0.31602372229099274,0.2813496068120003
5,2026-09-01 13:43:23,train,101,full_training,5.15520715713501,0.049931563436985016,183.0,1,0,0.21898738201707602,6.116885185241699,2,32,1377,2624,relu,none,0.0,none,22032,he,6.131039500236511,3.138056993484497,nonlinear_interaction,101,8,0.254,512,2.014313220977783,1.769077685224744,0.037587676905909494,0.0,,gaussian,cpu,cpu,8,,float32,none,small,noisy,medium,cpu,small_model__noisy_data__medium_volume,0.02,32,adam,1e-05,he,537.7823486328125,43.9675407409668,-1115.41015625,111.06016540527344,18.17274284362793,149.78344268798827,16.32325553894043,13.190239906311035,3.8959765434265137,11.212008476257324,764.76708984375,0.4996773600578308,0.7033740282058716
6,2026-09-01 13:43:24,train,101,full_training,2.41902494430542,0.04706865921616554,225.0,1,0,0.29173645499395207,7.544797420501709,2,32,1377,2624,relu,none,0.0,none,22032,orthogonal,4.333333333333333,2.8674416542053223,nonlinear_interaction,101,8,0.254,512,2.014313220977783,1.769077685224744,0.037587676905909494,0.0,,gaussian,cpu,cpu,8,,float32,none,small,noisy,medium,cpu,small_model__noisy_data__medium_volume,0.02,32,adam,1e-05,orthogonal,140.87918090820312,7.01792573928833,-39.411956787109375,119.68306732177734,19.25221061706543,61.713539123535156,6.6328043937683105,4.715435981750488,1.5321621894836426,2.645220994949341,45.935787200927734,0.27774403989315033,0.18466413021087646
7,2026-09-01 13:43:24,train,102,full_training,10.388945579528809,0.04473194107413292,419.0,1,0,0.6753368750214577,10.815069198608398,2,32,1249,2368,relu,none,0.0,none,19984,xavier,4.106595436731975,2.8521344661712646,nonlinear_product,102,4,0.203,512,8.67843246459961,2.4993589935684906,0.019102676933188813,0.0,,gaussian,cpu,cpu,8,,float32,none,small,moderate,medium,cpu,small_model__moderate_data__medium_volume,0.02,32,adam,1e-05,xavier,88.71050262451172,24.36697006225586,-485.8630676269531,87.03591918945312,14.316981315612793,9.663981437683105,3.319448471069336,3.113994598388672,1.612739086151123,11.062403678894043,98.37551879882812,0.20914451777935028,0.12564438581466675
8,2026-09-01 13:43:25,train,102,full_training,13.699686050415039,0.049492351710796356,465.0,1,0,0.5439580040110741,9.858505249023438,2,32,1249,2368,relu,none,0.0,none,19984,he,5.400059739748637,2.908212184906006,nonlinear_product,102,4,0.203,512,8.67843246459961,2.4993589935684906,0.019102676933188813,0.0,,gaussian,cpu,cpu,8,,float32,none,small,moderate,medium,cpu,small_model__moderate_data__medium_volume,0.02,32,adam,1e-05,he,225.21484375,76.1374740600586,-3744.8837890625,87.03591918945312,14.316981315612793,92.06339111328126,3.319448471069336,3.1139941215515137,3.4211361408233643,25.55948829650879,682.7422485351562,0.44366252422332764,0.565399706363678
9,2026-09-01 13:43:25,train,102,full_training,9.665803909301758,0.04132769629359245,266.0,1,0,0.2743253240187187,10.364007949829102,2,32,1249,2368,relu,none,0.0,none,19984,orthogonal,3.9428090254465737,2.9643869400024414,nonlinear_product,102,4,0.203,512,8.67843246459961,2.4993589935684906,0.019102676933188813,0.0,,gaussian,cpu,cpu,8,,float32,none,small,moderate,medium,cpu,small_model__moderate_data__medium_volume,0.02,32,adam,1e-05,orthogonal,68.3827133178711,18.35737419128418,-290.4862976074219,81.26355743408203,15.580216407775879,-24.914727020263673,2.0833377838134766,2.0384793281555176,1.2320257425308228,9.19994068145752,54.03138732910156,0.1920376420021057,0.09819643199443817
10,2026-09-01 13:43:25,train,103,full_training,2.6192755699157715,0.04570798948407173,66.0,1,0,0.061075773992342874,5.165410995483398,2,32,1281,2432,relu,none,0.0,none,20496,xavier,4.337605396906535,2.741262674331665,linear,103,5,0.28,384,1.973253607749939,1.7587804121714583,0.04103959488929174,0.0,,gaussian,cpu,cpu,8,,float32,none,small,noisy,medium,cpu,small_model__noisy_data__medium_volume,0.02,32,adam,1e-05,xavier,116.72314453125,12.304842948913574,-82.7269058227539,106.70223999023438,17.013973236083984,53.76186046600342,3.946666717529297,3.671172857284546,1.7146878242492676,3.6366193294525146,114.12537384033203,0.2409358024597168,0.16195622086524963
11,2026-09-01 13:43:25,train,103,full_training,4.467731952667236,0.034553445875644684,91.0,1,0,0.08530625601997599,5.098618984222412,2,32,1281,2432,relu,none,0.0,none,20496,he,5.668473839759827,3.066263437271118,linear,103,5,0.28,384,1.973253607749939,1.7587804121714583,0.04103959488929174,0.0,,gaussian,cpu,cpu,8,,float32,none,small,noisy,medium,cpu,small_model__noisy_data__medium_volume,0.02,32,adam,1e-05,he,268.70367431640625,42.09651184082031,-909.112548828125,106.70223999023438,17.013973236083984,191.41955776214598,3.9466664791107178,3.6711740493774414,3.2982676029205322,10.690446853637695,748.8756713867188,0.46344923973083496,0.5992380678653717
12,2026-09-01 13:43:26,train,103,full_training,2.0194461345672607,0.04229685291647911,87.0,1,0,0.08221100602531806,5.113454341888428,2,32,1281,2432,relu,none,0.0,none,20496,orthogonal,4.054092566172282,2.926488161087036,linear,103,5,0.28,384,1.973253607749939,1.7587804121714583,0.04103959488929174,0.0,,gaussian,cpu,cpu,8,,float32,none,small,noisy,medium,cpu,small_model__noisy_data__medium_volume,0.02,32,adam,1e-05,orthogonal,84.57994079589844,6.802789211273193,-25.941925048828125,101.67530822753906,16.841360092163086,39.84441089630127,2.81847882270813,2.632075309753418,1.3166074752807617,2.3934147357940674,39.99018096923828,0.1987714022397995,0.1040346585214138
13,2026-09-01 13:43:26,train,104,full_training,2.813325881958008,0.04637614265084267,242.0,1,0,0.2211093360092491,7.227826118469238,2,32,1249,2368,relu,none,0.0,none,19984,xavier,4.106595436731975,2.8521344661712646,nonlinear_interaction,104,4,0.262,384,2.19335675239563,1.8116551002027421,0.038244502049663114,0.0,,gaussian,cpu,cpu,8,,float32,none,small,noisy,medium,cpu,small_model__noisy_data__medium_volume,0.02,32,adam,1e-05,xavier,88.71050262451172,9.629340171813965,-59.787261962890625,81.59139251708984,14.289291381835938,19.034610652923583,3.196363925933838,2.951655387878418,1.6153953075408936,3.8097381591796875,46.339324951171875,0.19839444011449814,0.10422427952289581
14,2026-09-01 13:43:26,train,104,full_training,4.872447490692139,0.03594263270497322,246.0,1,0,0.22592638901551254,6.946784973144531,2,32,1249,2368,relu,none,0.0,none,19984,he,5.400059739748637,2.908212184906006,nonlinear_interaction,104,4,0.262,384,2.19335675239563,1.8116551002027421,0.038244502049663114,0.0,,gaussian,cpu,cpu,8,,float32,none,small,noisy,medium,cpu,small_model__noisy_data__medium_volume,0.02,32,adam,1e-05,he,225.21484375,31.267789840698242,-592.40234375,81.59139251708984,14.289291381835938,79.94115104675294,3.196363925933838,2.9516546726226807,3.4267709255218506,9.473196983337402,323.5188293457031,0.42085811495780945,0.4690092206001282
15,2026-09-01 13:43:26,train,104,full_training,2.9079034328460693,0.04147414118051529,242.0,1,0,0.21839124299003743,7.275291442871094,2,32,1249,2368,relu,none,0.0,none,19984,orthogonal,3.9428090254465737,2.9643869400024414,nonlinear_interaction,104,4,0.262,384,2.19335675239563,1.8116551002027421,0.038244502049663114,0.0,,gaussian,cpu,cpu,8,,float32,none,small,noisy,medium,cpu,small_model__noisy_data__medium_volume,0.02,32,adam,1e-05,orthogonal,68.3827133178711,8.56087875366211,-48.29246520996094,88.86665344238281,15.744136810302734,16.539187049865724,1.998270869255066,1.9302829504013062,1.2693589925765991,3.4939236640930176,25.481245040893555,0.182563878595829,0.07574538141489029
16,2026-09-01 13:43:27,train,105,full_training,8.349503517150879,0.049409665167331696,119.0,1,0,0.1385038589942269,6.884422302246094,2,32,1345,2560,relu,none,0.0,none,21520,xavier,4.824894110361735,2.6007485389709473,nonlinear_product,105,7,0.105,256,3.5741796493530273,2.0558063737554515,0.047285493587231726,0.0,,gaussian,cpu,cpu,8,,float32,none,small,moderate,low,cpu,small_model__moderate_data__low_volume,0.02,32,adam,1e-05,xavier,222.52198791503906,56.25055694580078,-1871.6800537109375,104.45462036132812,17.71190071105957,147.57604484558107,6.8888936042785645,5.870559215545654,2.222818374633789,16.88570785522461,335.9065856933594,0.341405987739563,0.2938843369483948
17,2026-09-01 13:43:27,train,105,full_training,13.98237419128418,0.039262428879737854,124.0,1,0,0.11641172101371922,6.251845836639404,2,32,1345,2560,relu,none,0.0,none,21520,he,6.084149400393168,3.0874176025390625,nonlinear_product,105,7,0.105,256,3.5741796493530273,2.0558063737554515,0.047285493587231726,0.0,,gaussian,cpu,cpu,8,,float32,none,small,moderate,low,cpu,small_model__moderate_data__low_volume,0.02,32,adam,1e-05,he,444.48486328125,170.6617431640625,-14971.228515625,104.45462036132812,17.71190071105957,413.97232751846315,6.88889217376709,5.8705596923828125,3.7099862098693848,43.44460678100586,1955.72509765625,0.5698222815990448,0.8186778426170349
18,2026-09-01 13:43:27,train,105,full_training,6.350377082824707,0.049636028707027435,155.0,1,0,0.15144280801177956,8.131885528564453,2,32,1345,2560,relu,none,0.0,none,21520,orthogonal,4.247219244639079,2.8800108432769775,nonlinear_product,105,7,0.105,256,3.5741796493530273,2.0558063737554515,0.047285493587231726,0.0,,gaussian,cpu,cpu,8,,float32,none,small,moderate,low,cpu,small_model__moderate_data__low_volume,0.02,32,adam,1e-05,orthogonal,111.43936157226562,23.838645935058594,-524.25634765625,116.0270004272461,18.614194869995117,110.03518002033233,4.012962341308594,3.798285961151123,1.5874305963516235,9.974251747131348,157.81314086914062,0.28106188774108887,0.1689993143081665
19,2026-09-01 13:43:27,train,106,full_training,2.995710611343384,0.031600095331668854,31.0,1,0,0.03536494402214885,4.941559314727783,2,32,1281,2432,relu,none,0.0,none,20496,xavier,4.337605396906535,2.741262674331665,linear,106,5,0.005,768,1.939387321472168,1.7501245879654008,0.019026749193931287,0.0,,gaussian,cpu,cpu,8,,float32,none,small,clean,high,cpu,small_model__clean_data__high_volume,0.02,32,adam,1e-05,xavier,116.72314453125,15.854774475097656,-145.38641357421875,93.28453063964844,15.775349617004395,71.49560050964355,3.8781301975250244,3.643312454223633,1.7699217796325684,5.053654193878174,112.28617095947266,0.24886100739240646,0.17749223113059998
20,2026-09-01 13:43:27,train,106,full_training,4.880295276641846,0.04555011913180351,35.0,1,0,0.034835261991247535,4.8269782066345215,2,32,1281,2432,relu,none,0.0,none,20496,he,5.668473839759827,3.066263437271118,linear,106,5,0.005,768,1.939387321472168,1.7501245879654008,0.019026749193931287,0.0,,gaussian,cpu,cpu,8,,float32,none,small,clean,high,cpu,small_model__clean_data__high_volume,0.02,32,adam,1e-05,he,268.70367431640625,51.0832633972168,-1347.8380126953125,93.28453063964844,15.775346755981445,233.94864444732667,3.8781309127807617,3.643310785293579,3.404512405395508,13.697664260864258,554.6868896484375,0.4786937087774277,0.656721293926239
21,2026-09-01 13:43:27,train,106,full_training,2.56404972076416,0.0360761322081089,22.0,1,0,0.021657047007465735,4.515944957733154,2,32,1281,2432,relu,none,0.0,none,20496,orthogonal,4.054092566172282,2.926488161087036,linear,106,5,0.005,768,1.939387321472168,1.7501245879654008,0.019026749193931287,0.0,,gaussian,cpu,cpu,8,,float32,none,small,clean,high,cpu,small_model__clean_data__high_volume,0.02,32,adam,1e-05,orthogonal,84.57994079589844,7.3660478591918945,-32.912696838378906,94.01850128173828,16.405254364013672,43.350302124023436,2.735748291015625,2.524547576904297,1.3265440464019775,2.750753402709961,46.9205207824707,0.1967955008149147,0.1050468161702156
22,2026-09-01 13:43:27,test,107,full_training,2.0556106567382812,0.037232905626297,202.0,1,0,0.21747071799472906,6.742597579956055,2,32,1281,2432,relu,none,0.0,none,20496,xavier,4.337605396906535,2.741262674331665,nonlinear_interaction,107,5,0.186,768,1.8620647192001343,1.729781501277494,0.027911563527203715,0.0,,gaussian,cpu,cpu,8,,float32,none,small,moderate,high,cpu,small_model__moderate_data__high_volume,0.02,32,adam,1e-05,xavier,116.72314453125,7.601405620574951,-16.675783157348633,95.91124725341797,17.203216552734375,62.69927978515625,4.0909342765808105,3.6403539180755615,1.7108817100524902,2.182114601135254,163.16635131835938,0.23817768692970276,0.16618315130472183
23,2026-09-01 13:43:28,test,107,full_training,3.3407974243164062,0.04499698430299759,241.0,1,0,0.2703905329981353,6.47808837890625,2,32,1281,2432,relu,none,0.0,none,20496,he,5.668473839759827,3.066263437271118,nonlinear_interaction,107,5,0.186,768,1.8620647192001343,1.729781501277494,0.027911563527203715,0.0,,gaussian,cpu,cpu,8,,float32,none,small,moderate,high,cpu,small_model__moderate_data__high_volume,0.02,32,adam,1e-05,he,268.70367431640625,24.998188018798828,-345.6073303222656,95.91124725341797,17.20322036743164,193.69727096557617,4.090935230255127,3.6403534412384033,3.2909467220306396,5.945541858673096,457.2392272949219,0.4581439644098282,0.6148777008056641
24,2026-09-01 13:43:28,test,107,full_training,1.9819952249526978,0.04912274330854416,190.0,1,0,0.2611304040183313,6.956507682800293,2,32,1281,2432,relu,none,0.0,none,20496,orthogonal,4.054092566172282,2.926488161087036,nonlinear_interaction,107,5,0.186,768,1.8620647192001343,1.729781501277494,0.027911563527203715,0.0,,gaussian,cpu,cpu,8,,float32,none,small,moderate,high,cpu,small_model__moderate_data__high_volume,0.02,32,adam,1e-05,orthogonal,84.57994079589844,6.111548900604248,-10.271669387817383,95.1545181274414,16.805805206298828,33.468058013916014,2.897587776184082,2.681488513946533,1.3022468090057373,2.1975009441375732,189.51675415039062,0.19888588786125183,0.10972510278224945
25,2026-09-01 13:43:28,train,108,full_training,11.182198524475098,0.04721515625715256,79.0,1,0,0.08806925901444629,6.9730000495910645,2,32,1249,2368,relu,none,0.0,none,19984,xavier,4.106595436731975,2.8521344661712646,nonlinear_product,108,4,0.215,256,4.140458106994629,2.129341750994159,0.043906223054964756,0.0,,gaussian,cpu,cpu,8,,float32,none,small,moderate,low,cpu,small_model__moderate_data__low_volume,0.02,32,adam,1e-05,xavier,88.71050262451172,18.747249603271484,-222.7271728515625,65.64082336425781,13.795726776123047,27.77402267456055,3.392601490020752,3.1497278213500977,1.5852543115615845,7.803291320800781,271.9421691894531,0.221949502825737,0.13715901970863342
26,2026-09-01 13:43:28,train,108,full_training,13.74420166015625,0.038953207433223724,199.0,1,0,0.1995034459978342,6.948189735412598,2,32,1249,2368,relu,none,0.0,none,19984,he,5.400059739748637,2.908212184906006,nonlinear_product,108,4,0.215,256,4.140458106994629,2.129341750994159,0.043906223054964756,0.0,,gaussian,cpu,cpu,8,,float32,none,small,moderate,low,cpu,small_model__moderate_data__low_volume,0.02,32,adam,1e-05,he,225.21484375,54.58314514160156,-1551.6669921875,65.64082336425781,13.795730590820312,113.5107292175293,3.392601490020752,3.149728298187256,3.3628320693969727,17.02972412109375,1427.6395263671875,0.47082602977752686,0.6172155439853668
27,2026-09-01 13:43:29,train,108,full_training,10.453351974487305,0.04697395861148834,133.0,1,0,0.14661727400380187,7.04710054397583,2,32,1249,2368,relu,none,0.0,none,19984,orthogonal,3.9428090254465737,2.9643869400024414,nonlinear_product,108,4,0.215,256,4.140458106994629,2.129341750994159,0.043906223054964756,0.0,,gaussian,cpu,cpu,8,,float32,none,small,moderate,low,cpu,small_model__moderate_data__low_volume,0.02,32,adam,1e-05,orthogonal,68.3827133178711,15.933881759643555,-153.2243194580078,73.09654998779297,15.560545921325684,17.80646686553955,2.0800156593322754,2.0189435482025146,1.2437644004821777,6.785016059875488,155.9210205078125,0.20144344121217728,0.10038270428776741
28,2026-09-01 13:43:29,train,109,full_training,1.8400548696517944,0.026968657970428467,21.0,1,0,0.0328947440139018,3.644418239593506,2,32,1249,2368,relu,none,0.0,none,19984,xavier,4.106595436731975,2.8521344661712646,linear,109,4,0.069,768,2.0546772480010986,1.7789979225445198,0.055641171699510626,0.0,,gaussian,cpu,cpu,8,,float32,none,small,clean,high,cpu,small_model__clean_data__high_volume,0.02,32,adam,1e-05,xavier,88.71050262451172,8.359731674194336,-10.09876537322998,82.647705078125,14.084035873413086,28.77843770980835,3.103206157684326,3.0386509895324707,1.6541993618011475,2.5213358402252197,30.937362670898438,0.19676527380943298,0.10142188519239426
29,2026-09-01 13:43:29,train,109,full_training,1.153355360031128,0.04344968870282173,19.0,1,0,0.02099546298268251,3.385000228881836,2,32,1249,2368,relu,none,0.0,none,19984,he,5.400059739748637,2.908212184906006,linear,109,4,0.069,768,2.0546772480010986,1.7789979225445198,0.055641171699510626,0.0,,gaussian,cpu,cpu,8,,float32,none,small,clean,high,cpu,small_model__clean_data__high_volume,0.02,32,adam,1e-05,he,225.21484375,21.08315658569336,-299.2218017578125,82.647705078125,14.08403205871582,71.54201965332031,3.103206157684326,3.03865122795105,3.5090866088867188,5.282002925872803,124.99170684814453,0.4174021780490875,0.45639844238758087
30,2026-09-01 13:43:29,train,109,full_training,2.4512946605682373,0.03271672874689102,12.0,1,0,0.014869997015921399,3.1347434520721436,2,32,1249,2368,relu,none,0.0,none,19984,orthogonal,3.9428090254465737,2.9643869400024414,linear,109,4,0.069,768,2.0546772480010986,1.7789979225445198,0.055641171699510626,0.0,,gaussian,cpu,cpu,8,,float32,none,small,clean,high,cpu,small_model__clean_data__high_volume,0.02,32,adam,1e-05,orthogonal,68.3827133178711,8.374019622802734,-22.9604434967041,81.88449096679688,14.944186210632324,29.54349250793457,2.0007362365722656,1.9378281831741333,1.2769869565963745,2.7740347385406494,31.018085479736328,0.18379561603069305,0.08098755404353142
31,2026-09-01 13:43:29,train,110,full_training,4.875819206237793,0.04702383652329445,178.0,1,0,0.25356550997821614,6.780107498168945,2,32,1345,2560,relu,none,0.0,none,21520,xavier,4.824894110361735,2.6007485389709473,nonlinear_interaction,110,7,0.238,384,2.088444709777832,1.7871483486810107,0.040394922761488664,0.0,,gaussian,cpu,cpu,8,,float32,none,small,moderate,medium,cpu,small_model__moderate_data__medium_volume,0.02,32,adam,1e-05,xavier,222.52198791503906,44.08625030517578,-1084.8946533203125,108.30339050292969,17.644203186035156,115.14673385620117,9.245542526245117,5.890889644622803,2.192233085632324,12.591675758361816,232.5040740966797,0.33579325675964355,0.3025123327970505
32,2026-09-01 13:43:29,train,110,full_training,8.846355438232422,0.04574880003929138,174.0,1,0,0.2502623969921842,6.186689376831055,2,32,1345,2560,relu,none,0.0,none,21520,he,6.084149400393168,3.0874176025390625,nonlinear_interaction,110,7,0.238,384,2.088444709777832,1.7871483486810107,0.040394922761488664,0.0,,gaussian,cpu,cpu,8,,float32,none,small,moderate,medium,cpu,small_model__moderate_data__medium_volume,0.02,32,adam,1e-05,he,444.48486328125,132.52212524414062,-9125.994140625,108.30339050292969,17.64419937133789,371.6150238037109,9.245542526245117,5.890885829925537,3.658937931060791,33.61198806762695,2169.376220703125,0.5604544281959534,0.842712938785553
33,2026-09-01 13:43:30,train,110,full_training,3.9599850177764893,0.04694601520895958,163.0,1,0,0.19953038400853984,7.04983377456665,2,32,1345,2560,relu,none,0.0,none,21520,orthogonal,4.247219244639079,2.8800108432769775,nonlinear_interaction,110,7,0.238,384,2.088444709777832,1.7871483486810107,0.040394922761488664,0.0,,gaussian,cpu,cpu,8,,float32,none,small,moderate,medium,cpu,small_model__moderate_data__medium_volume,0.02,32,adam,1e-05,orthogonal,111.43936157226562,18.744150161743164,-322.8736572265625,114.69892120361328,18.207077026367188,78.68859672546387,4.4627861976623535,3.627859115600586,1.5524883270263672,7.534677505493164,103.06726837158203,0.2820983976125717,0.17017976194620132
34,2026-09-01 13:43:30,train,111,full_training,16.25827407836914,0.047930870205163956,381.0,1,0,0.4345248639874626,9.380010604858398,2,32,1249,2368,relu,none,0.0,none,19984,xavier,4.106595436731975,2.8521344661712646,nonlinear_product,111,4,0.276,512,7.017490863800049,2.3931413968728843,0.038348846205094066,0.0,,gaussian,cpu,cpu,8,,float32,none,small,noisy,medium,cpu,small_model__noisy_data__medium_volume,0.02,32,adam,1e-05,xavier,88.71050262451172,21.302127838134766,-285.9043273925781,78.90436553955078,13.950697898864746,31.288067245483397,3.372633934020996,3.414076089859009,1.6364326477050781,9.034186363220215,470.1842956542969,0.2113586813211441,0.12052848190069199
35,2026-09-01 13:43:31,train,111,full_training,19.54424285888672,0.045221976935863495,498.0,1,0,0.7627179090050049,9.154024124145508,2,32,1249,2368,relu,none,0.0,none,19984,he,5.400059739748637,2.908212184906006,nonlinear_product,111,4,0.276,512,7.017490863800049,2.3931413968728843,0.038348846205094066,0.0,,gaussian,cpu,cpu,8,,float32,none,small,noisy,medium,cpu,small_model__noisy_data__medium_volume,0.02,32,adam,1e-05,he,225.21484375,59.650611877441406,-1708.603759765625,78.90436553955078,13.95069408416748,116.34566650390624,3.372634172439575,3.4140753746032715,3.471398115158081,18.79012107849121,2261.63671875,0.4483594447374344,0.5423780977725983
36,2026-09-01 13:43:32,train,111,full_training,15.460895538330078,0.04288085550069809,381.0,1,0,0.5842784190026578,9.938669204711914,2,32,1249,2368,relu,none,0.0,none,19984,orthogonal,3.9428090254465737,2.9643869400024414,nonlinear_product,111,4,0.276,512,7.017490863800049,2.3931413968728843,0.038348846205094066,0.0,,gaussian,cpu,cpu,8,,float32,none,small,noisy,medium,cpu,small_model__noisy_data__medium_volume,0.02,32,adam,1e-05,orthogonal,68.3827133178711,17.51723289489746,-205.32693481445312,92.866455078125,15.249274253845215,2.9415971755981447,2.0589282512664795,1.9347182512283325,1.25357186794281,7.951526641845703,285.3091735839844,0.19174893200397491,0.08994314447045326
37,2026-09-01 13:43:32,train,112,full_training,2.0695807933807373,0.047665830701589584,51.0,1,0,0.05423397399135865,5.105696678161621,2,32,1281,2432,relu,none,0.0,none,20496,xavier,4.337605396906535,2.741262674331665,linear,112,5,0.25,512,1.9897546768188477,1.7629442097829566,0.04638826118457402,0.0,,gaussian,cpu,cpu,8,,float32,none,small,noisy,medium,cpu,small_model__noisy_data__medium_volume,0.02,32,adam,1e-05,xavier,116.72314453125,11.78879451751709,-83.68099212646484,90.76823425292969,16.550399780273438,56.56692366600036,4.006834030151367,3.7387404441833496,1.7475321292877197,3.4597725868225098,70.32293701171875,0.22984695434570312,0.15169258415699005
38,2026-09-01 13:43:32,train,112,full_training,3.8559131622314453,0.0485767126083374,49.0,1,0,0.045289506000699475,5.013282775878906,2,32,1281,2432,relu,none,0.0,none,20496,he,5.668473839759827,3.066263437271118,linear,112,5,0.25,512,1.9897546768188477,1.7629442097829566,0.04638826118457402,0.0,,gaussian,cpu,cpu,8,,float32,none,small,noisy,medium,cpu,small_model__noisy_data__medium_volume,0.02,32,adam,1e-05,he,268.70367431640625,43.18779373168945,-1145.120361328125,90.76823425292969,16.550399780273438,177.05351371765136,4.006833553314209,3.738740921020508,3.3614449501037598,11.45766830444336,632.2221069335938,0.44211944937705994,0.5612626075744629
39,2026-09-01 13:43:32,train,112,full_training,1.833909511566162,0.045019835233688354,39.0,1,0,0.03727736001019366,4.86578369140625,2,32,1281,2432,relu,none,0.0,none,20496,orthogonal,4.054092566172282,2.926488161087036,linear,112,5,0.25,512,1.9897546768188477,1.7629442097829566,0.04638826118457402,0.0,,gaussian,cpu,cpu,8,,float32,none,small,noisy,medium,cpu,small_model__noisy_data__medium_volume,0.02,32,adam,1e-05,orthogonal,84.57994079589844,6.3658599853515625,-21.84150505065918,103.39728546142578,17.01824951171875,37.993173599243164,3.0105185508728027,2.74729585647583,1.3439067602157593,2.2994282245635986,38.85519790649414,0.18591775000095367,0.09529944136738777
40,2026-09-01 13:43:32,train,113,full_training,3.3131496906280518,0.04964395612478256,157.0,1,0,0.15497180697275326,6.721983432769775,2,32,1249,2368,relu,none,0.0,none,19984,xavier,4.106595436731975,2.8521344661712646,nonlinear_interaction,113,4,0.196,512,2.21958589553833,1.8175988556763478,0.039080806585754996,0.0,,gaussian,cpu,cpu,8,,float32,none,small,moderate,medium,cpu,small_model__moderate_data__medium_volume,0.02,32,adam,1e-05,xavier,88.71050262451172,13.237300872802734,-112.45169067382812,73.53961944580078,13.326103210449219,36.85682716369629,3.372739315032959,3.2089712619781494,1.6730587482452393,4.887053489685059,684.625244140625,0.22038161009550095,0.13886557519435883
41,2026-09-01 13:43:32,train,113,full_training,3.987642765045166,0.04008365422487259,233.0,1,0,0.31717963999835774,6.418890476226807,2,32,1249,2368,relu,none,0.0,none,19984,he,5.400059739748637,2.908212184906006,nonlinear_interaction,113,4,0.196,512,2.21958589553833,1.8175988556763478,0.039080806585754996,0.0,,gaussian,cpu,cpu,8,,float32,none,small,moderate,medium,cpu,small_model__moderate_data__medium_volume,0.02,32,adam,1e-05,he,225.21484375,42.66431427001953,-1248.4840087890625,73.53961944580078,13.32610034942627,113.63269081115723,3.372739315032959,3.2089688777923584,3.549093723297119,13.464167594909668,4273.54443359375,0.4674999564886093,0.6248950362205505
42,2026-09-01 13:43:33,train,113,full_training,3.305828809738159,0.04530689865350723,146.0,1,0,0.1408039010129869,6.55886697769165,2,32,1249,2368,relu,none,0.0,none,19984,orthogonal,3.9428090254465737,2.9643869400024414,nonlinear_interaction,113,4,0.196,512,2.21958589553833,1.8175988556763478,0.039080806585754996,0.0,,gaussian,cpu,cpu,8,,float32,none,small,moderate,medium,cpu,small_model__moderate_data__medium_volume,0.02,32,adam,1e-05,orthogonal,68.3827133178711,11.685741424560547,-84.16230773925781,84.64111328125,15.045244216918945,31.079125118255615,2.0225818157196045,1.9048970937728882,1.286277174949646,4.324560165405273,600.5374755859375,0.1992953047156334,0.09576299414038658
43,2026-09-01 13:43:33,train,114,full_training,5.900721073150635,0.044593650847673416,213.0,1,0,0.20309908399940468,7.56976842880249,2,32,1249,2368,relu,none,0.0,none,19984,xavier,4.106595436731975,2.8521344661712646,nonlinear_product,114,4,0.169,512,3.737501621246338,2.07814721945217,0.05601093068498042,0.0,,gaussian,cpu,cpu,8,,float32,none,small,moderate,medium,cpu,small_model__moderate_data__medium_volume,0.02,32,adam,1e-05,xavier,88.71050262451172,14.349451065063477,-104.47193908691406,69.2998275756836,14.175501823425293,27.0185640335083,3.3453781604766846,3.215178966522217,1.6474523544311523,5.705554962158203,38.40532302856445,0.1996147260069847,0.10663020238280296
44,2026-09-01 13:43:33,train,114,full_training,9.106314659118652,0.04417123273015022,229.0,1,0,0.19587327999761328,6.895741939544678,2,32,1249,2368,relu,none,0.0,none,19984,he,5.400059739748637,2.908212184906006,nonlinear_product,114,4,0.169,512,3.737501621246338,2.07814721945217,0.05601093068498042,0.0,,gaussian,cpu,cpu,8,,float32,none,small,moderate,medium,cpu,small_model__moderate_data__medium_volume,0.02,32,adam,1e-05,he,225.21484375,41.504608154296875,-709.64501953125,69.2998275756836,14.175498008728027,92.78990478515625,3.3453781604766846,3.215178966522217,3.4947738647460938,11.663102149963379,349.35919189453125,0.42344674468040466,0.4798358678817749
45,2026-09-01 13:43:33,train,114,full_training,5.144262313842773,0.04284575581550598,258.0,1,0,0.23997839199728332,7.970556259155273,2,32,1249,2368,relu,none,0.0,none,19984,orthogonal,3.9428090254465737,2.9643869400024414,nonlinear_product,114,4,0.169,512,3.737501621246338,2.07814721945217,0.05601093068498042,0.0,,gaussian,cpu,cpu,8,,float32,none,small,moderate,medium,cpu,small_model__moderate_data__medium_volume,0.02,32,adam,1e-05,orthogonal,68.3827133178711,12.4319486618042,-95.2878646850586,80.03627014160156,15.211440086364746,14.079929065704345,1.9548628330230713,1.9288525581359863,1.261478304862976,5.439579486846924,23.931028366088867,0.1873789280653,0.08159521594643593
46,2026-09-01 13:43:33,train,115,full_training,1.7319481372833252,0.04250377044081688,18.0,1,0,0.01968955300981179,3.3948514461517334,2,32,1249,2368,relu,none,0.0,none,19984,xavier,4.106595436731975,2.8521344661712646,linear,115,4,0.059,256,1.9879740476608276,1.7624965600309757,0.036315961088896946,0.0,,gaussian,cpu,cpu,8,,float32,none,small,clean,low,cpu,small_model__clean_data__low_volume,0.02,32,adam,1e-05,xavier,88.71050262451172,9.096773147583008,-17.439905166625977,61.067291259765625,13.730316162109375,43.194516849517825,3.4408841133117676,3.303478717803955,1.6528091430664062,2.75197172164917,16.649438858032227,0.19981402158737183,0.11345415934920311
47,2026-09-01 13:43:33,train,115,full_training,1.5169366598129272,0.031638290733098984,9.0,1,0,0.006884794973302633,2.1950957775115967,2,32,1249,2368,relu,none,0.0,none,19984,he,5.400059739748637,2.908212184906006,linear,115,4,0.059,256,1.9879740476608276,1.7624965600309757,0.036315961088896946,0.0,,gaussian,cpu,cpu,8,,float32,none,small,clean,low,cpu,small_model__clean_data__low_volume,0.02,32,adam,1e-05,he,225.21484375,21.83988380432129,-208.4399871826172,61.067291259765625,13.73031997680664,104.19993133544922,3.4408841133117676,3.303481340408325,3.5061376094818115,5.156851768493652,173.32627868652344,0.4238694757223129,0.5105436444282532
48,2026-09-01 13:43:34,train,115,full_training,2.0948362350463867,0.04890799894928932,12.0,1,0,0.011962093994952738,3.115234136581421,2,32,1249,2368,relu,none,0.0,none,19984,orthogonal,3.9428090254465737,2.9643869400024414,linear,115,4,0.059,256,1.9879740476608276,1.7624965600309757,0.036315961088896946,0.0,,gaussian,cpu,cpu,8,,float32,none,small,clean,low,cpu,small_model__clean_data__low_volume,0.02,32,adam,1e-05,orthogonal,68.3827133178711,8.563217163085938,-25.39498519897461,88.24359130859375,14.73292350769043,39.592526817321776,2.1455636024475098,2.0373950004577637,1.2747890949249268,3.0112836360931396,19.981096267700195,0.18039605766534805,0.08624458312988281
49,2026-09-01 13:43:34,train,116,full_training,2.8548970222473145,0.03609216958284378,147.0,1,0,0.12312160900910385,5.911025047302246,2,32,1377,2624,relu,none,0.0,none,22032,xavier,4.944721817970276,2.613090753555298,nonlinear_interaction,116,8,0.164,512,1.7889457941055298,1.7097517854635775,0.04023200765423677,0.0,,gaussian,cpu,cpu,8,,float32,none,small,moderate,medium,cpu,small_model__moderate_data__medium_volume,0.02,32,adam,1e-05,xavier,284.1978759765625,26.7246150970459,-391.96295166015625,108.29656982421875,17.555133819580078,59.40086350440979,15.65137004852295,11.462381362915039,2.4563193321228027,8.129378318786621,116.06910705566406,0.3222237527370453,0.2841576933860779
50,2026-09-01 13:43:34,train,116,full_training,3.902416229248047,0.039123475551605225,209.0,1,0,0.28068897101911716,6.154561996459961,2,32,1377,2624,relu,none,0.0,none,22032,he,6.131039500236511,3.138056993484497,nonlinear_interaction,116,8,0.164,512,1.7889457941055298,1.7097517854635775,0.04023200765423677,0.0,,gaussian,cpu,cpu,8,,float32,none,small,moderate,medium,cpu,small_model__moderate_data__medium_volume,0.02,32,adam,1e-05,he,537.7823486328125,68.55917358398438,-2278.745361328125,108.29656982421875,17.555133819580078,137.77837886810303,15.651372909545898,11.462387084960938,3.883781909942627,17.78406524658203,502.1949157714844,0.5094804763793945,0.7103942334651947
51,2026-09-01 13:43:34,train,116,full_training,3.029447078704834,0.03905562683939934,147.0,1,0,0.1285856269823853,7.1266045570373535,2,32,1377,2624,relu,none,0.0,none,22032,orthogonal,4.333333333333333,2.8674416542053223,nonlinear_interaction,116,8,0.164,512,1.7889457941055298,1.7097517854635775,0.04023200765423677,0.0,,gaussian,cpu,cpu,8,,float32,none,small,moderate,medium,cpu,small_model__moderate_data__medium_volume,0.02,32,adam,1e-05,orthogonal,140.87918090820312,11.10669994354248,-101.85323333740234,118.80990600585938,19.006071090698242,55.935610961914065,6.853338718414307,5.644789695739746,1.507232427597046,4.676974773406982,60.44944763183594,0.2596522867679596,0.1605854108929634
52,2026-09-01 13:43:34,train,117,full_training,7.70114278793335,0.04751172289252281,154.0,1,0,0.13743491700734012,8.20778751373291,2,32,1249,2368,relu,none,0.0,none,19984,xavier,4.106595436731975,2.8521344661712646,nonlinear_product,117,4,0.054,384,5.210128307342529,2.244240774500231,0.02321914937049302,0.0,,gaussian,cpu,cpu,8,,float32,none,small,clean,medium,cpu,small_model__clean_data__medium_volume,0.02,32,adam,1e-05,xavier,88.71050262451172,18.15383529663086,-235.53907775878906,82.14389038085938,13.924412727355957,27.20009365081787,3.1549432277679443,3.1583917140960693,1.6552870273590088,8.194839477539062,233.63482666015625,0.2031082957983017,0.12407070770859718
53,2026-09-01 13:43:35,train,117,full_training,12.790434837341309,0.04675890505313873,174.0,1,0,0.16216003699810244,7.636449337005615,2,32,1249,2368,relu,none,0.0,none,19984,he,5.400059739748637,2.908212184906006,nonlinear_product,117,4,0.054,384,5.210128307342529,2.244240774500231,0.02321914937049302,0.0,,gaussian,cpu,cpu,8,,float32,none,small,clean,medium,cpu,small_model__clean_data__medium_volume,0.02,32,adam,1e-05,he,225.21484375,53.351715087890625,-1555.9443359375,82.14389038085938,13.924409866333008,112.42569198608399,3.1549432277679443,3.1583919525146484,3.5113935470581055,17.267662048339844,1067.270751953125,0.43085777759552,0.5583181381225586
54,2026-09-01 13:43:35,train,117,full_training,6.455312728881836,0.0426846519112587,203.0,1,0,0.18878914599190466,8.449028015136719,2,32,1249,2368,relu,none,0.0,none,19984,orthogonal,3.9428090254465737,2.9643869400024414,nonlinear_product,117,4,0.054,384,5.210128307342529,2.244240774500231,0.02321914937049302,0.0,,gaussian,cpu,cpu,8,,float32,none,small,clean,medium,cpu,small_model__clean_data__medium_volume,0.02,32,adam,1e-05,orthogonal,68.3827133178711,14.688569068908691,-167.11813354492188,89.79174041748047,15.277976036071777,-2.7427957534790037,2.0126333236694336,1.9823718070983887,1.2398992776870728,7.200563430786133,167.72926330566406,0.18686822056770325,0.08889267966151237
55,2026-09-01 13:43:35,train,118,full_training,1.616358757019043,0.03026166930794716,10.0,1,0,0.01338945998577401,2.7783095836639404,2,32,1217,2304,relu,none,0.0,none,19472,xavier,3.998493274052938,2.7725577354431152,linear,118,3,0.094,512,2.007537364959717,1.7673929228786056,0.01981668363188704,0.0,,gaussian,cpu,cpu,8,,float32,none,small,clean,medium,cpu,small_model__clean_data__medium_volume,0.02,32,adam,1e-05,xavier,85.53611755371094,12.40086841583252,-52.92656326293945,55.32175064086914,12.33680534362793,49.75107841491699,2.3624978065490723,2.2114455699920654,1.2945556640625,4.19682502746582,40.440208435058594,0.17894870042800903,0.09055845811963081
56,2026-09-01 13:43:35,train,118,full_training,1.0340297222137451,0.04638560116291046,18.0,1,0,0.014792968024266884,2.49987530708313,2,32,1217,2304,relu,none,0.0,none,19472,he,5.3281480471293134,2.563436269760132,linear,118,3,0.094,512,2.007537364959717,1.7673929228786056,0.01981668363188704,0.0,,gaussian,cpu,cpu,8,,float32,none,small,clean,medium,cpu,small_model__clean_data__medium_volume,0.02,32,adam,1e-05,he,247.24282836914062,28.81235122680664,-125.78546142578125,55.32175064086914,12.33680534362793,227.3985168457031,2.3624978065490723,2.2114453315734863,3.1266489028930664,7.312320232391357,133.96481323242188,0.43220221996307373,0.528257742524147
57,2026-09-01 13:43:35,train,118,full_training,2.1050784587860107,0.049960315227508545,21.0,1,0,0.021381558006396517,4.112216472625732,2,32,1217,2304,relu,none,0.0,none,19472,orthogonal,3.8164965311686196,3.016789674758911,linear,118,3,0.094,512,2.007537364959717,1.7673929228786056,0.01981668363188704,0.0,,gaussian,cpu,cpu,8,,float32,none,small,clean,medium,cpu,small_model__clean_data__medium_volume,0.02,32,adam,1e-05,orthogonal,53.49358367919922,11.769330978393555,-36.024471282958984,49.90318298339844,12.36128044128418,29.101087760925292,1.81197988986969,1.7514972686767578,1.2374391555786133,3.6612625122070312,27.223920822143555,0.18903299421072006,0.08577866479754448
58,2026-09-01 13:43:35,train,119,full_training,2.0957911014556885,0.04418618232011795,225.0,1,0,0.2175004550081212,6.696568012237549,2,32,1313,2496,relu,none,0.0,none,21008,xavier,4.628277778625488,2.699293613433838,nonlinear_interaction,119,6,0.054,768,1.9664058685302734,1.7570422553188172,0.02637845980702859,0.0,,gaussian,cpu,cpu,8,,float32,none,small,clean,high,cpu,small_model__clean_data__high_volume,0.02,32,adam,1e-05,xavier,180.12289428710938,7.074799060821533,-12.723749160766602,100.73735809326172,17.70661163330078,30.591594696044922,5.3104166984558105,4.816425323486328,1.9254885911941528,1.9114238023757935,60.826351165771484,0.2717776894569397,0.18661419302225113
59,2026-09-01 13:43:35,train,119,full_training,2.0265495777130127,0.042404964566230774,257.0,1,0,0.21493572898907587,6.945370197296143,2,32,1313,2496,relu,none,0.0,none,21008,he,5.945054133733113,3.1431682109832764,nonlinear_interaction,119,6,0.054,768,1.9664058685302734,1.7570422553188172,0.02637845980702859,0.0,,gaussian,cpu,cpu,8,,float32,none,small,clean,high,cpu,small_model__clean_data__high_volume,0.02,32,adam,1e-05,he,383.60638427734375,16.274120330810547,-56.10684585571289,100.73735809326172,17.706615447998047,86.67090549468995,5.3104166984558105,4.816427230834961,3.426431894302368,3.428295612335205,288.138427734375,0.4836319088935852,0.5909449607133865
60,2026-09-01 13:43:36,train,119,full_training,2.4328553676605225,0.04003141075372696,109.0,1,0,0.09136005799518898,5.782047748565674,2,32,1313,2496,relu,none,0.0,none,21008,orthogonal,4.154700259367625,2.899160146713257,nonlinear_interaction,119,6,0.054,768,1.9664058685302734,1.7570422553188172,0.02637845980702859,0.0,,gaussian,cpu,cpu,8,,float32,none,small,clean,high,cpu,small_model__clean_data__high_volume,0.02,32,adam,1e-05,orthogonal,108.75711059570312,5.940622329711914,-17.66810417175293,111.25391387939453,18.060152053833008,23.69185972213745,3.476560115814209,3.3785016536712646,1.4743244647979736,2.0927364826202393,35.17237091064453,0.23366723954677582,0.12434718012809753
61,2026-09-01 13:43:36,test,120,full_training,9.194311141967773,0.03504766523838043,189.0,1,0,0.16604073101188987,7.772634983062744,2,32,1345,2560,relu,none,0.0,none,21520,xavier,4.824894110361735,2.6007485389709473,nonlinear_product,120,7,0.074,768,4.2228922843933105,2.139198667571713,0.02870877287449197,0.0,,gaussian,cpu,cpu,8,,float32,none,small,clean,high,cpu,small_model__clean_data__high_volume,0.02,32,adam,1e-05,xavier,222.52198791503906,69.35545349121094,-2718.1142578125,111.59940338134766,17.990694046020508,121.83194313049316,6.842350006103516,5.973400592803955,2.261056900024414,22.749364852905273,2768.712890625,0.3190360367298126,0.24686487019062042
62,2026-09-01 13:43:36,test,120,full_training,13.279655456542969,0.04041774570941925,314.0,1,0,0.2768120349792298,7.791108131408691,2,32,1345,2560,relu,none,0.0,none,21520,he,6.084149400393168,3.0874176025390625,nonlinear_product,120,7,0.074,768,4.2228922843933105,2.139198667571713,0.02870877287449197,0.0,,gaussian,cpu,cpu,8,,float32,none,small,clean,high,cpu,small_model__clean_data__high_volume,0.02,32,adam,1e-05,he,444.48486328125,182.15127563476562,-15806.4169921875,111.59940338134766,17.990694046020508,360.5442169189453,6.842350959777832,5.9734015464782715,3.773808240890503,49.38151931762695,8780.884765625,0.5324858129024506,0.6876950562000275
63,2026-09-01 13:43:36,test,120,full_training,7.508945465087891,0.04864679276943207,165.0,1,0,0.15364242100622505,8.196394920349121,2,32,1345,2560,relu,none,0.0,none,21520,orthogonal,4.247219244639079,2.8800108432769775,nonlinear_product,120,7,0.074,768,4.2228922843933105,2.139198667571713,0.02870877287449197,0.0,,gaussian,cpu,cpu,8,,float32,none,small,clean,high,cpu,small_model__clean_data__high_volume,0.02,32,adam,1e-05,orthogonal,111.43936157226562,34.42353439331055,-1042.680908203125,113.40743255615234,19.244054794311523,91.3153076171875,4.004215240478516,3.6308987140655518,1.545770525932312,15.14452075958252,1004.186279296875,0.2726845443248749,0.15656842291355133
64,2026-09-01 13:43:36,train,121,full_training,0.7288388013839722,0.04586135596036911,10.0,1,0,0.008533162996172905,2.7535886764526367,2,32,1185,2240,relu,none,0.0,none,18960,xavier,3.9327030579249063,2.911090850830078,linear,121,2,0.065,768,1.9745866060256958,1.7591180647243057,0.050696254838665224,0.0,,gaussian,cpu,cpu,8,,float32,none,small,clean,high,cpu,small_model__clean_data__high_volume,0.02,32,adam,1e-05,xavier,58.31831359863281,8.692087173461914,-29.121315002441406,-167.3564453125,7.253757476806641,10.344440174102782,1.8399189710617065,1.356906533241272,1.2682015895843506,3.019925355911255,51.356483459472656,0.1288967877626419,0.05980626866221428
65,2026-09-01 13:43:37,train,121,full_training,0.5591950416564941,0.04904920607805252,8.0,1,0,0.007224925007903948,1.6201386451721191,2,32,1185,2240,relu,none,0.0,none,18960,he,5.592296163241069,2.8417537212371826,linear,121,2,0.065,768,1.9745866060256958,1.7591180647243057,0.050696254838665224,0.0,,gaussian,cpu,cpu,8,,float32,none,small,clean,high,cpu,small_model__clean_data__high_volume,0.02,32,adam,1e-05,he,203.48391723632812,22.269821166992188,-187.0915069580078,-167.3564453125,7.253757476806641,179.42235040664673,1.839918851852417,1.356906533241272,3.697411298751831,6.948977947235107,367.3319396972656,0.37579549849033356,0.5083533078432083
66,2026-09-01 13:43:37,train,121,full_training,0.7871189713478088,0.0462174229323864,10.0,1,0,0.012509640015196055,2.9057257175445557,2,32,1185,2240,relu,none,0.0,none,18960,orthogonal,3.666666487852732,3.0912060737609863,linear,121,2,0.065,768,1.9745866060256958,1.7591180647243057,0.050696254838665224,0.0,,gaussian,cpu,cpu,8,,float32,none,small,clean,high,cpu,small_model__clean_data__high_volume,0.02,32,adam,1e-05,orthogonal,35.72531509399414,6.086523056030273,-17.571508407592773,-155.12791442871094,7.135117053985596,-1.061682891845703,1.330599069595337,1.3075222969055176,1.0949856042861938,2.2548975944519043,32.02168655395508,0.11778870970010757,0.0449689831584692
67,2026-09-01 13:43:37,train,122,full_training,2.706831455230713,0.048933908343315125,150.0,1,0,0.21622278899303637,6.447810173034668,2,32,1377,2624,relu,none,0.0,none,22032,xavier,4.944721817970276,2.613090753555298,nonlinear_interaction,122,8,0.064,512,1.8375557661056519,1.7231566834773582,0.03235764984075255,0.0,,gaussian,cpu,cpu,8,,float32,none,small,clean,medium,cpu,small_model__clean_data__medium_volume,0.02,32,adam,1e-05,xavier,284.1978759765625,22.66357421875,-319.12841796875,112.91358184814453,17.196941375732422,49.530396461486816,19.641698837280273,12.427212715148926,2.4939701557159424,7.229669570922852,289.6822509765625,0.3213825076818466,0.27708522975444794
68,2026-09-01 13:43:37,train,122,full_training,4.633255481719971,0.048124052584171295,134.0,1,0,0.1252747290127445,6.012585163116455,2,32,1377,2624,relu,none,0.0,none,22032,he,6.131039500236511,3.138056993484497,nonlinear_interaction,122,8,0.064,512,1.8375557661056519,1.7231566834773582,0.03235764984075255,0.0,,gaussian,cpu,cpu,8,,float32,none,small,clean,medium,cpu,small_model__clean_data__medium_volume,0.02,32,adam,1e-05,he,537.7823486328125,60.471641540527344,-1896.103759765625,112.91358184814453,17.196937561035156,123.09169235229493,19.6417236328125,12.427197456359863,3.9433131217956543,16.018339157104492,1083.5828857421875,0.5081503987312317,0.6927130818367004
69,2026-09-01 13:43:37,train,122,full_training,2.193772792816162,0.03759388625621796,89.0,1,0,0.08708546802517958,6.140676498413086,2,32,1377,2624,relu,none,0.0,none,22032,orthogonal,4.333333333333333,2.8674416542053223,nonlinear_interaction,122,8,0.064,512,1.8375557661056519,1.7231566834773582,0.03235764984075255,0.0,,gaussian,cpu,cpu,8,,float32,none,small,clean,medium,cpu,small_model__clean_data__medium_volume,0.02,32,adam,1e-05,orthogonal,140.87918090820312,11.297752380371094,-109.31057739257812,112.99348449707031,18.64556121826172,44.49419059753418,5.800681114196777,5.1092047691345215,1.54963219165802,4.530435085296631,138.57606506347656,0.2728314846754074,0.17169468849897385
70,2026-09-01 13:43:37,train,123,full_training,7.565255165100098,0.049508653581142426,163.0,1,0,0.16753007998340763,6.431514263153076,2,32,1217,2304,relu,none,0.0,none,19472,xavier,3.998493274052938,2.7725577354431152,nonlinear_product,123,3,0.08,768,5.356934070587158,2.258134438040257,0.02532337812379011,0.0,,gaussian,cpu,cpu,8,,float32,none,small,clean,high,cpu,small_model__clean_data__high_volume,0.02,32,adam,1e-05,xavier,85.53611755371094,22.094467163085938,-257.4178771972656,48.296791076660156,11.881487846374512,20.124691009521484,2.4107964038848877,2.2924115657806396,1.3192806243896484,8.941706657409668,491.4734802246094,0.1420404016971588,0.05852394178509712
71,2026-09-01 13:43:38,train,123,full_training,7.449880123138428,0.04813200607895851,211.0,1,0,0.29229509600554593,6.179826259613037,2,32,1217,2304,relu,none,0.0,none,19472,he,5.3281480471293134,2.563436269760132,nonlinear_product,123,3,0.08,768,5.356934070587158,2.258134438040257,0.02532337812379011,0.0,,gaussian,cpu,cpu,8,,float32,none,small,clean,high,cpu,small_model__clean_data__high_volume,0.02,32,adam,1e-05,he,247.24282836914062,59.92972183227539,-1244.29931640625,48.296791076660156,11.881487846374512,117.71100406646728,2.4107961654663086,2.292412042617798,3.1863653659820557,18.814973831176758,2425.303466796875,0.3430601954460144,0.3413897007703781
72,2026-09-01 13:43:38,train,123,full_training,6.496826171875,0.03886782377958298,203.0,1,0,0.18676955299451947,7.168177127838135,2,32,1217,2304,relu,none,0.0,none,19472,orthogonal,3.8164965311686196,3.016789674758911,nonlinear_product,123,3,0.08,768,5.356934070587158,2.258134438040257,0.02532337812379011,0.0,,gaussian,cpu,cpu,8,,float32,none,small,clean,high,cpu,small_model__clean_data__high_volume,0.02,32,adam,1e-05,orthogonal,53.49358367919922,16.12177848815918,-137.4222412109375,41.693626403808594,12.118642807006836,-4.61395492553711,1.7957978248596191,1.7013288736343384,1.2034233808517456,7.144822120666504,301.4844970703125,0.14874020218849182,0.05376480706036091
73,2026-09-01 13:43:38,train,124,full_training,1.490983009338379,0.04465317726135254,22.0,1,0,0.027212524000788108,3.4468894004821777,2,32,1249,2368,relu,none,0.0,none,19984,xavier,4.106595436731975,2.8521344661712646,linear,124,4,0.164,384,2.0406341552734375,1.775568843193267,0.03425815617174718,0.0,,gaussian,cpu,cpu,8,,float32,none,small,moderate,medium,cpu,small_model__moderate_data__medium_volume,0.02,32,adam,1e-05,xavier,88.71050262451172,9.049654006958008,-16.737125396728516,68.43195343017578,14.280282974243164,43.1771785736084,3.4114608764648438,3.2123210430145264,1.6302857398986816,2.8045032024383545,34.99249267578125,0.1936294361948967,0.10276666656136513
74,2026-09-01 13:43:38,train,124,full_training,1.0407657623291016,0.04961105063557625,26.0,1,0,0.035550082015106454,3.34787654876709,2,32,1249,2368,relu,none,0.0,none,19984,he,5.400059739748637,2.908212184906006,linear,124,4,0.164,384,2.0406341552734375,1.775568843193267,0.03425815617174718,0.0,,gaussian,cpu,cpu,8,,float32,none,small,moderate,medium,cpu,small_model__moderate_data__medium_volume,0.02,32,adam,1e-05,he,225.21484375,17.235881805419922,-67.11006927490234,68.43195343017578,14.280282974243164,104.5029525756836,3.4114608764648438,3.212320566177368,3.4583582878112793,4.0253801345825195,79.14061737060547,0.41075003147125244,0.46244996786117554
75,2026-09-01 13:43:38,train,124,full_training,2.1135387420654297,0.03467043489217758,28.0,1,0,0.02575400998466648,3.905384063720703,2,32,1249,2368,relu,none,0.0,none,19984,orthogonal,3.9428090254465737,2.9643869400024414,linear,124,4,0.164,384,2.0406341552734375,1.775568843193267,0.03425815617174718,0.0,,gaussian,cpu,cpu,8,,float32,none,small,moderate,medium,cpu,small_model__moderate_data__medium_volume,0.02,32,adam,1e-05,orthogonal,68.3827133178711,9.036859512329102,-29.357418060302734,91.03823852539062,15.56056022644043,42.35469465255737,2.086106300354004,2.0397093296051025,1.2480919361114502,2.970400333404541,35.59828567504883,0.17706023901700974,0.07681936770677567
76,2026-09-01 13:43:38,train,125,full_training,2.110644578933716,0.048983555287122726,73.0,1,0,0.07885856498614885,5.497148036956787,2,32,1281,2432,relu,none,0.0,none,20496,xavier,4.337605396906535,2.741262674331665,nonlinear_interaction,125,5,0.067,512,1.7672736644744873,1.7036575614763825,0.021876697988372978,0.0,,gaussian,cpu,cpu,8,,float32,none,small,clean,medium,cpu,small_model__clean_data__medium_volume,0.02,32,adam,1e-05,xavier,116.72314453125,11.076645851135254,-44.87848663330078,100.72754669189453,17.418058395385742,56.79017400741577,3.788422107696533,3.214451789855957,1.7105247974395752,3.172537088394165,92.29722595214844,0.2321529984474182,0.14789597690105438
77,2026-09-01 13:43:38,train,125,full_training,3.9312148094177246,0.036219172179698944,78.0,1,0,0.07305302799795754,5.087487697601318,2,32,1281,2432,relu,none,0.0,none,20496,he,5.668473839759827,3.066263437271118,nonlinear_interaction,125,5,0.067,512,1.7672736644744873,1.7036575614763825,0.021876697988372978,0.0,,gaussian,cpu,cpu,8,,float32,none,small,clean,medium,cpu,small_model__clean_data__medium_volume,0.02,32,adam,1e-05,he,268.70367431640625,33.973995208740234,-498.6511535644531,100.72754669189453,17.418062210083008,165.03291549682618,3.788422107696533,3.214451789855957,3.290259838104248,8.0922269821167,373.8601379394531,0.4465551823377609,0.5472151339054108
78,2026-09-01 13:43:38,train,125,full_training,1.6186809539794922,0.038301732391119,79.0,1,0,0.07158731398521923,5.722728729248047,2,32,1281,2432,relu,none,0.0,none,20496,orthogonal,4.054092566172282,2.926488161087036,nonlinear_interaction,125,5,0.067,512,1.7672736644744873,1.7036575614763825,0.021876697988372978,0.0,,gaussian,cpu,cpu,8,,float32,none,small,clean,medium,cpu,small_model__clean_data__medium_volume,0.02,32,adam,1e-05,orthogonal,84.57994079589844,7.316396713256836,-24.063438415527344,86.27992248535156,16.753786087036133,42.79117050170898,2.6702470779418945,2.495260715484619,1.3068079948425293,2.864539861679077,56.975914001464844,0.19546696543693542,0.10208047926425934
79,2026-09-01 13:43:39,train,126,full_training,9.419053077697754,0.04995451122522354,257.0,1,0,0.25108037499012426,8.414608001708984,2,32,1345,2560,relu,none,0.0,none,21520,xavier,4.824894110361735,2.6007485389709473,nonlinear_product,126,7,0.018,768,4.9530930519104,2.218944653409331,0.028715913889827114,0.0,,gaussian,cpu,cpu,8,,float32,none,small,clean,high,cpu,small_model__clean_data__high_volume,0.02,32,adam,1e-05,xavier,222.52198791503906,57.15509033203125,-1788.293212890625,113.76073455810547,18.842639923095703,146.5914093017578,7.23049783706665,6.334348678588867,2.145599842071533,17.716032028198242,476.0997619628906,0.3261631429195404,0.28685110807418823
80,2026-09-01 13:43:39,train,126,full_training,15.325443267822266,0.04288800433278084,413.0,1,0,0.48572089901426807,8.414070129394531,2,32,1345,2560,relu,none,0.0,none,21520,he,6.084149400393168,3.0874176025390625,nonlinear_product,126,7,0.018,768,4.9530930519104,2.218944653409331,0.028715913889827114,0.0,,gaussian,cpu,cpu,8,,float32,none,small,clean,high,cpu,small_model__clean_data__high_volume,0.02,32,adam,1e-05,he,444.48486328125,158.10726928710938,-11897.6396484375,113.76073455810547,18.842636108398438,389.82317504882815,7.230499267578125,6.334354400634766,3.5811045169830322,40.9368782043457,3430.72607421875,0.5443812906742096,0.7990852892398834
81,2026-09-01 13:43:40,train,126,full_training,7.387978553771973,0.047214340418577194,285.0,1,0,0.30416481400607154,9.572249412536621,2,32,1345,2560,relu,none,0.0,none,21520,orthogonal,4.247219244639079,2.8800108432769775,nonlinear_product,126,7,0.018,768,4.9530930519104,2.218944653409331,0.028715913889827114,0.0,,gaussian,cpu,cpu,8,,float32,none,small,clean,high,cpu,small_model__clean_data__high_volume,0.02,32,adam,1e-05,orthogonal,111.43936157226562,28.730361938476562,-722.7232055664062,117.10244750976562,19.184785842895508,118.22668685913087,4.66295862197876,4.027344703674316,1.5317085981369019,12.1453218460083,138.3482208251953,0.2843557447195053,0.17578347027301788
82,2026-09-01 13:43:40,train,127,full_training,1.5987138748168945,0.047246623784303665,41.0,1,0,0.035817850002786145,3.604753255844116,2,32,1185,2240,relu,none,0.0,none,18960,xavier,3.9327030579249063,2.911090850830078,linear,127,2,0.274,256,1.9315621852874756,1.7481030821746053,0.04575942023888008,0.0,,gaussian,cpu,cpu,8,,float32,none,small,noisy,low,cpu,small_model__noisy_data__low_volume,0.02,32,adam,1e-05,xavier,58.31831359863281,9.329681396484375,-30.210447311401367,-122.93316650390625,7.110849857330322,19.429045486450196,1.914847731590271,1.468858242034912,1.26321280002594,3.1513118743896484,89.1632308959961,0.12368109077215195,0.05891825072467327
83,2026-09-01 13:43:40,train,127,full_training,1.5344960689544678,0.04433668032288551,31.0,1,0,0.030093342997133732,2.713067054748535,2,32,1185,2240,relu,none,0.0,none,18960,he,5.592296163241069,2.8417537212371826,linear,127,2,0.274,256,1.9315621852874756,1.7481030821746053,0.04575942023888008,0.0,,gaussian,cpu,cpu,8,,float32,none,small,noisy,low,cpu,small_model__noisy_data__low_volume,0.02,32,adam,1e-05,he,203.48391723632812,22.587141036987305,-145.37132263183594,-122.93316650390625,7.110848903656006,208.09697723388672,1.91484797000885,1.4688584804534912,3.6828665733337402,6.728071212768555,589.6206665039062,0.3605892211198807,0.500805139541626
84,2026-09-01 13:43:40,train,127,full_training,1.477022409439087,0.046572573482990265,41.0,1,0,0.03395478997845203,3.6659445762634277,2,32,1185,2240,relu,none,0.0,none,18960,orthogonal,3.666666487852732,3.0912060737609863,linear,127,2,0.274,256,1.9315621852874756,1.7481030821746053,0.04575942023888008,0.0,,gaussian,cpu,cpu,8,,float32,none,small,noisy,low,cpu,small_model__noisy_data__low_volume,0.02,32,adam,1e-05,orthogonal,35.72531509399414,6.316391468048096,-17.064777374267578,-163.02841186523438,7.133748531341553,5.193387603759765,1.3261274099349976,1.2973425388336182,1.0751190185546875,2.2853779792785645,43.654441833496094,0.11278015747666359,0.04276014864444733
85,2026-09-01 13:43:40,train,128,full_training,1.2843313217163086,0.04803738743066788,93.0,1,0,0.08269365498563275,5.836333751678467,2,32,1281,2432,relu,none,0.0,none,20496,xavier,4.337605396906535,2.741262674331665,nonlinear_interaction,128,5,0.122,512,1.9182753562927246,1.744651798424074,0.03874893834657822,0.0,,gaussian,cpu,cpu,8,,float32,none,small,moderate,medium,cpu,small_model__moderate_data__medium_volume,0.02,32,adam,1e-05,xavier,116.72314453125,7.381561756134033,-31.414329528808594,96.12146759033203,16.363422393798828,52.11298885345459,4.043251037597656,3.691624164581299,1.7416404485702515,2.2390177249908447,94.91792297363281,0.24265138804912567,0.17812687158584595
86,2026-09-01 13:43:40,train,128,full_training,2.5500922203063965,0.033248379826545715,123.0,1,0,0.11700646797544323,5.577502727508545,2,32,1281,2432,relu,none,0.0,none,20496,he,5.668473839759827,3.066263437271118,nonlinear_interaction,128,5,0.122,512,1.9182753562927246,1.744651798424074,0.03874893834657822,0.0,,gaussian,cpu,cpu,8,,float32,none,small,moderate,medium,cpu,small_model__moderate_data__medium_volume,0.02,32,adam,1e-05,he,268.70367431640625,32.48054504394531,-820.8422241210938,96.12146759033203,16.363418579101562,182.24696731567383,4.043251037597656,3.69162654876709,3.350112199783325,8.803574562072754,741.9932861328125,0.46674928069114685,0.6590694785118103
87,2026-09-01 13:43:40,train,128,full_training,1.112920880317688,0.03403252735733986,123.0,1,0,0.11851398801081814,6.094252109527588,2,32,1281,2432,relu,none,0.0,none,20496,orthogonal,4.054092566172282,2.926488161087036,nonlinear_interaction,128,5,0.122,512,1.9182753562927246,1.744651798424074,0.03874893834657822,0.0,,gaussian,cpu,cpu,8,,float32,none,small,moderate,medium,cpu,small_model__moderate_data__medium_volume,0.02,32,adam,1e-05,orthogonal,84.57994079589844,5.537394046783447,-10.642658233642578,88.75894927978516,16.813203811645508,30.558966827392577,2.9879753589630127,2.7849478721618652,1.310788869857788,1.9493260383605957,83.7752914428711,0.19906994700431824,0.1089860275387764
88,2026-09-01 13:43:41,train,129,full_training,7.525400161743164,0.04949977248907089,401.0,1,0,0.3818685330043081,8.419958114624023,2,32,1345,2560,relu,none,0.0,none,21520,xavier,4.824894110361735,2.6007485389709473,nonlinear_product,129,7,0.26,512,4.186886787414551,2.1349172570054713,0.030650894849597904,0.0,,gaussian,cpu,cpu,8,,float32,none,small,noisy,medium,cpu,small_model__noisy_data__medium_volume,0.02,32,adam,1e-05,xavier,222.52198791503906,49.80224609375,-1560.5111083984375,114.08379364013672,17.691930770874023,116.61829681396485,7.652378082275391,6.000646591186523,2.1516270637512207,15.903141975402832,1054.2801513671875,0.30394960939884186,0.2486255243420601
89,2026-09-01 13:43:41,train,129,full_training,12.490639686584473,0.04515102133154869,467.0,1,0,0.44342576601775363,8.605977058410645,2,32,1345,2560,relu,none,0.0,none,21520,he,6.084149400393168,3.0874176025390625,nonlinear_product,129,7,0.26,512,4.186886787414551,2.1349172570054713,0.030650894849597904,0.0,,gaussian,cpu,cpu,8,,float32,none,small,noisy,medium,cpu,small_model__noisy_data__medium_volume,0.02,32,adam,1e-05,he,444.48486328125,146.6254425048828,-11505.9501953125,114.08379364013672,17.691930770874023,318.6950148582458,7.652378082275391,6.000643730163574,3.5911643505096436,39.080379486083984,6041.69140625,0.5073058605194092,0.69259974360466
90,2026-09-01 13:43:42,train,129,full_training,5.904609203338623,0.043453969061374664,458.0,1,0,0.4087427760241553,10.035472869873047,2,32,1345,2560,relu,none,0.0,none,21520,orthogonal,4.247219244639079,2.8800108432769775,nonlinear_product,129,7,0.26,512,4.186886787414551,2.1349172570054713,0.030650894849597904,0.0,,gaussian,cpu,cpu,8,,float32,none,small,noisy,medium,cpu,small_model__noisy_data__medium_volume,0.02,32,adam,1e-05,orthogonal,111.43936157226562,23.266281127929688,-498.931884765625,117.24644470214844,18.889991760253906,96.0953462600708,4.081765174865723,3.7379331588745117,1.5563181638717651,9.790321350097656,389.9642028808594,0.26491864770650864,0.14907953143119812
91,2026-09-01 13:43:42,train,130,full_training,3.373918294906616,0.04525141045451164,33.0,1,0,0.035252714005764574,4.751551151275635,2,32,1313,2496,relu,none,0.0,none,21008,xavier,4.628277778625488,2.699293613433838,linear,130,6,0.128,768,2.2643818855285645,1.8275894449397314,0.026896346416769006,0.0,,gaussian,cpu,cpu,8,,float32,none,small,moderate,high,cpu,small_model__moderate_data__high_volume,0.02,32,adam,1e-05,xavier,180.12289428710938,10.367376327514648,-42.114990234375,101.29715728759766,17.704879760742188,11.460661697387696,5.2700371742248535,5.11829948425293,1.8199052810668945,3.136136054992676,52.077247619628906,0.2503562569618225,0.16961290687322617
92,2026-09-01 13:43:42,train,130,full_training,3.761467933654785,0.04205155000090599,25.0,1,0,0.025590161996660754,4.1372270584106445,2,32,1313,2496,relu,none,0.0,none,21008,he,5.945054133733113,3.1431682109832764,linear,130,6,0.128,768,2.2643818855285645,1.8275894449397314,0.026896346416769006,0.0,,gaussian,cpu,cpu,8,,float32,none,small,moderate,high,cpu,small_model__moderate_data__high_volume,0.02,32,adam,1e-05,he,383.60638427734375,25.212467193603516,-212.57565307617188,101.29715728759766,17.704872131347656,55.65227127075195,5.270037651062012,5.118302822113037,3.2385449409484863,6.253562927246094,270.0999450683594,0.44551219046115875,0.5371075570583344
93,2026-09-01 13:43:42,train,130,full_training,3.7836079597473145,0.04423810541629791,28.0,1,0,0.03369899801327847,4.954171180725098,2,32,1313,2496,relu,none,0.0,none,21008,orthogonal,4.154700259367625,2.899160146713257,linear,130,6,0.128,768,2.2643818855285645,1.8275894449397314,0.026896346416769006,0.0,,gaussian,cpu,cpu,8,,float32,none,small,moderate,high,cpu,small_model__moderate_data__high_volume,0.02,32,adam,1e-05,orthogonal,108.75711059570312,6.245029926300049,-23.58260726928711,114.82186889648438,18.07647132873535,13.665900611877442,3.8598146438598633,3.760152816772461,1.4120842218399048,2.406620502471924,24.06058692932129,0.2068127915263176,0.10656708851456642
94,2026-09-01 13:43:42,test,131,full_training,1.3038142919540405,0.04989052936434746,57.0,1,0,0.06318812898825854,5.390575408935547,2,32,1313,2496,relu,none,0.0,none,21008,xavier,4.628277778625488,2.699293613433838,nonlinear_interaction,131,6,0.112,256,1.7960689067840576,1.711738701179817,0.06695446084211151,0.0,,gaussian,cpu,cpu,8,,float32,none,small,moderate,low,cpu,small_model__moderate_data__low_volume,0.02,32,adam,1e-05,xavier,180.12289428710938,8.198803901672363,-28.180723190307617,100.01435089111328,17.255380630493164,34.09504356384277,5.270488262176514,5.002374172210693,1.8924684524536133,2.5413289070129395,151.72181701660156,0.2703080102801323,0.1992664933204651
95,2026-09-01 13:43:42,test,131,full_training,1.6147013902664185,0.04791758954524994,95.0,1,0,0.09381854798994027,5.418042182922363,2,32,1313,2496,relu,none,0.0,none,21008,he,5.945054133733113,3.1431682109832764,nonlinear_interaction,131,6,0.112,256,1.7960689067840576,1.711738701179817,0.06695446084211151,0.0,,gaussian,cpu,cpu,8,,float32,none,small,moderate,low,cpu,small_model__moderate_data__low_volume,0.02,32,adam,1e-05,he,383.60638427734375,20.697994232177734,-148.2760772705078,100.01435089111328,17.2553768157959,97.17301387786866,5.270487308502197,5.002374649047852,3.3676724433898926,5.225020408630371,634.2874755859375,0.4810166358947754,0.6310105621814728
96,2026-09-01 13:43:42,test,131,full_training,1.4144679307937622,0.04818746820092201,66.0,1,0,0.06327710501500405,5.868872165679932,2,32,1313,2496,relu,none,0.0,none,21008,orthogonal,4.154700259367625,2.899160146713257,nonlinear_interaction,131,6,0.112,256,1.7960689067840576,1.711738701179817,0.06695446084211151,0.0,,gaussian,cpu,cpu,8,,float32,none,small,moderate,low,cpu,small_model__moderate_data__low_volume,0.02,32,adam,1e-05,orthogonal,108.75711059570312,6.049498081207275,-25.155338287353516,114.52711486816406,17.72294807434082,21.034634590148926,3.615614652633667,3.428149938583374,1.437192440032959,2.4249184131622314,119.5915298461914,0.22194109112024307,0.12572678923606873
97,2026-09-01 13:43:42,test,132,full_training,4.273661136627197,0.026786167174577713,98.0,1,0,0.0888802130066324,6.458377361297607,2,32,1313,2496,relu,none,0.0,none,21008,xavier,4.628277778625488,2.699293613433838,nonlinear_product,132,6,0.047,256,4.013850212097168,2.1138139998594,0.04461113327529472,0.0,,gaussian,cpu,cpu,8,,float32,none,small,clean,low,cpu,small_model__clean_data__low_volume,0.02,32,adam,1e-05,xavier,180.12289428710938,30.34751319885254,-566.9495849609375,105.05793762207031,17.39305877685547,122.56981925964355,4.957059860229492,4.48477029800415,1.8512322902679443,12.722823143005371,2066.1015625,0.27141349017620087,0.2012241706252098
98,2026-09-01 13:43:42,test,132,full_training,3.5310213565826416,0.04404928535223007,130.0,1,0,0.11346137899090536,6.195211410522461,2,32,1313,2496,relu,none,0.0,none,21008,he,5.945054133733113,3.1431682109832764,nonlinear_product,132,6,0.047,256,4.013850212097168,2.1138139998594,0.04461113327529472,0.0,,gaussian,cpu,cpu,8,,float32,none,small,clean,low,cpu,small_model__clean_data__low_volume,0.02,32,adam,1e-05,he,383.60638427734375,61.74953079223633,-1943.3790283203125,105.05793762207031,17.39305877685547,232.60231704711913,4.957059860229492,4.48477029800415,3.2942919731140137,22.47907829284668,6889.5673828125,0.48298387229442596,0.6372098922729492
99,2026-09-01 13:43:42,test,132,full_training,5.26651668548584,0.03997967019677162,98.0,1,0,0.09232413000427186,6.78236722946167,2,32,1313,2496,relu,none,0.0,none,21008,orthogonal,4.154700259367625,2.899160146713257,nonlinear_product,132,6,0.047,256,4.013850212097168,2.1138139998594,0.04461113327529472,0.0,,gaussian,cpu,cpu,8,,float32,none,small,clean,low,cpu,small_model__clean_data__low_volume,0.02,32,adam,1e-05,orthogonal,108.75711059570312,20.267637252807617,-321.6549072265625,113.14047241210938,18.053668975830078,58.087898921966556,3.590775966644287,3.3206212520599365,1.3948355913162231,9.83767032623291,755.70166015625,0.22354601323604584,0.12512821704149246
100,2026-09-01 13:43:43,train,133,full_training,3.2745442390441895,0.02885640412569046,32.0,1,0,0.033182203012984246,4.78087043762207,2,32,1281,2432,relu,none,0.0,none,20496,xavier,4.337605396906535,2.741262674331665,linear,133,5,0.106,512,1.8152879476547241,1.71706058519417,0.03677915827938831,0.0,,gaussian,cpu,cpu,8,,float32,none,small,moderate,medium,cpu,small_model__moderate_data__medium_volume,0.02,32,adam,1e-05,xavier,116.72314453125,10.422597885131836,-84.60903930664062,99.34516906738281,16.03934669494629,63.87399826049805,4.063493728637695,3.666957378387451,1.7098890542984009,3.2427546977996826,51.60905456542969,0.24727307260036469,0.1751362383365631
101,2026-09-01 13:43:43,train,133,full_training,5.6220855712890625,0.04681376367807388,26.0,1,0,0.026408480014652014,4.284405708312988,2,32,1281,2432,relu,none,0.0,none,20496,he,5.668473839759827,3.066263437271118,linear,133,5,0.106,512,1.8152879476547241,1.71706058519417,0.03677915827938831,0.0,,gaussian,cpu,cpu,8,,float32,none,small,moderate,medium,cpu,small_model__moderate_data__medium_volume,0.02,32,adam,1e-05,he,268.70367431640625,43.861942291259766,-1386.529296875,99.34516906738281,16.039342880249023,196.2464277267456,4.063493728637695,3.666957139968872,3.2890372276306152,12.127813339233398,419.5750427246094,0.4756391942501068,0.6480041146278381
102,2026-09-01 13:43:43,train,133,full_training,2.754582405090332,0.0469706691801548,17.0,1,0,0.01636621600482613,3.8431458473205566,2,32,1281,2432,relu,none,0.0,none,20496,orthogonal,4.054092566172282,2.926488161087036,linear,133,5,0.106,512,1.8152879476547241,1.71706058519417,0.03677915827938831,0.0,,gaussian,cpu,cpu,8,,float32,none,small,moderate,medium,cpu,small_model__moderate_data__medium_volume,0.02,32,adam,1e-05,orthogonal,84.57994079589844,5.054022312164307,-14.59732437133789,98.597900390625,17.054088592529297,45.48132858276367,2.868985652923584,2.723212957382202,1.3292899131774902,1.7627582550048828,37.80021667480469,0.19515399634838104,0.10383107513189316
103,2026-09-01 13:43:43,train,134,full_training,3.8217172622680664,0.04329964891076088,123.0,1,0,0.11016628702054732,6.057140827178955,2,32,1345,2560,relu,none,0.0,none,21520,xavier,4.824894110361735,2.6007485389709473,nonlinear_interaction,134,7,0.157,384,1.9665141105651855,1.7570697773725368,0.033811917810461556,0.0,,gaussian,cpu,cpu,8,,float32,none,small,moderate,medium,cpu,small_model__moderate_data__medium_volume,0.02,32,adam,1e-05,xavier,222.52198791503906,35.14737319946289,-769.4403076171875,114.48567199707031,17.383106231689453,136.25130386352538,9.962288856506348,6.017181396484375,2.1821393966674805,10.398653984069824,327.4763488769531,0.3256061524152756,0.2787482663989067
104,2026-09-01 13:43:43,train,134,full_training,8.833234786987305,0.046200066804885864,174.0,1,0,0.1606687480234541,6.23921537399292,2,32,1345,2560,relu,none,0.0,none,21520,he,6.084149400393168,3.0874176025390625,nonlinear_interaction,134,7,0.157,384,1.9665141105651855,1.7570697773725368,0.033811917810461556,0.0,,gaussian,cpu,cpu,8,,float32,none,small,moderate,medium,cpu,small_model__moderate_data__medium_volume,0.02,32,adam,1e-05,he,444.48486328125,111.85774230957031,-6960.7158203125,114.48567199707031,17.38311767578125,370.2553649902344,9.962291717529297,6.017178535461426,3.6420907974243164,28.641738891601562,2800.807861328125,0.543451577425003,0.7765130698680878
105,2026-09-01 13:43:43,train,134,full_training,2.8321380615234375,0.04264527186751366,80.0,1,0,0.06797452599857934,5.8466925621032715,2,32,1345,2560,relu,none,0.0,none,21520,orthogonal,4.247219244639079,2.8800108432769775,nonlinear_interaction,134,7,0.157,384,1.9665141105651855,1.7570697773725368,0.033811917810461556,0.0,,gaussian,cpu,cpu,8,,float32,none,small,moderate,medium,cpu,small_model__moderate_data__medium_volume,0.02,32,adam,1e-05,orthogonal,111.43936157226562,15.446707725524902,-243.35531616210938,114.61634826660156,18.6931095123291,77.33654479980468,4.3086748123168945,3.794621229171753,1.5465562343597412,6.405625820159912,103.62327575683594,0.2735689878463745,0.16563144326210022
106,2026-09-01 13:43:44,train,135,full_training,8.975555419921875,0.04171155393123627,530.0,1,0,0.4996424559794832,12.159412384033203,2,32,1281,2432,relu,none,0.0,none,20496,xavier,4.337605396906535,2.741262674331665,nonlinear_product,135,5,0.188,512,9.11685562133789,2.5240010163418938,0.04036128674643343,0.0,,gaussian,cpu,cpu,8,,float32,none,small,moderate,medium,cpu,small_model__moderate_data__medium_volume,0.02,32,adam,1e-05,xavier,116.72314453125,23.37900161743164,-197.44175720214844,106.22942352294922,16.454242706298828,67.0778694152832,3.843532085418701,3.573700189590454,1.7972947359085083,9.0587797164917,1588.6778564453125,0.24378447234630585,0.16352907568216324
107,2026-09-01 13:43:44,train,135,full_training,7.8071980476379395,0.047828979790210724,621.0,1,0,0.5389585460070521,13.048103332519531,2,32,1281,2432,relu,none,0.0,none,20496,he,5.668473839759827,3.066263437271118,nonlinear_product,135,5,0.188,512,9.11685562133789,2.5240010163418938,0.04036128674643343,0.0,,gaussian,cpu,cpu,8,,float32,none,small,moderate,medium,cpu,small_model__moderate_data__medium_volume,0.02,32,adam,1e-05,he,268.70367431640625,44.510337829589844,-281.04840087890625,106.22942352294922,16.454235076904297,224.18161163330078,3.843532085418701,3.5736985206604004,3.457165479660034,13.306289672851562,4765.29736328125,0.4689287841320038,0.6050576269626617
108,2026-09-01 13:43:45,train,135,full_training,9.46462345123291,0.047196656465530396,364.0,1,0,0.4447930550086312,10.198343276977539,2,32,1281,2432,relu,none,0.0,none,20496,orthogonal,4.054092566172282,2.926488161087036,nonlinear_product,135,5,0.188,512,9.11685562133789,2.5240010163418938,0.04036128674643343,0.0,,gaussian,cpu,cpu,8,,float32,none,small,moderate,medium,cpu,small_model__moderate_data__medium_volume,0.02,32,adam,1e-05,orthogonal,84.57994079589844,16.666446685791016,-146.33786010742188,98.93787384033203,17.092397689819336,27.548486375808714,2.8329880237579346,2.6710894107818604,1.3231868743896484,7.653797149658203,1350.0244140625,0.19331029802560806,0.10218453034758568
109,2026-09-01 13:43:45,train,136,full_training,2.5247445106506348,0.04255591705441475,21.0,1,0,0.03021699099917896,4.085918426513672,2,32,1313,2496,relu,none,0.0,none,21008,xavier,4.628277778625488,2.699293613433838,linear,136,6,0.129,256,2.3382134437561035,1.8436321093005483,0.05710975922379513,0.0,,gaussian,cpu,cpu,8,,float32,none,small,moderate,low,cpu,small_model__moderate_data__low_volume,0.02,32,adam,1e-05,xavier,180.12289428710938,12.16655445098877,-46.41616439819336,101.86710357666016,17.665313720703125,19.744379425048827,4.913520812988281,4.6601972579956055,1.8586406707763672,3.274958610534668,55.425662994384766,0.2786043882369995,0.2154802829027176
110,2026-09-01 13:43:45,train,136,full_training,2.7268338203430176,0.04447336122393608,36.0,1,0,0.03501368299475871,4.295556545257568,2,32,1313,2496,relu,none,0.0,none,21008,he,5.945054133733113,3.1431682109832764,linear,136,6,0.129,256,2.3382134437561035,1.8436321093005483,0.05710975922379513,0.0,,gaussian,cpu,cpu,8,,float32,none,small,moderate,low,cpu,small_model__moderate_data__low_volume,0.02,32,adam,1e-05,he,383.60638427734375,29.416702270507812,-243.2626495361328,101.86710357666016,17.66531753540039,73.19762420654297,4.913520812988281,4.660197734832764,3.3074750900268555,6.610306262969971,580.5648193359375,0.49578018486499786,0.6823542416095734
111,2026-09-01 13:43:45,train,136,full_training,2.8269176483154297,0.040657736361026764,32.0,1,0,0.038935869990382344,5.023231029510498,2,32,1313,2496,relu,none,0.0,none,21008,orthogonal,4.154700259367625,2.899160146713257,linear,136,6,0.129,256,2.3382134437561035,1.8436321093005483,0.05710975922379513,0.0,,gaussian,cpu,cpu,8,,float32,none,small,moderate,low,cpu,small_model__moderate_data__low_volume,0.02,32,adam,1e-05,orthogonal,108.75711059570312,8.476329803466797,-35.654441833496094,112.59175109863281,17.674640655517578,16.39880790710449,3.445358991622925,3.313832998275757,1.438348650932312,2.8802340030670166,22.473255157470703,0.23269476741552353,0.1348928064107895
112,2026-09-01 13:43:45,test,137,full_training,1.0868486166000366,0.04738829284906387,120.0,1,0,0.1392352470138576,5.810258865356445,2,32,1249,2368,relu,none,0.0,none,19984,xavier,4.106595436731975,2.8521344661712646,nonlinear_interaction,137,4,0.054,512,1.9732334613800049,1.7587753072846106,0.02954186026153761,0.0,,gaussian,cpu,cpu,8,,float32,none,small,clean,medium,cpu,small_model__clean_data__medium_volume,0.02,32,adam,1e-05,xavier,88.71050262451172,11.673948287963867,-70.36509704589844,70.3037338256836,13.863263130187988,38.3649097442627,3.102024793624878,2.975198268890381,1.6176645755767822,4.001501083374023,194.90467834472656,0.20615677535533905,0.12673839926719666
113,2026-09-01 13:43:45,test,137,full_training,3.11128306388855,0.032402992248535156,175.0,1,0,0.17222454398870468,5.925803184509277,2,32,1249,2368,relu,none,0.0,none,19984,he,5.400059739748637,2.908212184906006,nonlinear_interaction,137,4,0.054,512,1.9732334613800049,1.7587753072846106,0.02954186026153761,0.0,,gaussian,cpu,cpu,8,,float32,none,small,clean,medium,cpu,small_model__clean_data__medium_volume,0.02,32,adam,1e-05,he,225.21484375,39.220523834228516,-758.1083984375,70.3037338256836,13.863263130187988,118.3684211730957,3.102024793624878,2.97519850730896,3.431584596633911,10.452242851257324,1031.57470703125,0.43732455372810364,0.5703227519989014
114,2026-09-01 13:43:45,test,137,full_training,1.0486268997192383,0.03213274106383324,113.0,1,0,0.10896234100800939,6.001881122589111,2,32,1249,2368,relu,none,0.0,none,19984,orthogonal,3.9428090254465737,2.9643869400024414,nonlinear_interaction,137,4,0.054,512,1.9732334613800049,1.7587753072846106,0.02954186026153761,0.0,,gaussian,cpu,cpu,8,,float32,none,small,clean,medium,cpu,small_model__clean_data__medium_volume,0.02,32,adam,1e-05,orthogonal,68.3827133178711,10.104669570922852,-63.50811767578125,84.60526275634766,15.58775520324707,21.052418899536132,2.006582260131836,1.870443344116211,1.2575817108154297,3.8152801990509033,148.52743530273438,0.186498761177063,0.09158090129494667
115,2026-09-01 13:43:46,train,138,full_training,3.939302921295166,0.04981474205851555,122.0,1,0,0.11134137099725194,6.431124687194824,2,32,1249,2368,relu,none,0.0,none,19984,xavier,4.106595436731975,2.8521344661712646,nonlinear_product,138,4,0.115,512,2.701568603515625,1.915854817495135,0.03861691761413829,0.0,,gaussian,cpu,cpu,8,,float32,none,small,moderate,medium,cpu,small_model__moderate_data__medium_volume,0.02,32,adam,1e-05,xavier,88.71050262451172,21.245464324951172,-303.2115173339844,75.71315002441406,14.310002326965332,12.73558406829834,3.276080846786499,3.1661415100097656,1.6074695587158203,8.797050476074219,193.58139038085938,0.19805152714252472,0.10856325179338455
116,2026-09-01 13:43:46,train,138,full_training,5.874272346496582,0.04892591014504433,176.0,1,0,0.15931207101675682,6.323477268218994,2,32,1249,2368,relu,none,0.0,none,19984,he,5.400059739748637,2.908212184906006,nonlinear_product,138,4,0.115,512,2.701568603515625,1.915854817495135,0.03861691761413829,0.0,,gaussian,cpu,cpu,8,,float32,none,small,moderate,medium,cpu,small_model__moderate_data__medium_volume,0.02,32,adam,1e-05,he,225.21484375,64.22665405273438,-2370.126220703125,75.71315002441406,14.309999465942383,75.41501235961914,3.276081085205078,3.1661410331726074,3.4099576473236084,20.32662582397461,1351.2138671875,0.4201306849718094,0.4885345846414566
117,2026-09-01 13:43:46,train,138,full_training,3.5288445949554443,0.045790888369083405,138.0,1,0,0.12936523300595582,6.403139591217041,2,32,1249,2368,relu,none,0.0,none,19984,orthogonal,3.9428090254465737,2.9643869400024414,nonlinear_product,138,4,0.115,512,2.701568603515625,1.915854817495135,0.03861691761413829,0.0,,gaussian,cpu,cpu,8,,float32,none,small,moderate,medium,cpu,small_model__moderate_data__medium_volume,0.02,32,adam,1e-05,orthogonal,68.3827133178711,15.686290740966797,-165.99746704101562,85.00401306152344,15.533108711242676,1.5769739151000977,2.0692977905273438,1.9905411005020142,1.238237738609314,7.106342315673828,74.39741516113281,0.18329134583473206,0.08145269379019737
118,2026-09-01 13:43:46,train,139,full_training,2.054957151412964,0.04994931444525719,37.0,1,0,0.03670799301471561,3.6307997703552246,2,32,1185,2240,relu,none,0.0,none,18960,xavier,3.9327030579249063,2.911090850830078,linear,139,2,0.288,512,1.9845118522644043,1.7616250160254694,0.03018507770969829,0.0,,gaussian,cpu,cpu,8,,float32,none,small,noisy,medium,cpu,small_model__noisy_data__medium_volume,0.02,32,adam,1e-05,xavier,58.31831359863281,9.703944206237793,-27.622037887573242,-108.6239013671875,6.903243064880371,8.064552879333496,1.8239716291427612,1.3762353658676147,1.2258614301681519,3.351715564727783,30.515300750732422,0.11709689348936081,0.054813651368021965
119,2026-09-01 13:43:46,train,139,full_training,1.378700852394104,0.048077501356601715,114.0,1,0,0.10741351000615396,2.934329032897949,2,32,1185,2240,relu,none,0.0,none,18960,he,5.592296163241069,2.8417537212371826,linear,139,2,0.288,512,1.9845118522644043,1.7616250160254694,0.03018507770969829,0.0,,gaussian,cpu,cpu,8,,float32,none,small,noisy,medium,cpu,small_model__noisy_data__medium_volume,0.02,32,adam,1e-05,he,203.48391723632812,17.783672332763672,48.63825988769531,-108.6239013671875,6.903243064880371,180.86304664611816,1.8239716291427612,1.3762352466583252,3.573969602584839,4.656151294708252,167.6304168701172,0.3413931876420975,0.46591605246067047
120,2026-09-01 13:43:46,train,139,full_training,2.1642982959747314,0.04966355487704277,37.0,1,0,0.037424629990709946,3.818580389022827,2,32,1185,2240,relu,none,0.0,none,18960,orthogonal,3.666666487852732,3.0912060737609863,linear,139,2,0.288,512,1.9845118522644043,1.7616250160254694,0.03018507770969829,0.0,,gaussian,cpu,cpu,8,,float32,none,small,noisy,medium,cpu,small_model__noisy_data__medium_volume,0.02,32,adam,1e-05,orthogonal,35.72531509399414,6.695357799530029,-22.360004425048828,-120.18435668945312,7.228226661682129,-9.602167892456055,1.400977611541748,1.3643802404403687,1.0868576765060425,2.671138286590576,16.84825897216797,0.10553738474845886,0.038258008658885956
121,2026-09-01 13:43:46,train,140,full_training,1.3225603103637695,0.04495451599359512,41.0,1,0,0.04018402300425805,4.680019855499268,2,32,1249,2368,relu,none,0.0,none,19984,xavier,4.106595436731975,2.8521344661712646,nonlinear_interaction,140,4,0.009,256,1.582497477531433,1.648440673733646,0.029356492902319203,0.0,,gaussian,cpu,cpu,8,,float32,none,small,clean,low,cpu,small_model__clean_data__low_volume,0.02,32,adam,1e-05,xavier,88.71050262451172,12.554582595825195,-136.74977111816406,74.9027099609375,14.0032320022583,36.48327445983887,3.366986036300659,3.4100892543792725,1.644171953201294,5.109025478363037,181.9252471923828,0.20420603454113007,0.12352589890360832
122,2026-09-01 13:43:46,train,140,full_training,2.2517271041870117,0.04370661824941635,45.0,1,0,0.040591829019831493,4.3406901359558105,2,32,1249,2368,relu,none,0.0,none,19984,he,5.400059739748637,2.908212184906006,nonlinear_interaction,140,4,0.009,256,1.582497477531433,1.648440673733646,0.029356492902319203,0.0,,gaussian,cpu,cpu,8,,float32,none,small,clean,low,cpu,small_model__clean_data__low_volume,0.02,32,adam,1e-05,he,225.21484375,48.96525192260742,-1826.921875,74.9027099609375,14.003229141235352,119.26217374801635,3.366986036300659,3.4100894927978516,3.4878151416778564,15.506597518920898,1279.0999755859375,0.4331863969564438,0.5558665096759796
123,2026-09-01 13:43:46,train,140,full_training,1.369280219078064,0.02785840816795826,57.0,1,0,0.05637384401052259,5.224262714385986,2,32,1249,2368,relu,none,0.0,none,19984,orthogonal,3.9428090254465737,2.9643869400024414,nonlinear_interaction,140,4,0.009,256,1.582497477531433,1.648440673733646,0.029356492902319203,0.0,,gaussian,cpu,cpu,8,,float32,none,small,clean,low,cpu,small_model__clean_data__low_volume,0.02,32,adam,1e-05,orthogonal,68.3827133178711,10.81207275390625,-73.80846405029297,81.43358612060547,15.073762893676758,23.062313270568847,2.0391476154327393,1.9465076923370361,1.2284526824951172,4.052886009216309,141.5739288330078,0.18663061410188675,0.09214991703629494
124,2026-09-01 13:43:47,test,141,full_training,11.593159675598145,0.04925113171339035,571.0,1,0,0.6651661270007025,10.566035270690918,2,32,1345,2560,relu,none,0.0,none,21520,xavier,4.824894110361735,2.6007485389709473,nonlinear_product,141,7,0.234,768,4.520341396331787,2.173232293781563,0.026753035899944128,0.0,,gaussian,cpu,cpu,8,,float32,none,small,moderate,high,cpu,small_model__moderate_data__high_volume,0.02,32,adam,1e-05,xavier,222.52198791503906,57.45792007446289,-2050.76123046875,114.03031158447266,17.359394073486328,129.1062110900879,615235.0,6.321896076202393,2.130213737487793,18.61888885498047,570.3653564453125,0.32183122634887695,0.2857022285461426
125,2026-09-01 13:43:48,test,141,full_training,16.777149200439453,0.042343221604824066,697.0,1,0,0.6706936690025032,11.076711654663086,2,32,1345,2560,relu,none,0.0,none,21520,he,6.084149400393168,3.0874176025390625,nonlinear_product,141,7,0.234,768,4.520341396331787,2.173232293781563,0.026753035899944128,0.0,,gaussian,cpu,cpu,8,,float32,none,small,moderate,high,cpu,small_model__moderate_data__high_volume,0.02,32,adam,1e-05,he,444.48486328125,161.94740295410156,-14000.7744140625,114.03031158447266,17.359394073486328,379.63798942565916,962202.375,6.321897983551025,3.555424928665161,44.01357650756836,3076.110107421875,0.5371510982513428,0.7958848476409912
126,2026-09-01 13:43:48,test,141,full_training,9.605825424194336,0.0482867956161499,569.0,1,0,0.5817183160106651,11.64314079284668,2,32,1345,2560,relu,none,0.0,none,21520,orthogonal,4.247219244639079,2.8800108432769775,nonlinear_product,141,7,0.234,768,4.520341396331787,2.173232293781563,0.026753035899944128,0.0,,gaussian,cpu,cpu,8,,float32,none,small,moderate,high,cpu,small_model__moderate_data__high_volume,0.02,32,adam,1e-05,orthogonal,111.43936157226562,26.100788116455078,-597.0052490234375,115.11943054199219,19.347469329833984,103.88866920471192,4.299910545349121,4.150774002075195,1.5260658264160156,11.020938873291016,193.5713653564453,0.2720613032579422,0.16683568060398102
127,2026-09-01 13:43:49,train,142,full_training,1.8194128274917603,0.04455598443746567,45.0,1,0,0.050732567004160956,4.897257328033447,2,32,1313,2496,relu,none,0.0,none,21008,xavier,4.628277778625488,2.699293613433838,linear,142,6,0.208,768,2.0892856121063232,1.7873496307827879,0.01890228739658322,0.0,,gaussian,cpu,cpu,8,,float32,none,small,moderate,high,cpu,small_model__moderate_data__high_volume,0.02,32,adam,1e-05,xavier,180.12289428710938,10.533478736877441,-44.0404052734375,106.62181854248047,17.615964889526367,53.159508848190306,5.034432411193848,4.693536758422852,1.829906702041626,2.999577283859253,123.69417572021484,0.2998775839805603,0.2543323189020157
128,2026-09-01 13:43:49,train,142,full_training,1.970314621925354,0.04207180440425873,52.0,1,0,0.08170999097637832,4.650222301483154,2,32,1313,2496,relu,none,0.0,none,21008,he,5.945054133733113,3.1431682109832764,linear,142,6,0.208,768,2.0892856121063232,1.7873496307827879,0.01890228739658322,0.0,,gaussian,cpu,cpu,8,,float32,none,small,moderate,high,cpu,small_model__moderate_data__high_volume,0.02,32,adam,1e-05,he,383.60638427734375,27.608182907104492,-264.2000732421875,106.62181854248047,17.61597442626953,140.55114059448243,5.034432411193848,4.69353723526001,3.256342649459839,6.623433589935303,649.53759765625,0.5336360484361649,0.8053857088088989
129,2026-09-01 13:43:49,train,142,full_training,2.464275598526001,0.04874753952026367,45.0,1,0,0.07292476799921133,5.419702529907227,2,32,1313,2496,relu,none,0.0,none,21008,orthogonal,4.154700259367625,2.899160146713257,linear,142,6,0.208,768,2.0892856121063232,1.7873496307827879,0.01890228739658322,0.0,,gaussian,cpu,cpu,8,,float32,none,small,moderate,high,cpu,small_model__moderate_data__high_volume,0.02,32,adam,1e-05,orthogonal,108.75711059570312,7.362156391143799,-30.845239639282227,110.82412719726562,17.718503952026367,28.895751190185546,3.4181923866271973,3.2344553470611572,1.4229485988616943,2.6476757526397705,100.71131134033203,0.24651817232370377,0.15141792595386505
130,2026-09-01 13:43:49,train,143,full_training,3.963613271713257,0.04554417356848717,110.0,1,0,0.14429210100206546,6.303657531738281,2,32,1281,2432,relu,none,0.0,none,20496,xavier,4.337605396906535,2.741262674331665,nonlinear_interaction,143,5,0.255,256,1.9799648523330688,1.7604780798056487,0.04416890228808899,0.0,,gaussian,cpu,cpu,8,,float32,none,small,noisy,low,cpu,small_model__noisy_data__low_volume,0.02,32,adam,1e-05,xavier,116.72314453125,13.150585174560547,-118.99436950683594,103.45785522460938,16.219022750854492,67.7766502380371,4.015149116516113,3.8920557498931885,1.7573256492614746,3.9861159324645996,333.83099365234375,0.255312941968441,0.18572784960269928
131,2026-09-01 13:43:49,train,143,full_training,6.006402969360352,0.038892440497875214,113.0,1,0,0.22195993299828842,5.667515277862549,2,32,1281,2432,relu,none,0.0,none,20496,he,5.668473839759827,3.066263437271118,nonlinear_interaction,143,5,0.255,256,1.9799648523330688,1.7604780798056487,0.04416890228808899,0.0,,gaussian,cpu,cpu,8,,float32,none,small,noisy,low,cpu,small_model__noisy_data__low_volume,0.02,32,adam,1e-05,he,268.70367431640625,51.986324310302734,-1892.20849609375,103.45785522460938,16.219022750854492,218.57604522705077,4.015148639678955,3.8920562267303467,3.3802835941314697,14.341650009155273,1750.5596923828125,0.49110426008701324,0.6871930658817291
132,2026-09-01 13:43:50,train,143,full_training,3.837975025177002,0.045289941132068634,176.0,1,0,0.17650246902485378,6.60685396194458,2,32,1281,2432,relu,none,0.0,none,20496,orthogonal,4.054092566172282,2.926488161087036,nonlinear_interaction,143,5,0.255,256,1.9799648523330688,1.7604780798056487,0.04416890228808899,0.0,,gaussian,cpu,cpu,8,,float32,none,small,noisy,low,cpu,small_model__noisy_data__low_volume,0.02,32,adam,1e-05,orthogonal,84.57994079589844,6.71370267868042,-27.247692108154297,102.34671020507812,17.330955505371094,42.53336181640625,2.8248674869537354,2.789793014526367,1.2994168996810913,2.3460614681243896,276.4471435546875,0.2062496617436409,0.11233460158109665
133,2026-09-01 13:43:50,train,144,full_training,10.197870254516602,0.031845103949308395,180.0,1,0,0.1783063740003854,7.2999773025512695,2,32,1313,2496,relu,none,0.0,none,21008,xavier,4.628277778625488,2.699293613433838,nonlinear_product,144,6,0.011,256,7.941459655761719,2.4549870802554614,0.04330711433157657,0.0,,gaussian,cpu,cpu,8,,float32,none,small,clean,low,cpu,small_model__clean_data__low_volume,0.02,32,adam,1e-05,xavier,180.12289428710938,37.64654541015625,-807.9779663085938,107.97189331054688,17.735815048217773,143.03342819213867,4.932607650756836,4.833069324493408,1.8453869819641113,15.149529457092285,1447.4185791015625,0.29239875078201294,0.22524763643741608
134,2026-09-01 13:43:50,train,144,full_training,11.010977745056152,0.037342894822359085,183.0,1,0,0.16415244599920698,6.942847728729248,2,32,1313,2496,relu,none,0.0,none,21008,he,5.945054133733113,3.1431682109832764,nonlinear_product,144,6,0.011,256,7.941459655761719,2.4549870802554614,0.04330711433157657,0.0,,gaussian,cpu,cpu,8,,float32,none,small,clean,low,cpu,small_model__clean_data__low_volume,0.02,32,adam,1e-05,he,383.60638427734375,77.5983657836914,-2664.175048828125,107.97189331054688,17.735815048217773,268.71968536376954,4.932608127593994,4.833065509796143,3.28389048576355,26.55787467956543,4861.95751953125,0.5203273892402649,0.7132841348648071
135,2026-09-01 13:43:50,train,144,full_training,9.880966186523438,0.04555812105536461,140.0,1,0,0.12711990301613696,7.5075602531433105,2,32,1313,2496,relu,none,0.0,none,21008,orthogonal,4.154700259367625,2.899160146713257,nonlinear_product,144,6,0.011,256,7.941459655761719,2.4549870802554614,0.04330711433157657,0.0,,gaussian,cpu,cpu,8,,float32,none,small,clean,low,cpu,small_model__clean_data__low_volume,0.02,32,adam,1e-05,orthogonal,108.75711059570312,24.29110336303711,-500.72320556640625,114.1780014038086,17.73099136352539,48.39211883544922,3.576460838317871,3.4359946250915527,1.4526770114898682,12.084881782531738,947.6133422851562,0.24428953230381012,0.14154235273599625
136,2026-09-01 13:43:50,train,145,full_training,2.661433696746826,0.03460106626152992,53.0,1,0,0.05331334299989976,5.039094924926758,2,32,1281,2432,relu,none,0.0,none,20496,xavier,4.337605396906535,2.741262674331665,linear,145,5,0.274,256,2.0790271759033203,1.7848885734111786,0.05433708929930849,0.0,,gaussian,cpu,cpu,8,,float32,none,small,noisy,low,cpu,small_model__noisy_data__low_volume,0.02,32,adam,1e-05,xavier,116.72314453125,12.588961601257324,-81.35828399658203,105.30982208251953,17.640405654907227,55.08091011047363,4.1466875076293945,3.656899929046631,1.7882943153381348,3.684596300125122,124.79460906982422,0.2425943836569786,0.16485080122947693
137,2026-09-01 13:43:50,train,145,full_training,5.481329917907715,0.04307141155004501,56.0,1,0,0.05810928202117793,4.924734115600586,2,32,1281,2432,relu,none,0.0,none,20496,he,5.668473839759827,3.066263437271118,linear,145,5,0.274,256,2.0790271759033203,1.7848885734111786,0.05433708929930849,0.0,,gaussian,cpu,cpu,8,,float32,none,small,noisy,low,cpu,small_model__noisy_data__low_volume,0.02,32,adam,1e-05,he,268.70367431640625,41.021175384521484,-830.2125244140625,105.30982208251953,17.640405654907227,206.56972999572753,4.146687030792236,3.6568994522094727,3.4398529529571533,10.318581581115723,946.973388671875,0.4666396528482437,0.6099480092525482
138,2026-09-01 13:43:50,train,145,full_training,1.943957805633545,0.044032853096723557,23.0,1,0,0.023675865988479927,4.278299331665039,2,32,1281,2432,relu,none,0.0,none,20496,orthogonal,4.054092566172282,2.926488161087036,linear,145,5,0.274,256,2.0790271759033203,1.7848885734111786,0.05433708929930849,0.0,,gaussian,cpu,cpu,8,,float32,none,small,noisy,low,cpu,small_model__noisy_data__low_volume,0.02,32,adam,1e-05,orthogonal,84.57994079589844,8.814136505126953,-40.15560531616211,103.59687042236328,17.239458084106445,46.66926803588867,2.7567152976989746,2.5142412185668945,1.3047685623168945,3.0007665157318115,60.060916900634766,0.19892054051160812,0.11028588563203812
139,2026-09-01 13:43:51,test,146,full_training,2.9298338890075684,0.04324686899781227,101.0,1,0,0.11746140100876801,5.948596954345703,2,32,1281,2432,relu,none,0.0,none,20496,xavier,4.337605396906535,2.741262674331665,nonlinear_interaction,146,5,0.042,512,1.987548589706421,1.762389540653943,0.03191961641623385,0.0,,gaussian,cpu,cpu,8,,float32,none,small,clean,medium,cpu,small_model__clean_data__medium_volume,0.02,32,adam,1e-05,xavier,116.72314453125,8.474159240722656,-35.789119720458984,105.14356994628906,16.777217864990234,49.21326522827148,4.282223224639893,3.718871593475342,1.7627325057983398,2.448354959487915,154.36033630371094,0.23371683806180954,0.15371211618185043
140,2026-09-01 13:43:51,test,146,full_training,4.890935897827148,0.04459182545542717,114.0,1,0,0.11556399700930342,5.893316268920898,2,32,1281,2432,relu,none,0.0,none,20496,he,5.668473839759827,3.066263437271118,nonlinear_interaction,146,5,0.042,512,1.987548589706421,1.762389540653943,0.03191961641623385,0.0,,gaussian,cpu,cpu,8,,float32,none,small,clean,medium,cpu,small_model__clean_data__medium_volume,0.02,32,adam,1e-05,he,268.70367431640625,32.07698440551758,-652.5993041992188,105.14356994628906,16.77721405029297,165.43367767333984,4.282223224639893,3.7188727855682373,3.390683889389038,8.19429874420166,885.2984619140625,0.4495633393526077,0.568734884262085
141,2026-09-01 13:43:51,test,146,full_training,2.570631742477417,0.0492134615778923,80.0,1,0,0.11280475300736725,5.901130199432373,2,32,1281,2432,relu,none,0.0,none,20496,orthogonal,4.054092566172282,2.926488161087036,nonlinear_interaction,146,5,0.042,512,1.987548589706421,1.762389540653943,0.03191961641623385,0.0,,gaussian,cpu,cpu,8,,float32,none,small,clean,medium,cpu,small_model__clean_data__medium_volume,0.02,32,adam,1e-05,orthogonal,84.57994079589844,5.226546287536621,-11.205924987792969,97.77421569824219,17.189910888671875,21.73266143798828,2.9747252464294434,2.703509569168091,1.2866722345352173,1.8208118677139282,80.51288604736328,0.19133102893829346,0.09815987572073936
142,2026-09-01 13:43:52,test,147,full_training,16.343820571899414,0.03729795292019844,627.0,1,0,0.7902589019795414,11.110603332519531,2,32,1345,2560,relu,none,0.0,none,21520,xavier,4.824894110361735,2.6007485389709473,nonlinear_product,147,7,0.193,768,5.637182712554932,2.283630744033783,0.030539984706128145,0.0,,gaussian,cpu,cpu,8,,float32,none,small,moderate,high,cpu,small_model__moderate_data__high_volume,0.02,32,adam,1e-05,xavier,222.52198791503906,68.93619537353516,-2837.70654296875,111.54004669189453,18.218097686767578,93.29796810150147,8.589146614074707,6.514504432678223,2.180358409881592,23.43551254272461,8946.71875,0.30109238624572754,0.25388631969690323
143,2026-09-01 13:43:53,test,147,full_training,24.148597717285156,0.12265872955322266,,0,0,0.826565051014768,11.235984802246094,2,32,1345,2560,relu,none,0.0,none,21520,he,6.084149400393168,3.0874176025390625,nonlinear_product,147,7,0.193,768,5.637182712554932,2.283630744033783,0.030539984706128145,0.0,,gaussian,cpu,cpu,8,,float32,none,small,moderate,high,cpu,small_model__moderate_data__high_volume,0.02,32,adam,1e-05,he,444.48486328125,178.49758911132812,-15864.234375,111.54004669189453,18.218097686767578,293.2377105712891,8.58914566040039,6.514504432678223,3.639118194580078,49.99153137207031,38134.2578125,0.5025370121002197,0.7072547972202301
144,2026-09-01 13:43:54,test,147,full_training,13.641425132751465,0.3602144122123718,,0,0,0.9552939309796784,12.073678016662598,2,32,1345,2560,relu,none,0.0,none,21520,orthogonal,4.247219244639079,2.8800108432769775,nonlinear_product,147,7,0.193,768,5.637182712554932,2.283630744033783,0.030539984706128145,0.0,,gaussian,cpu,cpu,8,,float32,none,small,moderate,high,cpu,small_model__moderate_data__high_volume,0.02,32,adam,1e-05,orthogonal,111.43936157226562,36.27937698364258,-1135.88720703125,118.97187042236328,19.107208251953125,75.9047981262207,4.370911121368408,3.988771438598633,1.5473411083221436,16.06509017944336,2325.211181640625,0.2582814320921898,0.15269438177347183
145,2026-09-01 13:43:54,test,148,full_training,3.359773635864258,0.04108678549528122,34.0,1,0,0.03995424701133743,4.539067268371582,2,32,1281,2432,relu,none,0.0,none,20496,xavier,4.337605396906535,2.741262674331665,linear,148,5,0.211,256,2.089143753051758,1.7873156804530772,0.04544731209291231,0.0,,gaussian,cpu,cpu,8,,float32,none,small,moderate,low,cpu,small_model__moderate_data__low_volume,0.02,32,adam,1e-05,xavier,116.72314453125,14.97704792022705,-111.00869750976562,102.18260192871094,16.768680572509766,71.04960527420045,3.652928352355957,3.5049259662628174,1.784153699874878,4.424969673156738,119.93324279785156,0.24835962802171707,0.17610756307840347
146,2026-09-01 13:43:54,test,148,full_training,6.472242832183838,0.03988286480307579,31.0,1,0,0.04023337402031757,4.411185264587402,2,32,1281,2432,relu,none,0.0,none,20496,he,5.668473839759827,3.066263437271118,linear,148,5,0.211,256,2.089143753051758,1.7873156804530772,0.04544731209291231,0.0,,gaussian,cpu,cpu,8,,float32,none,small,moderate,low,cpu,small_model__moderate_data__low_volume,0.02,32,adam,1e-05,he,268.70367431640625,47.79222106933594,-996.332275390625,102.18260192871094,16.768680572509766,213.86821422576904,3.652928113937378,3.504927635192871,3.4318883419036865,11.721076965332031,647.7848510742188,0.47772930562496185,0.6515980362892151
147,2026-09-01 13:43:54,test,148,full_training,2.2228646278381348,0.035973913967609406,32.0,1,0,0.05122980099986307,4.334848403930664,2,32,1281,2432,relu,none,0.0,none,20496,orthogonal,4.054092566172282,2.926488161087036,linear,148,5,0.211,256,2.089143753051758,1.7873156804530772,0.04544731209291231,0.0,,gaussian,cpu,cpu,8,,float32,none,small,moderate,low,cpu,small_model__moderate_data__low_volume,0.02,32,adam,1e-05,orthogonal,84.57994079589844,8.30269718170166,-35.84613037109375,101.28544616699219,16.920764923095703,43.32901592254639,2.920132637023926,2.73815655708313,1.3553738594055176,2.883971691131592,72.95306396484375,0.20724446326494217,0.1112324483692646
148,2026-09-01 13:43:54,train,149,full_training,1.465378761291504,0.04910222813487053,105.0,1,0,0.14215313500608318,5.647306442260742,2,32,1249,2368,relu,none,0.0,none,19984,xavier,4.106595436731975,2.8521344661712646,nonlinear_interaction,149,4,0.029,768,1.7854562997817993,1.7087755395514963,0.032074862519119625,0.0,,gaussian,cpu,cpu,8,,float32,none,small,clean,high,cpu,small_model__clean_data__high_volume,0.02,32,adam,1e-05,xavier,88.71050262451172,11.91451644897461,-111.09676361083984,70.6820297241211,14.20761489868164,30.0517107963562,3.2932016849517822,3.2256927490234375,1.658132791519165,4.458474159240723,14.644660949707031,0.22607121616601944,0.1405188962817192
149,2026-09-01 13:43:54,train,149,full_training,2.756730794906616,0.046409156173467636,121.0,1,0,0.16234472201904282,5.0330939292907715,2,32,1249,2368,relu,none,0.0,none,19984,he,5.400059739748637,2.908212184906006,nonlinear_interaction,149,4,0.029,768,1.7854562997817993,1.7087755395514963,0.032074862519119625,0.0,,gaussian,cpu,cpu,8,,float32,none,small,clean,high,cpu,small_model__clean_data__high_volume,0.02,32,adam,1e-05,he,225.21484375,49.63500213623047,-1618.84375,70.6820297241211,14.20761489868164,105.23760681152343,3.2932019233703613,3.225691556930542,3.5174307823181152,14.20083236694336,78.88610076904297,0.4795694351196289,0.632334977388382
150,2026-09-01 13:43:54,train,149,full_training,1.418054461479187,0.036113858222961426,110.0,1,0,0.1481361020123586,5.731054306030273,2,32,1249,2368,relu,none,0.0,none,19984,orthogonal,3.9428090254465737,2.9643869400024414,nonlinear_interaction,149,4,0.029,768,1.7854562997817993,1.7087755395514963,0.032074862519119625,0.0,,gaussian,cpu,cpu,8,,float32,none,small,clean,high,cpu,small_model__clean_data__high_volume,0.02,32,adam,1e-05,orthogonal,68.3827133178711,9.845911026000977,-66.26886749267578,83.92422485351562,15.298197746276855,29.136458587646484,2.0441524982452393,2.009190559387207,1.2730985879898071,3.7435243129730225,9.058974266052246,0.20912858843803406,0.10737289115786552
151,2026-09-01 13:43:55,test,150,full_training,3.1691782474517822,0.04086075350642204,439.0,1,0,0.5762595029955264,10.59640121459961,2,32,1281,2432,relu,none,0.0,none,20496,xavier,4.337605396906535,2.741262674331665,nonlinear_product,150,5,0.269,384,5.7666754722595215,2.2949864031126115,0.025707514109675384,0.0,,gaussian,cpu,cpu,8,,float32,none,small,noisy,medium,cpu,small_model__noisy_data__medium_volume,0.02,32,adam,1e-05,xavier,116.72314453125,23.05868911743164,-138.03306579589844,99.99917602539062,16.3194580078125,63.246719932556154,4.377641677856445,3.9279181957244873,1.770925521850586,8.754953384399414,66.83612060546875,0.23614941537380219,0.14953644573688507
152,2026-09-01 13:43:56,test,150,full_training,2.946634531021118,0.04911230877041817,435.0,1,0,0.5353158739744686,10.38598918914795,2,32,1281,2432,relu,none,0.0,none,20496,he,5.668473839759827,3.066263437271118,nonlinear_product,150,5,0.269,384,5.7666754722595215,2.2949864031126115,0.025707514109675384,0.0,,gaussian,cpu,cpu,8,,float32,none,small,noisy,medium,cpu,small_model__noisy_data__medium_volume,0.02,32,adam,1e-05,he,268.70367431640625,38.13302993774414,-60.504302978515625,99.99917602539062,16.319461822509766,194.26873779296875,4.377641677856445,3.9279181957244873,3.406442880630493,11.239076614379883,286.1561584472656,0.45424245297908783,0.5532848685979843
153,2026-09-01 13:43:57,test,150,full_training,3.186363697052002,0.04271291196346283,798.0,1,0,1.0051671820110641,12.203535079956055,2,32,1281,2432,relu,none,0.0,none,20496,orthogonal,4.054092566172282,2.926488161087036,nonlinear_product,150,5,0.269,384,5.7666754722595215,2.2949864031126115,0.025707514109675384,0.0,,gaussian,cpu,cpu,8,,float32,none,small,noisy,medium,cpu,small_model__noisy_data__medium_volume,0.02,32,adam,1e-05,orthogonal,84.57994079589844,16.544099807739258,-135.0561981201172,102.52305603027344,16.64859390258789,14.976830863952637,2.932521104812622,2.816452741622925,1.2765496969223022,7.688626766204834,49.031864166259766,0.18779686093330383,0.09525689855217934
154,2026-09-01 13:43:57,test,151,full_training,2.8431713581085205,0.03542078658938408,60.0,1,0,0.07436704201973043,4.897095680236816,2,32,1281,2432,relu,none,0.0,none,20496,xavier,4.337605396906535,2.741262674331665,linear,151,5,0.254,384,2.1873247623443604,1.8102781469037654,0.05695583727748549,0.0,,gaussian,cpu,cpu,8,,float32,none,small,noisy,medium,cpu,small_model__noisy_data__medium_volume,0.02,32,adam,1e-05,xavier,116.72314453125,21.30708122253418,-255.32028198242188,102.76763916015625,17.147958755493164,65.76738662719727,3.755764961242676,3.5749378204345703,1.7184334993362427,6.593169212341309,389.8481140136719,0.2475551888346672,0.1654917299747467
155,2026-09-01 13:43:57,test,151,full_training,5.662416458129883,0.0485127829015255,64.0,1,0,0.08734883100260049,4.907480716705322,2,32,1281,2432,relu,none,0.0,none,20496,he,5.668473839759827,3.066263437271118,linear,151,5,0.254,384,2.1873247623443604,1.8102781469037654,0.05695583727748549,0.0,,gaussian,cpu,cpu,8,,float32,none,small,noisy,medium,cpu,small_model__noisy_data__medium_volume,0.02,32,adam,1e-05,he,268.70367431640625,69.7577133178711,-2307.279296875,102.76763916015625,17.147958755493164,215.41435165405272,3.755765438079834,3.5749378204345703,3.3054728507995605,17.800098419189453,2113.0615234375,0.47618192434310913,0.6123194396495819
156,2026-09-01 13:43:57,test,151,full_training,2.105600595474243,0.03823626786470413,25.0,1,0,0.03591616798075847,4.554931640625,2,32,1281,2432,relu,none,0.0,none,20496,orthogonal,4.054092566172282,2.926488161087036,linear,151,5,0.254,384,2.1873247623443604,1.8102781469037654,0.05695583727748549,0.0,,gaussian,cpu,cpu,8,,float32,none,small,noisy,medium,cpu,small_model__noisy_data__medium_volume,0.02,32,adam,1e-05,orthogonal,84.57994079589844,9.440418243408203,-64.02778625488281,99.86125183105469,16.882797241210938,41.010518836975095,2.917375326156616,2.7352330684661865,1.3485628366470337,3.6441402435302734,139.1146697998047,0.20409611612558365,0.10742995142936707
157,2026-09-01 13:43:57,train,152,full_training,3.30159854888916,0.045085277408361435,202.0,1,0,0.25186344198300503,7.310276985168457,2,32,1345,2560,relu,none,0.0,none,21520,xavier,4.824894110361735,2.6007485389709473,nonlinear_interaction,152,7,0.188,768,2.0916221141815186,1.7879084812696677,0.031288678129056974,0.0,,gaussian,cpu,cpu,8,,float32,none,small,moderate,high,cpu,small_model__moderate_data__high_volume,0.02,32,adam,1e-05,xavier,222.52198791503906,33.677833557128906,-802.6962280273438,110.8281478881836,17.55970001220703,132.61436500549317,7.634315013885498,6.217329978942871,2.2434563636779785,9.978897094726562,49.75629806518555,0.32450200617313385,0.26640135049819946
158,2026-09-01 13:43:58,train,152,full_training,6.2374138832092285,0.04365033656358719,313.0,1,0,0.38886808798997663,7.368764877319336,2,32,1345,2560,relu,none,0.0,none,21520,he,6.084149400393168,3.0874176025390625,nonlinear_interaction,152,7,0.188,768,2.0916221141815186,1.7879084812696677,0.031288678129056974,0.0,,gaussian,cpu,cpu,8,,float32,none,small,moderate,high,cpu,small_model__moderate_data__high_volume,0.02,32,adam,1e-05,he,444.48486328125,116.90381622314453,-8126.00390625,110.8281478881836,17.55970001220703,379.15784912109376,7.63431453704834,6.217328071594238,3.744431495666504,29.97834587097168,384.2118225097656,0.5416087806224823,0.7421181201934814
159,2026-09-01 13:43:58,train,152,full_training,2.4608371257781982,0.03193545341491699,242.0,1,0,0.29834182001650333,7.999068260192871,2,32,1345,2560,relu,none,0.0,none,21520,orthogonal,4.247219244639079,2.8800108432769775,nonlinear_interaction,152,7,0.188,768,2.0916221141815186,1.7879084812696677,0.031288678129056974,0.0,,gaussian,cpu,cpu,8,,float32,none,small,moderate,high,cpu,small_model__moderate_data__high_volume,0.02,32,adam,1e-05,orthogonal,111.43936157226562,14.280567169189453,-231.23548889160156,110.66194915771484,18.46952247619629,92.55001411437988,4.681366443634033,4.045856952667236,1.5415135622024536,5.636046886444092,16.202476501464844,0.2815033495426178,0.17076271772384644
160,2026-09-01 13:43:58,train,153,full_training,2.9385576248168945,0.046073488891124725,181.0,1,0,0.18473028898006305,8.006634712219238,2,32,1313,2496,relu,none,0.0,none,21008,xavier,4.628277778625488,2.699293613433838,nonlinear_product,153,6,0.023,512,5.360464096069336,2.258463811415673,0.04245297794155128,0.0,,gaussian,cpu,cpu,8,,float32,none,small,clean,medium,cpu,small_model__clean_data__medium_volume,0.02,32,adam,1e-05,xavier,180.12289428710938,15.678152084350586,-112.15367889404297,105.853515625,17.608680725097656,69.54421749114991,5.242729187011719,4.848849296569824,1.8596010208129883,5.731879711151123,77.38025665283203,0.2677607834339142,0.20027516782283783
161,2026-09-01 13:43:59,train,153,full_training,2.670231580734253,0.03147533908486366,183.0,1,0,0.2196665329975076,7.41298770904541,2,32,1313,2496,relu,none,0.0,none,21008,he,5.945054133733113,3.1431682109832764,nonlinear_product,153,6,0.023,512,5.360464096069336,2.258463811415673,0.04245297794155128,0.0,,gaussian,cpu,cpu,8,,float32,none,small,clean,medium,cpu,small_model__clean_data__medium_volume,0.02,32,adam,1e-05,he,383.60638427734375,33.854278564453125,-465.0721435546875,105.853515625,17.608680725097656,144.21184768676758,5.242729187011719,4.848849773406982,3.3091843128204346,10.29909896850586,377.6671447753906,0.4764837920665741,0.63420470058918
162,2026-09-01 13:43:59,train,153,full_training,3.471386432647705,0.0403166264295578,195.0,1,0,0.3264908359851688,8.02045726776123,2,32,1313,2496,relu,none,0.0,none,21008,orthogonal,4.154700259367625,2.899160146713257,nonlinear_product,153,6,0.023,512,5.360464096069336,2.258463811415673,0.04245297794155128,0.0,,gaussian,cpu,cpu,8,,float32,none,small,clean,medium,cpu,small_model__clean_data__medium_volume,0.02,32,adam,1e-05,orthogonal,108.75711059570312,10.113329887390137,-70.04681396484375,110.58186340332031,17.77971076965332,38.075462341308594,3.5811047554016113,3.4601714611053467,1.4311068058013916,4.76061487197876,27.04376792907715,0.22496064007282257,0.12924472242593765
163,2026-09-01 13:43:59,train,154,full_training,1.8277093172073364,0.04191312566399574,50.0,1,0,0.08207058199332096,4.039470195770264,2,32,1217,2304,relu,none,0.0,none,19472,xavier,3.998493274052938,2.7725577354431152,linear,154,3,0.247,768,1.9414714574813843,1.7506616176096832,0.04954283625068248,0.0,,gaussian,cpu,cpu,8,,float32,none,small,moderate,high,cpu,small_model__moderate_data__high_volume,0.02,32,adam,1e-05,xavier,85.53611755371094,8.338560104370117,-23.807571411132812,61.21796798706055,12.554750442504883,44.774135208129884,2.391050100326538,2.293463706970215,1.3348004817962646,2.6461713314056396,18.612075805664062,0.14997245371341705,0.0598438885062933
164,2026-09-01 13:43:59,train,154,full_training,1.3723626136779785,0.045044735074043274,50.0,1,0,0.08262943400768563,3.2140018939971924,2,32,1217,2304,relu,none,0.0,none,19472,he,5.3281480471293134,2.563436269760132,linear,154,3,0.247,768,1.9414714574813843,1.7506616176096832,0.04954283625068248,0.0,,gaussian,cpu,cpu,8,,float32,none,small,moderate,high,cpu,small_model__moderate_data__high_volume,0.02,32,adam,1e-05,he,247.24282836914062,23.781370162963867,-134.47088623046875,61.21796798706055,12.554754257202148,173.20729370117186,2.391050338745117,2.2934634685516357,3.2238497734069824,5.495362281799316,131.77450561523438,0.36221788823604584,0.3490894138813019
165,2026-09-01 13:43:59,train,154,full_training,2.1817703247070312,0.04616163298487663,51.0,1,0,0.08338754999567755,4.732674598693848,2,32,1217,2304,relu,none,0.0,none,19472,orthogonal,3.8164965311686196,3.016789674758911,linear,154,3,0.247,768,1.9414714574813843,1.7506616176096832,0.04954283625068248,0.0,,gaussian,cpu,cpu,8,,float32,none,small,moderate,high,cpu,small_model__moderate_data__high_volume,0.02,32,adam,1e-05,orthogonal,53.49358367919922,7.886937141418457,-37.09123611450195,56.907196044921875,12.746097564697266,36.03996906280518,1.7691421508789062,1.6305588483810425,1.2130820751190186,2.9600813388824463,18.847787857055664,0.15472687035799026,0.05376076325774193
166,2026-09-01 13:44:00,test,155,full_training,3.0008156299591064,0.04462108388543129,153.0,1,0,0.23759978901944123,6.179779052734375,2,32,1377,2624,relu,none,0.0,none,22032,xavier,4.944721817970276,2.613090753555298,nonlinear_interaction,155,8,0.151,512,2.0055811405181885,1.7669054654078629,0.0363480963564886,0.0,,gaussian,cpu,cpu,8,,float32,none,small,moderate,medium,cpu,small_model__moderate_data__medium_volume,0.02,32,adam,1e-05,xavier,284.1978759765625,32.273521423339844,-658.5623779296875,105.4996566772461,16.122234344482422,56.9888355255127,18.192668914794922,13.964096069335938,2.437985420227051,10.370165824890137,378.0404052734375,0.3463766723871231,0.37175220251083374
167,2026-09-01 13:44:00,test,155,full_training,4.357365131378174,0.04748934134840965,122.0,1,0,0.16166193899698555,5.732733249664307,2,32,1377,2624,relu,none,0.0,none,22032,he,6.131039500236511,3.138056993484497,nonlinear_interaction,155,8,0.151,512,2.0055811405181885,1.7669054654078629,0.0363480963564886,0.0,,gaussian,cpu,cpu,8,,float32,none,small,moderate,medium,cpu,small_model__moderate_data__medium_volume,0.02,32,adam,1e-05,he,537.7823486328125,81.4224853515625,-3736.0361328125,105.4996566772461,16.122238159179688,145.65030002593994,18.19267463684082,13.964096069335938,3.854793071746826,22.741744995117188,2026.9962158203125,0.5476695895195007,0.9293805062770844
168,2026-09-01 13:44:00,test,155,full_training,2.6785929203033447,0.03983354568481445,99.0,1,0,0.12385773501591757,6.3487935066223145,2,32,1377,2624,relu,none,0.0,none,22032,orthogonal,4.333333333333333,2.8674416542053223,nonlinear_interaction,155,8,0.151,512,2.0055811405181885,1.7669054654078629,0.0363480963564886,0.0,,gaussian,cpu,cpu,8,,float32,none,small,moderate,medium,cpu,small_model__moderate_data__medium_volume,0.02,32,adam,1e-05,orthogonal,140.87918090820312,13.386308670043945,-157.56344604492188,120.30387878417969,18.753881454467773,69.41588516235352,585514.125,6.6065897941589355,1.5081181526184082,5.555734157562256,81.54637145996094,0.2737739086151123,0.19315393269062042
169,2026-09-01 13:44:00,train,156,full_training,10.015695571899414,0.044457316398620605,215.0,1,0,0.2901374089997262,7.563621997833252,2,32,1313,2496,relu,none,0.0,none,21008,xavier,4.628277778625488,2.699293613433838,nonlinear_product,156,6,0.125,384,5.089694976806641,2.2325474846024767,0.051328769241736606,0.0,,gaussian,cpu,cpu,8,,float32,none,small,moderate,medium,cpu,small_model__moderate_data__medium_volume,0.02,32,adam,1e-05,xavier,180.12289428710938,15.7640380859375,-86.38978576660156,103.07819366455078,18.190732955932617,64.45324735641479,5.115625858306885,4.7137322425842285,1.849698781967163,5.778683185577393,81.64673614501953,0.27270034700632095,0.20349837839603424
170,2026-09-01 13:44:01,train,156,full_training,10.21461296081543,0.0495772548019886,135.0,1,0,0.16215581001597457,6.462638854980469,2,32,1313,2496,relu,none,0.0,none,21008,he,5.945054133733113,3.1431682109832764,nonlinear_product,156,6,0.125,384,5.089694976806641,2.2325474846024767,0.051328769241736606,0.0,,gaussian,cpu,cpu,8,,float32,none,small,moderate,medium,cpu,small_model__moderate_data__medium_volume,0.02,32,adam,1e-05,he,383.60638427734375,29.389530181884766,-210.505615234375,103.07819366455078,18.190736770629883,121.95062255859375,5.115626335144043,4.7137322425842285,3.2915632724761963,8.834531784057617,258.22747802734375,0.4852738380432129,0.644411563873291
171,2026-09-01 13:44:01,train,156,full_training,10.508157730102539,0.04188380390405655,227.0,1,0,0.30294137401506305,7.6929030418396,2,32,1313,2496,relu,none,0.0,none,21008,orthogonal,4.154700259367625,2.899160146713257,nonlinear_product,156,6,0.125,384,5.089694976806641,2.2325474846024767,0.051328769241736606,0.0,,gaussian,cpu,cpu,8,,float32,none,small,moderate,medium,cpu,small_model__moderate_data__medium_volume,0.02,32,adam,1e-05,orthogonal,108.75711059570312,10.537919044494629,-75.22299194335938,110.83893585205078,17.958711624145508,40.26592788696289,3.728501558303833,3.30434513092041,1.3988813161849976,5.190672874450684,35.970802307128906,0.23271014541387558,0.1412004828453064
172,2026-09-01 13:44:01,train,157,full_training,3.4205427169799805,0.04363776370882988,25.0,1,0,0.042159143020398915,4.454873561859131,2,32,1313,2496,relu,none,0.0,none,21008,xavier,4.628277778625488,2.699293613433838,linear,157,6,0.147,384,1.937016487121582,1.7495129812383245,0.03847856388929193,0.0,,gaussian,cpu,cpu,8,,float32,none,small,moderate,medium,cpu,small_model__moderate_data__medium_volume,0.02,32,adam,1e-05,xavier,180.12289428710938,10.703716278076172,-25.832778930664062,97.30474853515625,17.567569732666016,32.27972526550293,4.932051181793213,4.501696586608887,1.9333887100219727,2.684889554977417,59.33509826660156,0.290645956993103,0.22179971635341644
173,2026-09-01 13:44:01,train,157,full_training,3.6615169048309326,0.040274348109960556,39.0,1,0,0.04964347599889152,4.356649875640869,2,32,1313,2496,relu,none,0.0,none,21008,he,5.945054133733113,3.1431682109832764,linear,157,6,0.147,384,1.937016487121582,1.7495129812383245,0.03847856388929193,0.0,,gaussian,cpu,cpu,8,,float32,none,small,moderate,medium,cpu,small_model__moderate_data__medium_volume,0.02,32,adam,1e-05,he,383.60638427734375,22.87394905090332,-116.2648696899414,97.30474853515625,17.567569732666016,96.02760276794433,4.932051658630371,4.501696586608887,3.44049072265625,4.9448418617248535,135.8088836669922,0.5172083079814911,0.7023657560348511
174,2026-09-01 13:44:01,train,157,full_training,3.879643201828003,0.03261442109942436,34.0,1,0,0.05047077301423997,4.843467712402344,2,32,1313,2496,relu,none,0.0,none,21008,orthogonal,4.154700259367625,2.899160146713257,linear,157,6,0.147,384,1.937016487121582,1.7495129812383245,0.03847856388929193,0.0,,gaussian,cpu,cpu,8,,float32,none,small,moderate,medium,cpu,small_model__moderate_data__medium_volume,0.02,32,adam,1e-05,orthogonal,108.75711059570312,8.746590614318848,-41.16191101074219,111.03559112548828,17.86157989501953,24.79641275405884,3.54164457321167,3.2540900707244873,1.466328740119934,3.059195041656494,47.85268783569336,0.23615358769893646,0.13239923864603043
175,2026-09-01 13:44:02,train,158,full_training,3.0886950492858887,0.0460149422287941,171.0,1,0,0.22698200499871746,6.691392421722412,2,32,1281,2432,relu,none,0.0,none,20496,xavier,4.337605396906535,2.741262674331665,nonlinear_interaction,158,5,0.28,256,2.3534529209136963,1.8468803221037817,0.06596648722031194,0.0,,gaussian,cpu,cpu,8,,float32,none,small,noisy,low,cpu,small_model__noisy_data__low_volume,0.02,32,adam,1e-05,xavier,116.72314453125,16.145265579223633,-64.56817626953125,106.93998718261719,16.453014373779297,67.33059539794922,3.7793242931365967,3.4048187732696533,1.7197439670562744,5.053656578063965,258.9392395019531,0.25604701042175293,0.19308914989233017
176,2026-09-01 13:44:02,train,158,full_training,3.9004809856414795,0.04798741638660431,138.0,1,0,0.18154893899918534,6.03019380569458,2,32,1281,2432,relu,none,0.0,none,20496,he,5.668473839759827,3.066263437271118,nonlinear_interaction,158,5,0.28,256,2.3534529209136963,1.8468803221037817,0.06596648722031194,0.0,,gaussian,cpu,cpu,8,,float32,none,small,noisy,low,cpu,small_model__noisy_data__low_volume,0.02,32,adam,1e-05,he,268.70367431640625,36.1525993347168,-412.42572021484375,106.93998718261719,16.453014373779297,219.54820098876954,3.779324531555176,3.404819965362549,3.3079936504364014,8.91065788269043,950.2645263671875,0.49251626431941986,0.7144298851490021
177,2026-09-01 13:44:02,train,158,full_training,3.1458635330200195,0.044017206877470016,127.0,1,0,0.16573730699019507,6.5661725997924805,2,32,1281,2432,relu,none,0.0,none,20496,orthogonal,4.054092566172282,2.926488161087036,nonlinear_interaction,158,5,0.28,256,2.3534529209136963,1.8468803221037817,0.06596648722031194,0.0,,gaussian,cpu,cpu,8,,float32,none,small,noisy,low,cpu,small_model__noisy_data__low_volume,0.02,32,adam,1e-05,orthogonal,84.57994079589844,12.11346435546875,-60.21919250488281,106.41659545898438,16.681180953979492,41.35838661193848,2.97395396232605,2.602647542953491,1.3521497249603271,4.8559441566467285,132.3744354248047,0.21494077891111374,0.12490954995155334
178,2026-09-01 13:44:02,train,159,full_training,6.116730690002441,0.04818547144532204,270.0,1,0,0.34602650700253434,7.497267723083496,2,32,1313,2496,relu,none,0.0,none,21008,xavier,4.628277778625488,2.699293613433838,nonlinear_product,159,6,0.051,768,3.9072821140289307,2.1003595436015274,0.025997479545347556,0.0,,gaussian,cpu,cpu,8,,float32,none,small,clean,high,cpu,small_model__clean_data__high_volume,0.02,32,adam,1e-05,xavier,180.12289428710938,24.304244995117188,-295.0373229980469,104.28565979003906,17.439579010009766,90.46367998123169,5.192214488983154,4.942931652069092,1.84181809425354,9.213326454162598,465.32330322265625,0.26720574498176575,0.18813884258270264
179,2026-09-01 13:44:03,train,159,full_training,6.503289222717285,0.04622635617852211,252.0,1,0,0.304751773015596,7.887621879577637,2,32,1313,2496,relu,none,0.0,none,21008,he,5.945054133733113,3.1431682109832764,nonlinear_product,159,6,0.051,768,3.9072821140289307,2.1003595436015274,0.025997479545347556,0.0,,gaussian,cpu,cpu,8,,float32,none,small,clean,high,cpu,small_model__clean_data__high_volume,0.02,32,adam,1e-05,he,383.60638427734375,51.58149337768555,-1100.693359375,104.28565979003906,17.43958282470703,181.56092834472656,5.192214012145996,4.942932605743408,3.2775392532348633,16.463598251342773,1667.6416015625,0.4754961431026459,0.5957730114459991
180,2026-09-01 13:44:03,train,159,full_training,6.1639790534973145,0.048417381942272186,233.0,1,0,0.30086946400115266,8.029311180114746,2,32,1313,2496,relu,none,0.0,none,21008,orthogonal,4.154700259367625,2.899160146713257,nonlinear_product,159,6,0.051,768,3.9072821140289307,2.1003595436015274,0.025997479545347556,0.0,,gaussian,cpu,cpu,8,,float32,none,small,clean,high,cpu,small_model__clean_data__high_volume,0.02,32,adam,1e-05,orthogonal,108.75711059570312,15.43431282043457,-165.561279296875,113.91739654541016,18.361042022705078,41.394691181182864,3.475106716156006,3.3173933029174805,1.4416230916976929,7.261659622192383,284.30108642578125,0.21884991973638535,0.11907446384429932
181,2026-09-01 13:44:03,train,160,full_training,1.3172672986984253,0.03940076008439064,11.0,1,0,0.017669796012341976,2.8101186752319336,2,32,1185,2240,relu,none,0.0,none,18960,xavier,3.9327030579249063,2.911090850830078,linear,160,2,0.151,768,1.9119716882705688,1.7430060367695273,0.04190430702624711,0.0,,gaussian,cpu,cpu,8,,float32,none,small,moderate,high,cpu,small_model__moderate_data__high_volume,0.02,32,adam,1e-05,xavier,58.31831359863281,10.726508140563965,-43.54032516479492,-127.6308822631836,7.193318843841553,34.31532368659973,1.8372187614440918,1.3729814291000366,1.2534584999084473,3.689239978790283,52.51803970336914,0.12683414295315742,0.060209861025214195
182,2026-09-01 13:44:03,train,160,full_training,0.6676765084266663,0.04125934839248657,12.0,1,0,0.01777124500949867,1.7921947240829468,2,32,1185,2240,relu,none,0.0,none,18960,he,5.592296163241069,2.8417537212371826,linear,160,2,0.151,768,1.9119716882705688,1.7430060367695273,0.04190430702624711,0.0,,gaussian,cpu,cpu,8,,float32,none,small,moderate,high,cpu,small_model__moderate_data__high_volume,0.02,32,adam,1e-05,he,203.48391723632812,25.32087516784668,-158.87530517578125,-127.6308822631836,7.193317890167236,278.59488067626955,1.8372188806533813,1.372981309890747,3.654428005218506,7.94495964050293,115.19757080078125,0.3697819113731384,0.5117838382720947
183,2026-09-01 13:44:03,train,160,full_training,1.4997835159301758,0.0424429327249527,10.0,1,0,0.013095851987600327,2.8250701427459717,2,32,1185,2240,relu,none,0.0,none,18960,orthogonal,3.666666487852732,3.0912060737609863,linear,160,2,0.151,768,1.9119716882705688,1.7430060367695273,0.04190430702624711,0.0,,gaussian,cpu,cpu,8,,float32,none,small,moderate,high,cpu,small_model__moderate_data__high_volume,0.02,32,adam,1e-05,orthogonal,35.72531509399414,7.276219844818115,-20.521394729614258,-157.03414916992188,7.520898818969727,8.240320110321045,1.3892241716384888,1.3276761770248413,1.0979763269424438,2.5115699768066406,32.78267288208008,0.11385276168584824,0.043046336621046066
184,2026-09-01 13:44:04,train,161,full_training,2.4491076469421387,0.046785879880189896,103.0,1,0,0.15814408101141453,5.793534278869629,2,32,1377,2624,relu,none,0.0,none,22032,xavier,4.944721817970276,2.613090753555298,nonlinear_interaction,161,8,0.061,384,2.110989809036255,1.792517003855589,0.024624770070400034,0.0,,gaussian,cpu,cpu,8,,float32,none,small,clean,medium,cpu,small_model__clean_data__medium_volume,0.02,32,adam,1e-05,xavier,284.1978759765625,26.413860321044922,-444.77899169921875,105.21800994873047,17.1619873046875,53.502722549438474,21.746444702148438,13.88948917388916,2.369971513748169,8.156558990478516,654.4203491210938,0.33317652344703674,0.32125040888786316
185,2026-09-01 13:44:04,train,161,full_training,4.1138834953308105,0.04782229661941528,113.0,1,0,0.15213185298489407,5.679691314697266,2,32,1377,2624,relu,none,0.0,none,22032,he,6.131039500236511,3.138056993484497,nonlinear_interaction,161,8,0.061,384,2.110989809036255,1.792517003855589,0.024624770070400034,0.0,,gaussian,cpu,cpu,8,,float32,none,small,clean,medium,cpu,small_model__clean_data__medium_volume,0.02,32,adam,1e-05,he,537.7823486328125,72.61962890625,-2941.9052734375,105.21800994873047,17.1619873046875,129.25501708984376,21.746456146240234,13.889495849609375,3.747253894805908,19.31227684020996,2873.228515625,0.5267983824014664,0.8031260371208191
186,2026-09-01 13:44:04,train,161,full_training,1.8101853132247925,0.04841670021414757,119.0,1,0,0.14527574201929383,6.429924011230469,2,32,1377,2624,relu,none,0.0,none,22032,orthogonal,4.333333333333333,2.8674416542053223,nonlinear_interaction,161,8,0.061,384,2.110989809036255,1.792517003855589,0.024624770070400034,0.0,,gaussian,cpu,cpu,8,,float32,none,small,clean,medium,cpu,small_model__clean_data__medium_volume,0.02,32,adam,1e-05,orthogonal,140.87918090820312,12.150527000427246,-134.498291015625,120.38902282714844,18.859512329101562,62.90615983009339,475134.75,5.743651866912842,1.5437811613082886,4.703211784362793,206.08128356933594,0.27685922384262085,0.18004848808050156
187,2026-09-01 13:44:04,train,162,full_training,8.400647163391113,0.04854770749807358,156.0,1,0,0.20600336999632418,7.2940473556518555,2,32,1217,2304,relu,none,0.0,none,19472,xavier,3.998493274052938,2.7725577354431152,nonlinear_product,162,3,0.207,384,7.282583713531494,2.4116813856793415,0.031440887012163125,0.0,,gaussian,cpu,cpu,8,,float32,none,small,moderate,medium,cpu,small_model__moderate_data__medium_volume,0.02,32,adam,1e-05,xavier,85.53611755371094,24.40395164489746,-232.27914428710938,62.634464263916016,12.381629943847656,9.716925716400146,2.431025505065918,2.3298768997192383,1.284510850906372,8.786701202392578,14.210639953613281,0.13634506613016129,0.05944197438657284
188,2026-09-01 13:44:05,train,162,full_training,7.330038547515869,0.04133189842104912,254.0,1,0,0.38230825698701665,8.210528373718262,2,32,1217,2304,relu,none,0.0,none,19472,he,5.3281480471293134,2.563436269760132,nonlinear_product,162,3,0.207,384,7.282583713531494,2.4116813856793415,0.031440887012163125,0.0,,gaussian,cpu,cpu,8,,float32,none,small,moderate,medium,cpu,small_model__moderate_data__medium_volume,0.02,32,adam,1e-05,he,247.24282836914062,64.43778228759766,-862.050048828125,62.634464263916016,12.381629943847656,114.13044815063476,2.431025743484497,2.3298771381378174,3.102388620376587,17.178791046142578,90.3271713256836,0.32930462062358856,0.3467448949813843
189,2026-09-01 13:44:05,train,162,full_training,7.407881736755371,0.04597727581858635,220.0,1,0,0.3579975610191468,8.910252571105957,2,32,1217,2304,relu,none,0.0,none,19472,orthogonal,3.8164965311686196,3.016789674758911,nonlinear_product,162,3,0.207,384,7.282583713531494,2.4116813856793415,0.031440887012163125,0.0,,gaussian,cpu,cpu,8,,float32,none,small,moderate,medium,cpu,small_model__moderate_data__medium_volume,0.02,32,adam,1e-05,orthogonal,53.49358367919922,16.53491973876953,-120.56941223144531,41.18281936645508,12.268982887268066,-2.4485166549682615,1.8003888130187988,1.7061128616333008,1.184262752532959,7.082163333892822,8.496319770812988,0.1434602290391922,0.05750986933708191
190,2026-09-01 13:44:05,train,163,full_training,3.3182156085968018,0.04087015986442566,41.0,1,0,0.0651597660034895,4.7425971031188965,2,32,1313,2496,relu,none,0.0,none,21008,xavier,4.628277778625488,2.699293613433838,linear,163,6,0.186,384,2.070084810256958,1.782733321992978,0.05030218130150013,0.0,,gaussian,cpu,cpu,8,,float32,none,small,moderate,medium,cpu,small_model__moderate_data__medium_volume,0.02,32,adam,1e-05,xavier,180.12289428710938,9.516757011413574,-29.34490966796875,103.62627410888672,17.1733341217041,37.376445579528806,4.87275505065918,4.451162815093994,1.8568705320358276,2.679673194885254,53.73515701293945,0.2742049992084503,0.21006321907043457
191,2026-09-01 13:44:05,train,163,full_training,3.9881834983825684,0.036024369299411774,53.0,1,0,0.11358285701135173,4.469966411590576,2,32,1313,2496,relu,none,0.0,none,21008,he,5.945054133733113,3.1431682109832764,linear,163,6,0.186,384,2.070084810256958,1.782733321992978,0.05030218130150013,0.0,,gaussian,cpu,cpu,8,,float32,none,small,moderate,medium,cpu,small_model__moderate_data__medium_volume,0.02,32,adam,1e-05,he,383.60638427734375,21.50652503967285,-136.07969665527344,103.62627410888672,17.173337936401367,93.03776836395264,4.8727545738220215,4.451162338256836,3.304325580596924,5.166775226593018,193.88661193847656,0.4879513680934906,0.6652001440525055
192,2026-09-01 13:44:05,train,163,full_training,3.684065580368042,0.045431721955537796,43.0,1,0,0.070555982994847,5.161031246185303,2,32,1313,2496,relu,none,0.0,none,21008,orthogonal,4.154700259367625,2.899160146713257,linear,163,6,0.186,384,2.070084810256958,1.782733321992978,0.05030218130150013,0.0,,gaussian,cpu,cpu,8,,float32,none,small,moderate,medium,cpu,small_model__moderate_data__medium_volume,0.02,32,adam,1e-05,orthogonal,108.75711059570312,7.069571018218994,-32.91682434082031,110.6462173461914,17.832590103149414,19.06405849456787,3.7737135887145996,3.469855308532715,1.4343867301940918,2.736359119415283,41.177982330322266,0.22817137092351913,0.128729410469532
193,2026-09-01 13:44:06,train,164,full_training,1.1487032175064087,0.03853839635848999,168.0,1,0,0.2689297129982151,6.519136905670166,2,32,1249,2368,relu,none,0.0,none,19984,xavier,4.106595436731975,2.8521344661712646,nonlinear_interaction,164,4,0.222,512,1.8284817934036255,1.7206815339228647,0.04223438853790895,0.0,,gaussian,cpu,cpu,8,,float32,none,small,moderate,medium,cpu,small_model__moderate_data__medium_volume,0.02,32,adam,1e-05,xavier,88.71050262451172,11.12562370300293,-67.08004760742188,72.43199157714844,14.115793228149414,23.135344886779784,3.478071928024292,3.2531394958496094,1.645613193511963,4.092552661895752,14.610482215881348,0.20686576515436172,0.11842725425958633
194,2026-09-01 13:44:06,train,164,full_training,1.6009396314620972,0.0490834005177021,273.0,1,0,0.5137962360167876,7.139142990112305,2,32,1249,2368,relu,none,0.0,none,19984,he,5.400059739748637,2.908212184906006,nonlinear_interaction,164,4,0.222,512,1.8284817934036255,1.7206815339228647,0.04223438853790895,0.0,,gaussian,cpu,cpu,8,,float32,none,small,moderate,medium,cpu,small_model__moderate_data__medium_volume,0.02,32,adam,1e-05,he,225.21484375,35.76248550415039,-565.08544921875,72.43199157714844,14.11579704284668,88.9786605834961,3.478071928024292,3.253138542175293,3.490872621536255,9.563307762145996,223.3190460205078,0.4388285428285599,0.5329225957393646
195,2026-09-01 13:44:07,train,164,full_training,1.286055564880371,0.04894228279590607,114.0,1,0,0.18543668498750776,6.167369365692139,2,32,1249,2368,relu,none,0.0,none,19984,orthogonal,3.9428090254465737,2.9643869400024414,nonlinear_interaction,164,4,0.222,512,1.8284817934036255,1.7206815339228647,0.04223438853790895,0.0,,gaussian,cpu,cpu,8,,float32,none,small,moderate,medium,cpu,small_model__moderate_data__medium_volume,0.02,32,adam,1e-05,orthogonal,68.3827133178711,9.791177749633789,-53.0936279296875,89.9836196899414,15.758002281188965,21.343984603881836,2.0417063236236572,2.019899845123291,1.2359243631362915,3.7712666988372803,18.78851318359375,0.1904589757323265,0.08499205484986305
196,2026-09-01 13:44:07,train,165,full_training,2.60453462600708,0.04990873113274574,71.0,1,0,0.13026307601830922,5.00571346282959,2,32,1217,2304,relu,none,0.0,none,19472,xavier,3.998493274052938,2.7725577354431152,nonlinear_product,165,3,0.019,768,3.5233280658721924,2.0486415413000905,0.026317171110334676,0.0,,gaussian,cpu,cpu,8,,float32,none,small,clean,high,cpu,small_model__clean_data__high_volume,0.02,32,adam,1e-05,xavier,85.53611755371094,30.073808670043945,-442.373291015625,55.90177917480469,12.360410690307617,16.04090576171875,2.2891018390655518,2.1545510292053223,1.3165172338485718,11.51730728149414,976.2850952148438,0.1546841263771057,0.07142193987965584
197,2026-09-01 13:44:07,train,165,full_training,2.2367806434631348,0.039194852113723755,130.0,1,0,0.21505281899590045,4.672606945037842,2,32,1217,2304,relu,none,0.0,none,19472,he,5.3281480471293134,2.563436269760132,nonlinear_product,165,3,0.019,768,3.5233280658721924,2.0486415413000905,0.026317171110334676,0.0,,gaussian,cpu,cpu,8,,float32,none,small,clean,high,cpu,small_model__clean_data__high_volume,0.02,32,adam,1e-05,he,247.24282836914062,84.67453002929688,-2252.42431640625,55.90177917480469,12.360413551330566,114.20962800979615,2.2891016006469727,2.154550552368164,3.1796913146972656,24.889074325561523,5688.99462890625,0.3735976815223694,0.41662804782390594
198,2026-09-01 13:44:07,train,165,full_training,2.122404098510742,0.04594876617193222,71.0,1,0,0.11519852600758895,5.7310471534729,2,32,1217,2304,relu,none,0.0,none,19472,orthogonal,3.8164965311686196,3.016789674758911,nonlinear_product,165,3,0.019,768,3.5233280658721924,2.0486415413000905,0.026317171110334676,0.0,,gaussian,cpu,cpu,8,,float32,none,small,clean,high,cpu,small_model__clean_data__high_volume,0.02,32,adam,1e-05,orthogonal,53.49358367919922,20.41317367553711,-211.2948760986328,53.3941535949707,12.21140193939209,0.5817344665527344,1.7478235960006714,1.6841565370559692,1.2273588180541992,8.895004272460938,591.63671875,0.16547783464193344,0.06632553786039352
199,2026-09-01 13:44:07,train,166,full_training,1.5887689590454102,0.044924698770046234,19.0,1,0,0.03264903399394825,3.3813838958740234,2,32,1217,2304,relu,none,0.0,none,19472,xavier,3.998493274052938,2.7725577354431152,linear,166,3,0.19,768,2.1640102863311768,1.8049200903850364,0.04022469535062256,0.0,,gaussian,cpu,cpu,8,,float32,none,small,moderate,high,cpu,small_model__moderate_data__high_volume,0.02,32,adam,1e-05,xavier,85.53611755371094,10.393619537353516,-35.93381881713867,55.00910949707031,12.666581153869629,36.64629020690918,2.3976807594299316,2.2911810874938965,1.33780837059021,3.326786518096924,90.20248413085938,0.1550178825855255,0.06541099771857262
200,2026-09-01 13:44:07,train,166,full_training,1.0813218355178833,0.04865060746669769,26.0,1,0,0.058830807014601305,2.766218662261963,2,32,1217,2304,relu,none,0.0,none,19472,he,5.3281480471293134,2.563436269760132,linear,166,3,0.19,768,2.1640102863311768,1.8049200903850364,0.04022469535062256,0.0,,gaussian,cpu,cpu,8,,float32,none,small,moderate,high,cpu,small_model__moderate_data__high_volume,0.02,32,adam,1e-05,he,247.24282836914062,24.42182731628418,-68.35438537597656,55.00910949707031,12.666584014892578,161.49204711914064,2.3976809978485107,2.2911808490753174,3.231114149093628,5.698054790496826,255.51068115234375,0.3744037598371506,0.3815642148256302
201,2026-09-01 13:44:07,train,166,full_training,1.9505348205566406,0.046624425798654556,12.0,1,0,0.016563987999688834,3.4043421745300293,2,32,1217,2304,relu,none,0.0,none,19472,orthogonal,3.8164965311686196,3.016789674758911,linear,166,3,0.19,768,2.1640102863311768,1.8049200903850364,0.04022469535062256,0.0,,gaussian,cpu,cpu,8,,float32,none,small,moderate,high,cpu,small_model__moderate_data__high_volume,0.02,32,adam,1e-05,orthogonal,53.49358367919922,10.868931770324707,-39.675106048583984,49.029136657714844,12.3374605178833,29.504578399658204,1.8352817296981812,1.7306913137435913,1.2219510078430176,3.3154172897338867,86.04273223876953,0.16619419306516647,0.06524237990379333
202,2026-09-01 13:44:08,train,167,full_training,2.1340301036834717,0.04595386981964111,241.0,1,0,0.32054954301565886,7.074922561645508,2,32,1281,2432,relu,none,0.0,none,20496,xavier,4.337605396906535,2.741262674331665,nonlinear_interaction,167,5,0.246,512,1.7443374395370483,1.6971259295766072,0.03638554832646497,0.0,,gaussian,cpu,cpu,8,,float32,none,small,moderate,medium,cpu,small_model__moderate_data__medium_volume,0.02,32,adam,1e-05,xavier,116.72314453125,8.590755462646484,-23.41776466369629,96.6053695678711,17.01453971862793,56.72251396179199,3.7674922943115234,3.4954307079315186,1.709735631942749,2.6338095664978027,22.564590454101562,0.24907997250556946,0.1692073792219162
203,2026-09-01 13:44:08,train,167,full_training,3.1994495391845703,0.03451458737254143,182.0,1,0,0.21139056701213121,6.3483428955078125,2,32,1281,2432,relu,none,0.0,none,20496,he,5.668473839759827,3.066263437271118,nonlinear_interaction,167,5,0.246,512,1.7443374395370483,1.6971259295766072,0.03638554832646497,0.0,,gaussian,cpu,cpu,8,,float32,none,small,moderate,medium,cpu,small_model__moderate_data__medium_volume,0.02,32,adam,1e-05,he,268.70367431640625,26.18879508972168,-375.54632568359375,96.6053695678711,17.014545440673828,193.0435432434082,3.7674922943115234,3.495429039001465,3.2887420654296875,6.534736633300781,124.09832763671875,0.47911490499973297,0.6260673403739929
204,2026-09-01 13:44:08,train,167,full_training,1.9311727285385132,0.03210046514868736,182.0,1,0,0.23002840799745172,6.709164142608643,2,32,1281,2432,relu,none,0.0,none,20496,orthogonal,4.054092566172282,2.926488161087036,nonlinear_interaction,167,5,0.246,512,1.7443374395370483,1.6971259295766072,0.03638554832646497,0.0,,gaussian,cpu,cpu,8,,float32,none,small,moderate,medium,cpu,small_model__moderate_data__medium_volume,0.02,32,adam,1e-05,orthogonal,84.57994079589844,6.270747184753418,-12.553750038146973,95.61149597167969,16.88732147216797,37.76814994812012,2.828805446624756,2.665759563446045,1.3011726140975952,2.3405380249023438,18.49609375,0.203495092689991,0.1080828346312046
205,2026-09-01 13:44:09,train,168,full_training,8.709885597229004,0.048911817371845245,596.0,1,0,0.8950418659951538,10.178864479064941,2,32,1217,2304,relu,none,0.0,none,19472,xavier,3.998493274052938,2.7725577354431152,nonlinear_product,168,3,0.155,768,6.8533759117126465,2.381309215553719,0.02674936230723331,0.0,,gaussian,cpu,cpu,8,,float32,none,small,moderate,high,cpu,small_model__moderate_data__high_volume,0.02,32,adam,1e-05,xavier,85.53611755371094,38.200462341308594,-711.790283203125,45.548309326171875,11.566502571105957,38.85715942382812,2.276522636413574,2.2352943420410156,1.3413786888122559,14.598346710205078,947.3531494140625,0.17457468062639236,0.08649833500385284
206,2026-09-01 13:44:10,train,168,full_training,7.573830604553223,0.03539828583598137,397.0,1,0,0.6084394740173593,8.653958320617676,2,32,1217,2304,relu,none,0.0,none,19472,he,5.3281480471293134,2.563436269760132,nonlinear_product,168,3,0.155,768,6.8533759117126465,2.381309215553719,0.02674936230723331,0.0,,gaussian,cpu,cpu,8,,float32,none,small,moderate,high,cpu,small_model__moderate_data__high_volume,0.02,32,adam,1e-05,he,247.24282836914062,103.26799011230469,-3255.45166015625,45.548309326171875,11.566499710083008,189.88335800170898,2.276522636413574,2.2352936267852783,3.2397377490997314,31.242591857910156,5310.01953125,0.42163795232772827,0.5045736879110336
207,2026-09-01 13:44:10,train,168,full_training,8.053290367126465,0.034037910401821136,397.0,1,0,0.46621873599360697,9.716900825500488,2,32,1217,2304,relu,none,0.0,none,19472,orthogonal,3.8164965311686196,3.016789674758911,nonlinear_product,168,3,0.155,768,6.8533759117126465,2.381309215553719,0.02674936230723331,0.0,,gaussian,cpu,cpu,8,,float32,none,small,moderate,high,cpu,small_model__moderate_data__high_volume,0.02,32,adam,1e-05,orthogonal,53.49358367919922,26.447479248046875,-375.58221435546875,32.67683410644531,11.965126991271973,12.07932071685791,1.7858134508132935,1.6986349821090698,1.2383829355239868,11.382925033569336,552.5084838867188,0.18247653543949127,0.07728022336959839
208,2026-09-01 13:44:11,train,169,full_training,1.2662889957427979,0.035153329372406006,22.0,1,0,0.02456909802276641,3.5266385078430176,2,32,1249,2368,relu,none,0.0,none,19984,xavier,4.106595436731975,2.8521344661712646,linear,169,4,0.156,384,2.081876039505005,1.7855732478434743,0.06628118437430429,0.0,,gaussian,cpu,cpu,8,,float32,none,small,moderate,medium,cpu,small_model__moderate_data__medium_volume,0.02,32,adam,1e-05,xavier,88.71050262451172,5.656627655029297,-6.600719928741455,77.19230651855469,13.388216018676758,38.866322708129886,3.498800039291382,3.38161039352417,1.6506849527359009,1.6962515115737915,82.20743560791016,0.20658299326896667,0.12439585477113724
209,2026-09-01 13:44:11,train,169,full_training,1.1601109504699707,0.03742537274956703,28.0,1,0,0.03613231499912217,3.2280778884887695,2,32,1249,2368,relu,none,0.0,none,19984,he,5.400059739748637,2.908212184906006,linear,169,4,0.156,384,2.081876039505005,1.7855732478434743,0.06628118437430429,0.0,,gaussian,cpu,cpu,8,,float32,none,small,moderate,medium,cpu,small_model__moderate_data__medium_volume,0.02,32,adam,1e-05,he,225.21484375,18.678922653198242,-253.227783203125,77.19230651855469,13.388216018676758,113.3279800415039,3.498800039291382,3.3816092014312744,3.501631259918213,4.763521671295166,220.3607940673828,0.43822869658470154,0.5597812831401825
210,2026-09-01 13:44:11,train,169,full_training,1.6154429912567139,0.04993477463722229,20.0,1,0,0.024935717025073245,3.6514527797698975,2,32,1249,2368,relu,none,0.0,none,19984,orthogonal,3.9428090254465737,2.9643869400024414,linear,169,4,0.156,384,2.081876039505005,1.7855732478434743,0.06628118437430429,0.0,,gaussian,cpu,cpu,8,,float32,none,small,moderate,medium,cpu,small_model__moderate_data__medium_volume,0.02,32,adam,1e-05,orthogonal,68.3827133178711,5.319293022155762,-8.658924102783203,89.30741882324219,15.232315063476562,28.03763771057129,2.059962034225464,1.9611506462097168,1.2699079513549805,1.7251641750335693,70.63688659667969,0.18287768959999084,0.08603772521018982
211,2026-09-01 13:44:11,train,170,full_training,3.068772315979004,0.04354438558220863,390.0,1,0,0.46955423199688084,8.143123626708984,2,32,1313,2496,relu,none,0.0,none,21008,xavier,4.628277778625488,2.699293613433838,nonlinear_interaction,170,6,0.273,512,2.200085163116455,1.8131865682659314,0.03784528918811696,0.0,,gaussian,cpu,cpu,8,,float32,none,small,noisy,medium,cpu,small_model__noisy_data__medium_volume,0.02,32,adam,1e-05,xavier,180.12289428710938,11.048912048339844,-29.032987594604492,101.62908935546875,18.516342163085938,39.59265975952148,5.384350776672363,5.177175521850586,1.862043023109436,3.4585464000701904,69.49813079833984,0.256455734372139,0.17694925516843796
212,2026-09-01 13:44:12,train,170,full_training,3.309880495071411,0.044328171759843826,297.0,1,0,0.38362281300942414,7.18973970413208,2,32,1313,2496,relu,none,0.0,none,21008,he,5.945054133733113,3.1431682109832764,nonlinear_interaction,170,6,0.273,512,2.200085163116455,1.8131865682659314,0.03784528918811696,0.0,,gaussian,cpu,cpu,8,,float32,none,small,noisy,medium,cpu,small_model__noisy_data__medium_volume,0.02,32,adam,1e-05,he,383.60638427734375,19.880910873413086,-47.21525573730469,101.62908935546875,18.516338348388672,89.20793342590332,5.384350299835205,5.177175521850586,3.3135299682617188,5.054995536804199,84.4402084350586,0.45636633038520813,0.5603393018245697
213,2026-09-01 13:44:12,train,170,full_training,3.084109306335449,0.049874648451805115,297.0,1,0,0.3261251740041189,7.538365364074707,2,32,1313,2496,relu,none,0.0,none,21008,orthogonal,4.154700259367625,2.899160146713257,nonlinear_interaction,170,6,0.273,512,2.200085163116455,1.8131865682659314,0.03784528918811696,0.0,,gaussian,cpu,cpu,8,,float32,none,small,noisy,medium,cpu,small_model__noisy_data__medium_volume,0.02,32,adam,1e-05,orthogonal,108.75711059570312,10.524850845336914,-69.29381561279297,113.51969909667969,18.2735538482666,19.452870559692382,3.5825393199920654,3.4665822982788086,1.4091006517410278,4.31380558013916,103.04273986816406,0.22177627682685852,0.12343118712306023
214,2026-09-01 13:44:12,test,171,full_training,13.915719985961914,0.04518331587314606,361.0,1,0,0.35549789600190707,8.3262939453125,2,32,1345,2560,relu,none,0.0,none,21520,xavier,4.824894110361735,2.6007485389709473,nonlinear_product,171,7,0.116,768,4.523515224456787,2.173583231261929,0.025636274183124523,0.0,,gaussian,cpu,cpu,8,,float32,none,small,moderate,high,cpu,small_model__moderate_data__high_volume,0.02,32,adam,1e-05,xavier,222.52198791503906,52.410179138183594,-1702.5062255859375,112.10409545898438,18.046598434448242,116.09667282104492,7.585730075836182,6.286670207977295,2.1741621494293213,17.386741638183594,136.8035125732422,0.3123314827680588,0.25847310572862625
215,2026-09-01 13:44:13,test,171,full_training,22.272777557373047,0.04668943211436272,330.0,1,0,0.5437040439865086,7.691518306732178,2,32,1345,2560,relu,none,0.0,none,21520,he,6.084149400393168,3.0874176025390625,nonlinear_product,171,7,0.116,768,4.523515224456787,2.173583231261929,0.025636274183124523,0.0,,gaussian,cpu,cpu,8,,float32,none,small,moderate,high,cpu,small_model__moderate_data__high_volume,0.02,32,adam,1e-05,he,444.48486328125,146.640869140625,-11263.0107421875,112.10409545898438,18.046598434448242,344.2938512802124,7.585731506347656,6.286674976348877,3.6287760734558105,39.949424743652344,848.025634765625,0.5212956219911575,0.720032274723053
216,2026-09-01 13:44:13,test,171,full_training,11.353681564331055,0.049774445593357086,265.0,1,0,0.3484880939940922,8.223355293273926,2,32,1345,2560,relu,none,0.0,none,21520,orthogonal,4.247219244639079,2.8800108432769775,nonlinear_product,171,7,0.116,768,4.523515224456787,2.173583231261929,0.025636274183124523,0.0,,gaussian,cpu,cpu,8,,float32,none,small,moderate,high,cpu,small_model__moderate_data__high_volume,0.02,32,adam,1e-05,orthogonal,111.43936157226562,29.093122482299805,-750.57275390625,106.9148941040039,18.922199249267578,95.18690948486328,4.246767997741699,4.017916679382324,1.542384386062622,12.466063499450684,36.04655075073242,0.27698688209056854,0.16387366503477097
217,2026-09-01 13:44:13,test,172,full_training,1.7511076927185059,0.04989855736494064,18.0,1,0,0.022978142980718985,3.1157495975494385,2,32,1249,2368,relu,none,0.0,none,19984,xavier,4.106595436731975,2.8521344661712646,linear,172,4,0.058,512,1.8007110357284546,1.7130293365804028,0.06231148412060411,0.0,,gaussian,cpu,cpu,8,,float32,none,small,clean,medium,cpu,small_model__clean_data__medium_volume,0.02,32,adam,1e-05,xavier,88.71050262451172,5.471760272979736,-9.67175579071045,70.02515411376953,13.75243091583252,29.29918165206909,3.536208152770996,3.3740737438201904,1.663926362991333,1.7353777885437012,19.12232208251953,0.20075467973947525,0.11276616528630257
218,2026-09-01 13:44:14,test,172,full_training,1.0340553522109985,0.04490410536527634,8.0,1,0,0.009690592007245868,2.0007944107055664,2,32,1249,2368,relu,none,0.0,none,19984,he,5.400059739748637,2.908212184906006,linear,172,4,0.058,512,1.8007110357284546,1.7130293365804028,0.06231148412060411,0.0,,gaussian,cpu,cpu,8,,float32,none,small,clean,medium,cpu,small_model__clean_data__medium_volume,0.02,32,adam,1e-05,he,225.21484375,17.713829040527344,-209.7054901123047,70.02515411376953,13.752427101135254,96.35556030273438,3.536208152770996,3.374074697494507,3.5297207832336426,4.677614688873291,75.08328247070312,0.42586496472358704,0.5074476897716522
219,2026-09-01 13:44:14,test,172,full_training,2.566004753112793,0.04467711225152016,22.0,1,0,0.029912577010691166,3.5538482666015625,2,32,1249,2368,relu,none,0.0,none,19984,orthogonal,3.9428090254465737,2.9643869400024414,linear,172,4,0.058,512,1.8007110357284546,1.7130293365804028,0.06231148412060411,0.0,,gaussian,cpu,cpu,8,,float32,none,small,clean,medium,cpu,small_model__clean_data__medium_volume,0.02,32,adam,1e-05,orthogonal,68.3827133178711,5.800751686096191,-14.528278350830078,80.76547241210938,15.245159149169922,26.533419799804687,2.0342957973480225,1.9452325105667114,1.2535500526428223,1.9635875225067139,25.421142578125,0.1782287061214447,0.07701877504587173
220,2026-09-01 13:44:14,train,173,full_training,1.222816824913025,0.0429215170443058,166.0,1,0,0.21748853498138487,6.391673564910889,2,32,1313,2496,relu,none,0.0,none,21008,xavier,4.628277778625488,2.699293613433838,nonlinear_interaction,173,6,0.146,512,1.9865691661834717,1.7621430900948654,0.030291027228857074,0.0,,gaussian,cpu,cpu,8,,float32,none,small,moderate,medium,cpu,small_model__moderate_data__medium_volume,0.02,32,adam,1e-05,xavier,180.12289428710938,15.838022232055664,-104.54802703857422,98.68446350097656,16.895322799682617,56.8485610961914,5.243103504180908,4.839634418487549,1.9038188457489014,4.841367721557617,185.87374877929688,0.31261301040649414,0.264701172709465
221,2026-09-01 13:44:14,train,173,full_training,1.7817151546478271,0.04967522621154785,140.0,1,0,0.1578368140035309,5.975011348724365,2,32,1313,2496,relu,none,0.0,none,21008,he,5.945054133733113,3.1431682109832764,nonlinear_interaction,173,6,0.146,512,1.9865691661834717,1.7621430900948654,0.030291027228857074,0.0,,gaussian,cpu,cpu,8,,float32,none,small,moderate,medium,cpu,small_model__moderate_data__medium_volume,0.02,32,adam,1e-05,he,383.60638427734375,38.28432846069336,-578.9719848632812,98.68446350097656,16.89531135559082,142.88227081298828,5.24310302734375,4.839635372161865,3.3878703117370605,10.181896209716797,785.5457153320312,0.5562989413738251,0.8382203876972198
222,2026-09-01 13:44:14,train,173,full_training,1.0058836936950684,0.03918243199586868,159.0,1,0,0.20126648098812439,6.225159168243408,2,32,1313,2496,relu,none,0.0,none,21008,orthogonal,4.154700259367625,2.899160146713257,nonlinear_interaction,173,6,0.146,512,1.9865691661834717,1.7621430900948654,0.030291027228857074,0.0,,gaussian,cpu,cpu,8,,float32,none,small,moderate,medium,cpu,small_model__moderate_data__medium_volume,0.02,32,adam,1e-05,orthogonal,108.75711059570312,9.545470237731934,-55.54629898071289,113.13813781738281,17.425493240356445,28.939599990844727,3.4690299034118652,3.455225706100464,1.4555673599243164,3.8413121700286865,129.70907592773438,0.2514077425003052,0.15321610867977142
223,2026-09-01 13:44:14,train,174,full_training,6.605494022369385,0.0447688028216362,96.0,1,0,0.12593212400679477,5.255422592163086,2,32,1217,2304,relu,none,0.0,none,19472,xavier,3.998493274052938,2.7725577354431152,nonlinear_product,174,3,0.133,256,2.7015511989593506,1.9158515962901812,0.021316493814775437,0.0,,gaussian,cpu,cpu,8,,float32,none,small,moderate,low,cpu,small_model__moderate_data__low_volume,0.02,32,adam,1e-05,xavier,85.53611755371094,23.044036865234375,-222.34532165527344,44.59620666503906,12.452241897583008,-0.3154961585998535,2.4235026836395264,2.2787506580352783,1.3138878345489502,8.365500450134277,101.92281341552734,0.158824160695076,0.07001753523945808
224,2026-09-01 13:44:15,train,174,full_training,6.810173034667969,0.03307925909757614,105.0,1,0,0.12076545401941985,4.506234169006348,2,32,1217,2304,relu,none,0.0,none,19472,he,5.3281480471293134,2.563436269760132,nonlinear_product,174,3,0.133,256,2.7015511989593506,1.9158515962901812,0.021316493814775437,0.0,,gaussian,cpu,cpu,8,,float32,none,small,moderate,low,cpu,small_model__moderate_data__low_volume,0.02,32,adam,1e-05,he,247.24282836914062,64.71177673339844,-1088.29296875,44.59620666503906,12.452241897583008,83.65189332962036,2.4235026836395264,2.2787508964538574,3.1733410358428955,17.4444580078125,603.4647216796875,0.38359682261943817,0.4084356725215912
225,2026-09-01 13:44:15,train,174,full_training,5.845578193664551,0.03398136794567108,98.0,1,0,0.1138487079879269,5.863582611083984,2,32,1217,2304,relu,none,0.0,none,19472,orthogonal,3.8164965311686196,3.016789674758911,nonlinear_product,174,3,0.133,256,2.7015511989593506,1.9158515962901812,0.021316493814775437,0.0,,gaussian,cpu,cpu,8,,float32,none,small,moderate,low,cpu,small_model__moderate_data__low_volume,0.02,32,adam,1e-05,orthogonal,53.49358367919922,14.496583938598633,-91.35586547851562,48.95208740234375,12.192048072814941,-3.6281620025634767,1.779140591621399,1.6756019592285156,1.2113888263702393,6.39306640625,61.67837905883789,0.16818755865097046,0.0671982541680336
226,2026-09-01 13:44:15,test,175,full_training,2.263913869857788,0.03982796147465706,26.0,1,0,0.03762823299621232,4.765149116516113,2,32,1281,2432,relu,none,0.0,none,20496,xavier,4.337605396906535,2.741262674331665,linear,175,5,0.07,384,1.9107416868209839,1.7426842753996985,0.033264524696958724,0.0,,gaussian,cpu,cpu,8,,float32,none,small,clean,medium,cpu,small_model__clean_data__medium_volume,0.02,32,adam,1e-05,xavier,116.72314453125,12.45202922821045,-73.73049926757812,99.80693817138672,17.358264923095703,70.76287355422974,4.099488258361816,3.7903337478637695,1.8009694814682007,3.583073139190674,213.79061889648438,0.25839580595493317,0.17927180230617523
227,2026-09-01 13:44:15,test,175,full_training,3.8022077083587646,0.028335297480225563,26.0,1,0,0.04023617200437002,4.580230712890625,2,32,1281,2432,relu,none,0.0,none,20496,he,5.668473839759827,3.066263437271118,linear,175,5,0.07,384,1.9107416868209839,1.7426842753996985,0.033264524696958724,0.0,,gaussian,cpu,cpu,8,,float32,none,small,clean,medium,cpu,small_model__clean_data__medium_volume,0.02,32,adam,1e-05,he,268.70367431640625,40.64891815185547,-714.012939453125,99.80693817138672,17.358264923095703,240.2635467529297,4.099488735198975,3.790334939956665,3.4642341136932373,9.707452774047852,1159.315185546875,0.4970342814922333,0.6633056700229645
228,2026-09-01 13:44:15,test,175,full_training,2.046802520751953,0.048704683780670166,23.0,1,0,0.035703164990991354,4.446260452270508,2,32,1281,2432,relu,none,0.0,none,20496,orthogonal,4.054092566172282,2.926488161087036,linear,175,5,0.07,384,1.9107416868209839,1.7426842753996985,0.033264524696958724,0.0,,gaussian,cpu,cpu,8,,float32,none,small,clean,medium,cpu,small_model__clean_data__medium_volume,0.02,32,adam,1e-05,orthogonal,84.57994079589844,8.028764724731445,-36.50585174560547,100.74217224121094,17.299766540527344,45.03857650756836,2.796705722808838,2.614591598510742,1.3104405403137207,2.867797374725342,242.2267608642578,0.20967642217874527,0.11782647669315338
229,2026-09-01 13:44:15,train,176,full_training,1.6904385089874268,0.04950658604502678,81.0,1,0,0.10745421799947508,5.432833194732666,2,32,1249,2368,relu,none,0.0,none,19984,xavier,4.106595436731975,2.8521344661712646,nonlinear_interaction,176,4,0.017,384,1.9395380020141602,1.7501634339161478,0.037743803738322174,0.0,,gaussian,cpu,cpu,8,,float32,none,small,clean,medium,cpu,small_model__clean_data__medium_volume,0.02,32,adam,1e-05,xavier,88.71050262451172,10.563383102416992,-100.86524200439453,89.16768646240234,13.905363082885742,17.757713985443115,3.348111152648926,3.2173070907592773,1.6230976581573486,4.351747035980225,180.29248046875,0.20478611439466476,0.11462985351681709
230,2026-09-01 13:44:15,train,176,full_training,2.776292324066162,0.042309440672397614,72.0,1,0,0.09422342598554678,5.04742956161499,2,32,1249,2368,relu,none,0.0,none,19984,he,5.400059739748637,2.908212184906006,nonlinear_interaction,176,4,0.017,384,1.9395380020141602,1.7501634339161478,0.037743803738322174,0.0,,gaussian,cpu,cpu,8,,float32,none,small,clean,medium,cpu,small_model__clean_data__medium_volume,0.02,32,adam,1e-05,he,225.21484375,40.18381881713867,-1292.567138671875,89.16768646240234,13.905357360839844,80.19010944366455,3.3481109142303467,3.2173049449920654,3.4431097507476807,13.102866172790527,1611.65869140625,0.4344169348478317,0.5158342868089676
231,2026-09-01 13:44:15,train,176,full_training,1.694214940071106,0.04699846729636192,91.0,1,0,0.11865536199184135,5.586613178253174,2,32,1249,2368,relu,none,0.0,none,19984,orthogonal,3.9428090254465737,2.9643869400024414,nonlinear_interaction,176,4,0.017,384,1.9395380020141602,1.7501634339161478,0.037743803738322174,0.0,,gaussian,cpu,cpu,8,,float32,none,small,clean,medium,cpu,small_model__clean_data__medium_volume,0.02,32,adam,1e-05,orthogonal,68.3827133178711,8.126748085021973,-44.943641662597656,77.17082977294922,15.83116626739502,16.66990566253662,2.01759672164917,1.974612832069397,1.2680153846740723,3.2302348613739014,66.7658462524414,0.1854800507426262,0.08123760297894478
232,2026-09-01 13:44:16,train,177,full_training,4.338425159454346,0.04119124263525009,246.0,1,0,0.2841448739927728,9.454278945922852,2,32,1249,2368,relu,none,0.0,none,19984,xavier,4.106595436731975,2.8521344661712646,nonlinear_product,177,4,0.15,384,6.238734722137451,2.334327229671031,0.040983647591368765,0.0,,gaussian,cpu,cpu,8,,float32,none,small,moderate,medium,cpu,small_model__moderate_data__medium_volume,0.02,32,adam,1e-05,xavier,88.71050262451172,16.01654052734375,-171.5090789794922,63.50596618652344,13.006614685058594,16.24734401702881,3.392728090286255,3.1140682697296143,1.6852409839630127,6.793779373168945,114.7741470336914,0.2300012707710266,0.14292027056217194
233,2026-09-01 13:44:16,train,177,full_training,6.400949478149414,0.04921437054872513,278.0,1,0,0.30457194600603543,8.585271835327148,2,32,1249,2368,relu,none,0.0,none,19984,he,5.400059739748637,2.908212184906006,nonlinear_product,177,4,0.15,384,6.238734722137451,2.334327229671031,0.040983647591368765,0.0,,gaussian,cpu,cpu,8,,float32,none,small,moderate,medium,cpu,small_model__moderate_data__medium_volume,0.02,32,adam,1e-05,he,225.21484375,50.98041915893555,-1301.7147216796875,63.50596618652344,13.006614685058594,100.42911987304687,3.392728090286255,3.1140689849853516,3.5749356746673584,15.166813850402832,544.994384765625,0.4879063665866852,0.6431411802768707
234,2026-09-01 13:44:17,train,177,full_training,3.966425895690918,0.047622598707675934,220.0,1,0,0.2684794300002977,9.317625045776367,2,32,1249,2368,relu,none,0.0,none,19984,orthogonal,3.9428090254465737,2.9643869400024414,nonlinear_product,177,4,0.15,384,6.238734722137451,2.334327229671031,0.040983647591368765,0.0,,gaussian,cpu,cpu,8,,float32,none,small,moderate,medium,cpu,small_model__moderate_data__medium_volume,0.02,32,adam,1e-05,orthogonal,68.3827133178711,12.494380950927734,-128.20120239257812,80.33757019042969,15.042801856994629,-7.757260799407959,1.9658944606781006,1.9591398239135742,1.2721681594848633,6.069063663482666,89.4959487915039,0.20239927619695663,0.09694283828139305
235,2026-09-01 13:44:17,train,178,full_training,1.4698817729949951,0.047469548881053925,27.0,1,0,0.030554648023098707,3.4524502754211426,2,32,1185,2240,relu,none,0.0,none,18960,xavier,3.9327030579249063,2.911090850830078,linear,178,2,0.287,768,2.028312921524048,1.77254072039472,0.028451807941695474,0.0,,gaussian,cpu,cpu,8,,float32,none,small,noisy,high,cpu,small_model__noisy_data__high_volume,0.02,32,adam,1e-05,xavier,58.31831359863281,10.29638671875,-36.88551712036133,-127.59991455078125,7.085178375244141,20.335626220703126,1.848535418510437,1.468858242034912,1.261806845664978,3.4860620498657227,49.39394760131836,0.13884614408016205,0.06753662787377834
236,2026-09-01 13:44:17,train,178,full_training,1.2096506357192993,0.04217357188463211,209.0,1,0,0.24599312999635004,3.5468807220458984,2,32,1185,2240,relu,none,0.0,none,18960,he,5.592296163241069,2.8417537212371826,linear,178,2,0.287,768,2.028312921524048,1.77254072039472,0.028451807941695474,0.0,,gaussian,cpu,cpu,8,,float32,none,small,noisy,high,cpu,small_model__noisy_data__high_volume,0.02,32,adam,1e-05,he,203.48391723632812,22.89555549621582,-180.62957763671875,-127.59991455078125,7.085179328918457,239.7139030456543,1.848535418510437,1.4688584804534912,3.678767681121826,7.483275890350342,426.3020935058594,0.404802605509758,0.5740613788366318
237,2026-09-01 13:44:17,train,178,full_training,1.5924832820892334,0.04479679837822914,27.0,1,0,0.04036128398729488,3.675677537918091,2,32,1185,2240,relu,none,0.0,none,18960,orthogonal,3.666666487852732,3.0912060737609863,linear,178,2,0.287,768,2.028312921524048,1.77254072039472,0.028451807941695474,0.0,,gaussian,cpu,cpu,8,,float32,none,small,noisy,high,cpu,small_model__noisy_data__high_volume,0.02,32,adam,1e-05,orthogonal,35.72531509399414,7.207494735717773,-21.514881134033203,-154.81884765625,7.296270847320557,-0.15772247314453125,1.3208880424499512,1.269253134727478,1.0834920406341553,2.571922779083252,23.593063354492188,0.12366597354412079,0.04895790293812752
238,2026-09-01 13:44:17,train,179,full_training,1.4511797428131104,0.04053301364183426,74.0,1,0,0.09508150498731993,5.2734761238098145,2,32,1281,2432,relu,none,0.0,none,20496,xavier,4.337605396906535,2.741262674331665,nonlinear_interaction,179,5,0.037,256,1.8855950832366943,1.7360602657566087,0.048739738949827485,0.0,,gaussian,cpu,cpu,8,,float32,none,small,clean,low,cpu,small_model__clean_data__low_volume,0.02,32,adam,1e-05,xavier,116.72314453125,7.5313029289245605,-28.761362075805664,97.80430603027344,16.563669204711914,54.31886177062988,3.9591658115386963,3.603276252746582,1.7084399461746216,2.147865056991577,63.28543472290039,0.2407139167189598,0.15401716530323029
239,2026-09-01 13:44:17,train,179,full_training,2.8995423316955566,0.04951867833733559,66.0,1,0,0.09397997299674898,4.9764084815979,2,32,1281,2432,relu,none,0.0,none,20496,he,5.668473839759827,3.066263437271118,nonlinear_interaction,179,5,0.037,256,1.8855950832366943,1.7360602657566087,0.048739738949827485,0.0,,gaussian,cpu,cpu,8,,float32,none,small,clean,low,cpu,small_model__clean_data__low_volume,0.02,32,adam,1e-05,he,268.70367431640625,28.261920928955078,-504.272705078125,97.80430603027344,16.563669204711914,183.66432418823243,3.9591660499572754,3.6032769680023193,3.286250114440918,7.226836204528809,516.489501953125,0.46302251517772675,0.5698635578155518
240,2026-09-01 13:44:17,train,179,full_training,1.1828744411468506,0.045616697520017624,62.0,1,0,0.10684362301253714,5.223621845245361,2,32,1281,2432,relu,none,0.0,none,20496,orthogonal,4.054092566172282,2.926488161087036,nonlinear_interaction,179,5,0.037,256,1.8855950832366943,1.7360602657566087,0.048739738949827485,0.0,,gaussian,cpu,cpu,8,,float32,none,small,clean,low,cpu,small_model__clean_data__low_volume,0.02,32,adam,1e-05,orthogonal,84.57994079589844,3.907559633255005,-4.447685241699219,100.20245361328125,16.571765899658203,28.191410636901857,2.8229236602783203,2.725916624069214,1.3189823627471924,1.3210093975067139,19.83913803100586,0.19434921443462372,0.09598414972424507
241,2026-09-01 13:44:18,train,180,full_training,8.485502243041992,0.04546322673559189,88.0,1,0,0.14323778898688033,7.0174407958984375,2,32,1249,2368,relu,none,0.0,none,19984,xavier,4.106595436731975,2.8521344661712646,nonlinear_product,180,4,0.024,256,5.950504779815674,2.3106765596561223,0.03605854375296795,0.0,,gaussian,cpu,cpu,8,,float32,none,small,clean,low,cpu,small_model__clean_data__low_volume,0.02,32,adam,1e-05,xavier,88.71050262451172,15.589006423950195,-189.77847290039062,71.8037109375,13.740517616271973,4.7779090881347654,3.5586278438568115,3.353243350982666,1.679640769958496,6.886685371398926,169.254638671875,0.21374502778053284,0.12410726398229599
242,2026-09-01 13:44:18,train,180,full_training,8.840431213378906,0.04362093657255173,113.0,1,0,0.18112121999729425,6.472322940826416,2,32,1249,2368,relu,none,0.0,none,19984,he,5.400059739748637,2.908212184906006,nonlinear_product,180,4,0.024,256,5.950504779815674,2.3106765596561223,0.03605854375296795,0.0,,gaussian,cpu,cpu,8,,float32,none,small,clean,low,cpu,small_model__clean_data__low_volume,0.02,32,adam,1e-05,he,225.21484375,47.40935134887695,-1423.09423828125,71.8037109375,13.740520477294922,75.75460739135742,3.5586278438568115,3.3532447814941406,3.563056230545044,15.873311042785645,952.2627563476562,0.4534216970205307,0.5584826469421387
243,2026-09-01 13:44:18,train,180,full_training,8.643818855285645,0.0305002611130476,144.0,1,0,0.21412728299037553,7.401811599731445,2,32,1249,2368,relu,none,0.0,none,19984,orthogonal,3.9428090254465737,2.9643869400024414,nonlinear_product,180,4,0.024,256,5.950504779815674,2.3106765596561223,0.03605854375296795,0.0,,gaussian,cpu,cpu,8,,float32,none,small,clean,low,cpu,small_model__clean_data__low_volume,0.02,32,adam,1e-05,orthogonal,68.3827133178711,12.992965698242188,-141.416259765625,72.41465759277344,14.920831680297852,-10.320772933959962,2.092255115509033,2.0422441959381104,1.291391372680664,6.123983383178711,113.62454986572266,0.19727881252765656,0.09201492741703987
244,2026-09-01 13:44:18,train,181,full_training,2.067613363265991,0.04962129518389702,36.0,1,0,0.05200091298320331,4.777931213378906,2,32,1313,2496,relu,none,0.0,none,21008,xavier,4.628277778625488,2.699293613433838,linear,181,6,0.21,256,2.0698647499084473,1.7826801666717549,0.029376245152445808,0.0,,gaussian,cpu,cpu,8,,float32,none,small,moderate,low,cpu,small_model__moderate_data__low_volume,0.02,32,adam,1e-05,xavier,180.12289428710938,12.439081192016602,-40.2579460144043,106.33648681640625,17.12476921081543,48.10183219909668,4.934711456298828,4.599194526672363,1.8814713954925537,3.294069766998291,43.97201156616211,0.29836732149124146,0.23142454773187637
245,2026-09-01 13:44:18,train,181,full_training,2.22914981842041,0.039312057197093964,33.0,1,0,0.04624580399831757,4.341968536376953,2,32,1313,2496,relu,none,0.0,none,21008,he,5.945054133733113,3.1431682109832764,linear,181,6,0.21,256,2.0698647499084473,1.7826801666717549,0.029376245152445808,0.0,,gaussian,cpu,cpu,8,,float32,none,small,moderate,low,cpu,small_model__moderate_data__low_volume,0.02,32,adam,1e-05,he,383.60638427734375,26.334793090820312,-160.83639526367188,106.33648681640625,17.124773025512695,116.98202896118164,4.934711456298828,4.599195957183838,3.3481028079986572,6.05920934677124,193.9061737060547,0.5309485346078873,0.7328444123268127
246,2026-09-01 13:44:18,train,181,full_training,2.38261079788208,0.047755610197782516,41.0,1,0,0.060667813988402486,5.121124744415283,2,32,1313,2496,relu,none,0.0,none,21008,orthogonal,4.154700259367625,2.899160146713257,linear,181,6,0.21,256,2.0698647499084473,1.7826801666717549,0.029376245152445808,0.0,,gaussian,cpu,cpu,8,,float32,none,small,moderate,low,cpu,small_model__moderate_data__low_volume,0.02,32,adam,1e-05,orthogonal,108.75711059570312,9.16334342956543,-48.247318267822266,114.14897155761719,17.522701263427734,26.178309822082518,3.431520938873291,3.1337831020355225,1.4629567861557007,3.4765093326568604,41.799861907958984,0.2437218502163887,0.13981200754642487
247,2026-09-01 13:44:19,train,182,full_training,2.7591769695281982,0.048508480191230774,115.0,1,0,0.20568488800199702,6.410723686218262,2,32,1345,2560,relu,none,0.0,none,21520,xavier,4.824894110361735,2.6007485389709473,nonlinear_interaction,182,7,0.106,384,2.360959529876709,1.84847259163583,0.03492144863045392,0.0,,gaussian,cpu,cpu,8,,float32,none,small,moderate,medium,cpu,small_model__moderate_data__medium_volume,0.02,32,adam,1e-05,xavier,222.52198791503906,24.030893325805664,-352.4325256347656,114.94469451904297,18.498018264770508,94.92390937805176,8.052371978759766,6.76655912399292,2.1004738807678223,6.808254241943359,63.28942108154297,0.282800555229187,0.21486248075962067
248,2026-09-01 13:44:19,train,182,full_training,5.84871768951416,0.04448995739221573,167.0,1,0,0.22997885901713744,6.587685585021973,2,32,1345,2560,relu,none,0.0,none,21520,he,6.084149400393168,3.0874176025390625,nonlinear_interaction,182,7,0.106,384,2.360959529876709,1.84847259163583,0.03492144863045392,0.0,,gaussian,cpu,cpu,8,,float32,none,small,moderate,medium,cpu,small_model__moderate_data__medium_volume,0.02,32,adam,1e-05,he,444.48486328125,80.52879333496094,-3392.2587890625,114.94469451904297,18.498008728027344,256.4055892944336,8.052372932434082,6.766557693481445,3.5057873725891113,19.591838836669922,249.67486572265625,0.4720071256160736,0.5985455214977264
249,2026-09-01 13:44:19,train,182,full_training,2.062380313873291,0.045436080545186996,115.0,1,0,0.14307768901926465,6.570804595947266,2,32,1345,2560,relu,none,0.0,none,21520,orthogonal,4.247219244639079,2.8800108432769775,nonlinear_interaction,182,7,0.106,384,2.360959529876709,1.84847259163583,0.03492144863045392,0.0,,gaussian,cpu,cpu,8,,float32,none,small,moderate,medium,cpu,small_model__moderate_data__medium_volume,0.02,32,adam,1e-05,orthogonal,111.43936157226562,9.757802963256836,-106.81570434570312,115.95021057128906,19.495168685913086,61.74892120361328,4.410238742828369,4.056255340576172,1.521133303642273,4.009105205535889,54.497467041015625,0.2446914166212082,0.13357746601104736
250,2026-09-01 13:44:19,train,183,full_training,9.477668762207031,0.04565100371837616,65.0,1,0,0.08052014198619872,4.832371234893799,2,32,1217,2304,relu,none,0.0,none,19472,xavier,3.998493274052938,2.7725577354431152,nonlinear_product,183,3,0.027,256,3.3275136947631836,2.0200512266596578,0.117106397142942,0.0,,gaussian,cpu,cpu,8,,float32,none,small,clean,low,cpu,small_model__clean_data__low_volume,0.02,32,adam,1e-05,xavier,85.53611755371094,20.676620483398438,-182.8927001953125,50.22773361206055,12.273098945617676,20.789225387573243,2.294121026992798,2.107548236846924,1.325425386428833,7.878667831420898,346.9152526855469,0.1508374810218811,0.06368906050920486
251,2026-09-01 13:44:19,train,183,full_training,8.621809005737305,0.03599777817726135,97.0,1,0,0.11925385397626087,4.392204284667969,2,32,1217,2304,relu,none,0.0,none,19472,he,5.3281480471293134,2.563436269760132,nonlinear_product,183,3,0.027,256,3.3275136947631836,2.0200512266596578,0.117106397142942,0.0,,gaussian,cpu,cpu,8,,float32,none,small,clean,low,cpu,small_model__clean_data__low_volume,0.02,32,adam,1e-05,he,247.24282836914062,55.08714294433594,-748.6627197265625,50.22773361206055,12.273098945617676,128.72754287719727,2.294121265411377,2.107548713684082,3.2012064456939697,15.572921752929688,1516.2667236328125,0.364307165145874,0.3715195655822754
252,2026-09-01 13:44:20,train,183,full_training,8.647668838500977,0.046383265405893326,74.0,1,0,0.09809382201638073,5.260885715484619,2,32,1217,2304,relu,none,0.0,none,19472,orthogonal,3.8164965311686196,3.016789674758911,nonlinear_product,183,3,0.027,256,3.3275136947631836,2.0200512266596578,0.117106397142942,0.0,,gaussian,cpu,cpu,8,,float32,none,small,clean,low,cpu,small_model__clean_data__low_volume,0.02,32,adam,1e-05,orthogonal,53.49358367919922,14.161247253417969,-84.21952819824219,27.986867904663086,12.236518859863281,1.7087337493896484,1.7918674945831299,1.73763108253479,1.2377082109451294,6.175569534301758,216.66876220703125,0.15994223952293396,0.05956774391233921
253,2026-09-01 13:44:20,train,184,full_training,1.1634083986282349,0.041024450212717056,10.0,1,0,0.01753392899991013,2.6355342864990234,2,32,1249,2368,relu,none,0.0,none,19984,xavier,4.106595436731975,2.8521344661712646,linear,184,4,0.002,512,1.9351303577423096,1.7490258794821123,0.026131784538017733,0.0,,gaussian,cpu,cpu,8,,float32,none,small,clean,medium,cpu,small_model__clean_data__medium_volume,0.02,32,adam,1e-05,xavier,88.71050262451172,10.166691780090332,-34.489158630371094,68.3824691772461,14.041876792907715,39.83453559875488,3.4193243980407715,3.2660508155822754,1.5809974670410156,3.5041961669921875,103.10659790039062,0.19700781255960464,0.10406211391091347
254,2026-09-01 13:44:20,train,184,full_training,1.0089657306671143,0.0398368313908577,11.0,1,0,0.014030010002898052,2.2004318237304688,2,32,1249,2368,relu,none,0.0,none,19984,he,5.400059739748637,2.908212184906006,linear,184,4,0.002,512,1.9351303577423096,1.7490258794821123,0.026131784538017733,0.0,,gaussian,cpu,cpu,8,,float32,none,small,clean,medium,cpu,small_model__clean_data__medium_volume,0.02,32,adam,1e-05,he,225.21484375,22.192686080932617,-105.46107482910156,68.3824691772461,14.041876792907715,116.22671813964844,3.4193241596221924,3.2660489082336426,3.353801727294922,5.690639019012451,257.4690246582031,0.4179166704416275,0.4682794511318207
255,2026-09-01 13:44:20,train,184,full_training,1.4531100988388062,0.047850534319877625,12.0,1,0,0.014885023003444076,3.132307767868042,2,32,1249,2368,relu,none,0.0,none,19984,orthogonal,3.9428090254465737,2.9643869400024414,linear,184,4,0.002,512,1.9351303577423096,1.7490258794821123,0.026131784538017733,0.0,,gaussian,cpu,cpu,8,,float32,none,small,clean,medium,cpu,small_model__clean_data__medium_volume,0.02,32,adam,1e-05,orthogonal,68.3827133178711,9.996026992797852,-49.807716369628906,74.3272705078125,15.987847328186035,39.573251724243164,2.100668430328369,2.0211217403411865,1.2646597623825073,3.697359085083008,94.69654083251953,0.17852067947387695,0.07374661415815353
256,2026-09-01 13:44:20,train,185,full_training,2.684028148651123,0.044775210320949554,85.0,1,0,0.10921084598521702,5.4617018699646,2,32,1249,2368,relu,none,0.0,none,19984,xavier,4.106595436731975,2.8521344661712646,nonlinear_interaction,185,4,0.046,512,1.6890950202941895,1.68103498048383,0.02409972161449352,0.0,,gaussian,cpu,cpu,8,,float32,none,small,clean,medium,cpu,small_model__clean_data__medium_volume,0.02,32,adam,1e-05,xavier,88.71050262451172,8.83365249633789,-77.26080322265625,66.91999816894531,13.673832893371582,18.89834055900574,3.2896974086761475,3.2928478717803955,1.6194186210632324,3.746915102005005,8.814798355102539,0.20795902609825134,0.1171247661113739
257,2026-09-01 13:44:20,train,185,full_training,4.226571559906006,0.04937988147139549,74.0,1,0,0.08605968099436723,4.618947982788086,2,32,1249,2368,relu,none,0.0,none,19984,he,5.400059739748637,2.908212184906006,nonlinear_interaction,185,4,0.046,512,1.6890950202941895,1.68103498048383,0.02409972161449352,0.0,,gaussian,cpu,cpu,8,,float32,none,small,clean,medium,cpu,small_model__clean_data__medium_volume,0.02,32,adam,1e-05,he,225.21484375,35.698280334472656,-1076.891357421875,66.91999816894531,13.673830032348633,78.68927097320557,3.2896974086761475,3.2928459644317627,3.43530535697937,11.694143295288086,109.74773406982422,0.44114769995212555,0.527061402797699
258,2026-09-01 13:44:20,train,185,full_training,2.607452869415283,0.04653489962220192,85.0,1,0,0.10480838100193068,5.46872091293335,2,32,1249,2368,relu,none,0.0,none,19984,orthogonal,3.9428090254465737,2.9643869400024414,nonlinear_interaction,185,4,0.046,512,1.6890950202941895,1.68103498048383,0.02409972161449352,0.0,,gaussian,cpu,cpu,8,,float32,none,small,clean,medium,cpu,small_model__clean_data__medium_volume,0.02,32,adam,1e-05,orthogonal,68.3827133178711,7.063594341278076,-33.65434265136719,80.2945785522461,15.382530212402344,21.909364414215087,2.0400187969207764,1.9968595504760742,1.2280452251434326,2.6888601779937744,6.347087860107422,0.18756721913814545,0.0853622630238533
259,2026-09-01 13:44:21,train,186,full_training,4.114716053009033,0.04452545940876007,317.0,1,0,0.3934041779721156,9.557839393615723,2,32,1281,2432,relu,none,0.0,none,20496,xavier,4.337605396906535,2.741262674331665,nonlinear_product,186,5,0.198,768,4.622787952423096,2.1844375212019687,0.02566355619959849,0.0,,gaussian,cpu,cpu,8,,float32,none,small,moderate,high,cpu,small_model__moderate_data__high_volume,0.02,32,adam,1e-05,xavier,116.72314453125,11.287358283996582,-15.821310043334961,89.95191192626953,16.384366989135742,56.182407760620116,4.3383049964904785,4.231977462768555,1.7027587890625,4.369861125946045,129.19358825683594,0.22702735662460327,0.15539415180683136
260,2026-09-01 13:44:21,train,186,full_training,3.338754653930664,0.03840668871998787,317.0,1,0,0.3704741249966901,9.200777053833008,2,32,1281,2432,relu,none,0.0,none,20496,he,5.668473839759827,3.066263437271118,nonlinear_product,186,5,0.198,768,4.622787952423096,2.1844375212019687,0.02566355619959849,0.0,,gaussian,cpu,cpu,8,,float32,none,small,moderate,high,cpu,small_model__moderate_data__high_volume,0.02,32,adam,1e-05,he,268.70367431640625,18.428977966308594,-35.68114471435547,89.95191192626953,16.384366989135742,158.7653366088867,4.3383049964904785,4.231976509094238,3.2753214836120605,4.911620140075684,284.937255859375,0.43669581413269043,0.574958398938179
261,2026-09-01 13:44:22,train,186,full_training,4.6966142654418945,0.046798668801784515,444.0,1,0,0.5309784990095068,10.446898460388184,2,32,1281,2432,relu,none,0.0,none,20496,orthogonal,4.054092566172282,2.926488161087036,nonlinear_product,186,5,0.198,768,4.622787952423096,2.1844375212019687,0.02566355619959849,0.0,,gaussian,cpu,cpu,8,,float32,none,small,moderate,high,cpu,small_model__moderate_data__high_volume,0.02,32,adam,1e-05,orthogonal,84.57994079589844,8.963481903076172,-31.95126724243164,87.53550720214844,16.31317901611328,26.661139965057373,3.112504005432129,2.9124367237091064,1.309004783630371,4.241556167602539,100.02363586425781,0.18594469130039215,0.1028970405459404
262,2026-09-01 13:44:22,train,187,full_training,1.1730015277862549,0.042434681206941605,35.0,1,0,0.05107895698165521,3.6955525875091553,2,32,1249,2368,relu,none,0.0,none,19984,xavier,4.106595436731975,2.8521344661712646,linear,187,4,0.247,384,1.9602140188217163,1.7554653634835027,0.05693579759355436,0.0,,gaussian,cpu,cpu,8,,float32,none,small,moderate,medium,cpu,small_model__moderate_data__medium_volume,0.02,32,adam,1e-05,xavier,88.71050262451172,11.37529182434082,-43.633033752441406,68.37838745117188,13.514386177062988,46.84849052429199,3.3844501972198486,3.2528879642486572,1.6036648750305176,4.082316875457764,431.870849609375,0.22351471334695816,0.13812058418989182
263,2026-09-01 13:44:22,train,187,full_training,1.1984375715255737,0.048072364181280136,28.0,1,0,0.03801468602614477,3.288210868835449,2,32,1249,2368,relu,none,0.0,none,19984,he,5.400059739748637,2.908212184906006,linear,187,4,0.247,384,1.9602140188217163,1.7554653634835027,0.05693579759355436,0.0,,gaussian,cpu,cpu,8,,float32,none,small,moderate,medium,cpu,small_model__moderate_data__medium_volume,0.02,32,adam,1e-05,he,225.21484375,26.08521270751953,-184.62060546875,68.37838745117188,13.514386177062988,138.99257202148436,3.3844501972198486,3.252887487411499,3.4018867015838623,6.651838302612305,813.7273559570312,0.4741462767124176,0.6215426027774811
264,2026-09-01 13:44:22,train,187,full_training,1.4976283311843872,0.038356054574251175,28.0,1,0,0.031452277005882934,4.026036262512207,2,32,1249,2368,relu,none,0.0,none,19984,orthogonal,3.9428090254465737,2.9643869400024414,linear,187,4,0.247,384,1.9602140188217163,1.7554653634835027,0.05693579759355436,0.0,,gaussian,cpu,cpu,8,,float32,none,small,moderate,medium,cpu,small_model__moderate_data__medium_volume,0.02,32,adam,1e-05,orthogonal,68.3827133178711,12.293089866638184,-76.55044555664062,75.27772521972656,14.956433296203613,48.43192644119263,2.0289406776428223,1.9779140949249268,1.244908094406128,4.5778913497924805,412.7402038574219,0.20440483838319778,0.09549186751246452
265,2026-09-01 13:44:22,train,188,full_training,2.2318623065948486,0.044911134988069534,70.0,1,0,0.10180797200882807,5.586675643920898,2,32,1281,2432,relu,none,0.0,none,20496,xavier,4.337605396906535,2.741262674331665,nonlinear_interaction,188,5,0.08,256,2.1932740211486816,1.8116362403416715,0.06224018437452713,0.0,,gaussian,cpu,cpu,8,,float32,none,small,clean,low,cpu,small_model__clean_data__low_volume,0.02,32,adam,1e-05,xavier,116.72314453125,8.154498100280762,-24.426982879638672,94.49330139160156,16.411752700805664,58.56829414367676,3.93630313873291,3.5193893909454346,1.7192537784576416,2.291109800338745,160.6074981689453,0.23006248474121094,0.15101373195648193
266,2026-09-01 13:44:22,train,188,full_training,3.736215829849243,0.042559102177619934,85.0,1,0,0.10156344599090517,5.1868720054626465,2,32,1281,2432,relu,none,0.0,none,20496,he,5.668473839759827,3.066263437271118,nonlinear_interaction,188,5,0.08,256,2.1932740211486816,1.8116362403416715,0.06224018437452713,0.0,,gaussian,cpu,cpu,8,,float32,none,small,clean,low,cpu,small_model__clean_data__low_volume,0.02,32,adam,1e-05,he,268.70367431640625,27.937335968017578,-476.9406433105469,94.49330139160156,16.41175651550293,179.013338470459,3.9363036155700684,3.519388198852539,3.3070507049560547,6.9785966873168945,1089.1944580078125,0.44253401458263397,0.5587508082389832
267,2026-09-01 13:44:22,train,188,full_training,1.9745135307312012,0.04783264547586441,82.0,1,0,0.10268558500683866,5.782646656036377,2,32,1281,2432,relu,none,0.0,none,20496,orthogonal,4.054092566172282,2.926488161087036,nonlinear_interaction,188,5,0.08,256,2.1932740211486816,1.8116362403416715,0.06224018437452713,0.0,,gaussian,cpu,cpu,8,,float32,none,small,clean,low,cpu,small_model__clean_data__low_volume,0.02,32,adam,1e-05,orthogonal,84.57994079589844,6.031765937805176,-13.175703048706055,96.22372436523438,17.270465850830078,30.55852336883545,2.886911392211914,2.7790727615356445,1.3082107305526733,2.0773770809173584,72.4953384399414,0.1880057007074356,0.09328480437397957
268,2026-09-01 13:44:23,train,189,full_training,5.525446891784668,0.0346541702747345,799.0,1,0,1.0235104309977032,11.687440872192383,2,32,1313,2496,relu,none,0.0,none,21008,xavier,4.628277778625488,2.699293613433838,nonlinear_product,189,6,0.246,512,4.773606300354004,2.2004895617335203,0.04092835591366822,0.0,,gaussian,cpu,cpu,8,,float32,none,small,moderate,medium,cpu,small_model__moderate_data__medium_volume,0.02,32,adam,1e-05,xavier,180.12289428710938,25.48433494567871,-308.46282958984375,104.83343505859375,17.95954704284668,101.02996664047241,4.90757417678833,4.674614429473877,1.87660813331604,9.548562049865723,2978.564697265625,0.28642795979976654,0.22233445197343826
269,2026-09-01 13:44:25,train,189,full_training,5.837102890014648,0.03873105347156525,769.0,1,0,1.1934627929877024,10.640750885009766,2,32,1313,2496,relu,none,0.0,none,21008,he,5.945054133733113,3.1431682109832764,nonlinear_product,189,6,0.246,512,4.773606300354004,2.2004895617335203,0.04092835591366822,0.0,,gaussian,cpu,cpu,8,,float32,none,small,moderate,medium,cpu,small_model__moderate_data__medium_volume,0.02,32,adam,1e-05,he,383.60638427734375,52.78948974609375,-1025.9256591796875,104.83343505859375,17.95954704284668,193.55557498931884,4.907574653625488,4.67461633682251,3.3394484519958496,16.472946166992188,9477.3642578125,0.5097022950649261,0.7040591239929199
270,2026-09-01 13:44:25,train,189,full_training,5.537986755371094,0.04865388944745064,370.0,1,0,0.4465183670108672,9.2700777053833,2,32,1313,2496,relu,none,0.0,none,21008,orthogonal,4.154700259367625,2.899160146713257,nonlinear_product,189,6,0.246,512,4.773606300354004,2.2004895617335203,0.04092835591366822,0.0,,gaussian,cpu,cpu,8,,float32,none,small,moderate,medium,cpu,small_model__moderate_data__medium_volume,0.02,32,adam,1e-05,orthogonal,108.75711059570312,16.474376678466797,-174.86917114257812,108.11376953125,17.91284942626953,30.412870788574217,3.507941246032715,3.3657259941101074,1.441723346710205,7.4475297927856445,1204.198974609375,0.2452109307050705,0.14887505024671555
271,2026-09-01 13:44:25,train,190,full_training,0.8621395826339722,0.040572620928287506,11.0,1,0,0.020421444001840428,2.706888437271118,2,32,1185,2240,relu,none,0.0,none,18960,xavier,3.9327030579249063,2.911090850830078,linear,190,2,0.051,512,2.124018907546997,1.7955935358038506,0.034528248916268746,0.0,,gaussian,cpu,cpu,8,,float32,none,small,clean,medium,cpu,small_model__clean_data__medium_volume,0.02,32,adam,1e-05,xavier,58.31831359863281,12.358659744262695,-47.2364616394043,-150.15289306640625,7.181763648986816,9.88534231185913,1.8553262948989868,1.468858242034912,1.2191507816314697,4.137226104736328,94.91970825195312,0.14148129522800446,0.07056481763720512
272,2026-09-01 13:44:25,train,190,full_training,0.8713797926902771,0.020271921530365944,15.0,1,0,0.019060578022617847,2.17498517036438,2,32,1185,2240,relu,none,0.0,none,18960,he,5.592296163241069,2.8417537212371826,linear,190,2,0.051,512,2.124018907546997,1.7955935358038506,0.034528248916268746,0.0,,gaussian,cpu,cpu,8,,float32,none,small,clean,medium,cpu,small_model__clean_data__medium_volume,0.02,32,adam,1e-05,he,203.48391723632812,25.470312118530273,-174.8629913330078,-150.15289306640625,7.1817626953125,219.89931449890136,1.8553264141082764,1.4688584804534912,3.5544047355651855,7.847592353820801,465.2351379394531,0.4124852865934372,0.5998009741306305
273,2026-09-01 13:44:25,train,190,full_training,0.9396816492080688,0.019976096227765083,12.0,1,0,0.01927674698526971,2.9279401302337646,2,32,1185,2240,relu,none,0.0,none,18960,orthogonal,3.666666487852732,3.0912060737609863,linear,190,2,0.051,512,2.124018907546997,1.7955935358038506,0.034528248916268746,0.0,,gaussian,cpu,cpu,8,,float32,none,small,clean,medium,cpu,small_model__clean_data__medium_volume,0.02,32,adam,1e-05,orthogonal,35.72531509399414,8.456103324890137,-31.130516052246094,-121.58277130126953,7.413248062133789,-6.898763275146484,1.3631525039672852,1.322782039642334,1.0615339279174805,3.1055445671081543,52.63611602783203,0.1276870109140873,0.049515143036842346
274,2026-09-01 13:44:26,train,191,full_training,2.4094810485839844,0.043147407472133636,191.0,1,0,0.3651708690158557,6.956789493560791,2,32,1377,2624,relu,none,0.0,none,22032,xavier,4.944721817970276,2.613090753555298,nonlinear_interaction,191,8,0.236,384,1.621226191520691,1.660529918844543,0.04300278364085409,0.0,,gaussian,cpu,cpu,8,,float32,none,small,moderate,medium,cpu,small_model__moderate_data__medium_volume,0.02,32,adam,1e-05,xavier,284.1978759765625,20.926044464111328,-275.9606628417969,111.79423522949219,17.503026962280273,53.97220649719238,24.682147979736328,13.127755165100098,2.3036887645721436,6.711014270782471,75.73800659179688,0.3164166212081909,0.28966405987739563
275,2026-09-01 13:44:26,train,191,full_training,4.253397464752197,0.037483975291252136,205.0,1,0,0.25227970600826666,6.496403694152832,2,32,1377,2624,relu,none,0.0,none,22032,he,6.131039500236511,3.138056993484497,nonlinear_interaction,191,8,0.236,384,1.621226191520691,1.660529918844543,0.04300278364085409,0.0,,gaussian,cpu,cpu,8,,float32,none,small,moderate,medium,cpu,small_model__moderate_data__medium_volume,0.02,32,adam,1e-05,he,537.7823486328125,55.064727783203125,-1622.5224609375,111.79423522949219,17.50303077697754,125.11251068115234,24.68207550048828,13.127766609191895,3.642451286315918,14.830021858215332,405.2782287597656,0.5002985894680023,0.7241601645946503
276,2026-09-01 13:44:26,train,191,full_training,2.0468666553497314,0.043057989329099655,205.0,1,0,0.2512190120178275,7.603485107421875,2,32,1377,2624,relu,none,0.0,none,22032,orthogonal,4.333333333333333,2.8674416542053223,nonlinear_interaction,191,8,0.236,384,1.621226191520691,1.660529918844543,0.04300278364085409,0.0,,gaussian,cpu,cpu,8,,float32,none,small,moderate,medium,cpu,small_model__moderate_data__medium_volume,0.02,32,adam,1e-05,orthogonal,140.87918090820312,9.18585205078125,-81.44793701171875,117.31977844238281,19.139259338378906,46.00153350830078,6.756512641906738,5.905254364013672,1.5114624500274658,3.9040048122406006,20.430192947387695,0.2502381131052971,0.1464233621954918
277,2026-09-01 13:44:27,train,192,full_training,5.460641860961914,0.04285513237118721,211.0,1,0,0.2599034769809805,7.387307643890381,2,32,1281,2432,relu,none,0.0,none,20496,xavier,4.337605396906535,2.741262674331665,nonlinear_product,192,5,0.25,256,2.9861044883728027,1.965923378835623,0.06095487663479811,0.0,,gaussian,cpu,cpu,8,,float32,none,small,noisy,low,cpu,small_model__noisy_data__low_volume,0.02,32,adam,1e-05,xavier,116.72314453125,12.699249267578125,-43.122798919677734,98.13114929199219,16.382463455200195,53.03518943786621,4.270549297332764,3.8572354316711426,1.7895889282226562,5.21367883682251,423.63970947265625,0.24234741926193237,0.1719859465956688
278,2026-09-01 13:44:27,train,192,full_training,4.956277847290039,0.04815232753753662,185.0,1,0,0.27134332299465314,6.318586349487305,2,32,1281,2432,relu,none,0.0,none,20496,he,5.668473839759827,3.066263437271118,nonlinear_product,192,5,0.25,256,2.9861044883728027,1.965923378835623,0.06095487663479811,0.0,,gaussian,cpu,cpu,8,,float32,none,small,noisy,low,cpu,small_model__noisy_data__low_volume,0.02,32,adam,1e-05,he,268.70367431640625,28.105445861816406,-159.26766967773438,98.13114929199219,16.38245964050293,181.21012268066406,4.27055025100708,3.85723614692688,3.4423434734344482,7.185251235961914,1384.5087890625,0.46616457402706146,0.6363480389118195
279,2026-09-01 13:44:27,train,192,full_training,5.372232437133789,0.04994150996208191,195.0,1,0,0.25845690999994986,7.206488609313965,2,32,1281,2432,relu,none,0.0,none,20496,orthogonal,4.054092566172282,2.926488161087036,nonlinear_product,192,5,0.25,256,2.9861044883728027,1.965923378835623,0.06095487663479811,0.0,,gaussian,cpu,cpu,8,,float32,none,small,noisy,low,cpu,small_model__noisy_data__low_volume,0.02,32,adam,1e-05,orthogonal,84.57994079589844,10.387077331542969,-47.02607345581055,96.02379608154297,17.379554748535156,16.717747497558594,3.044588327407837,2.869483709335327,1.3159524202346802,4.869414329528809,276.5441589355469,0.19635982811450958,0.10697176307439804
280,2026-09-01 13:44:27,train,193,full_training,2.2019553184509277,0.045012056827545166,24.0,1,0,0.030739465000806376,4.654508590698242,2,32,1313,2496,relu,none,0.0,none,21008,xavier,4.628277778625488,2.699293613433838,linear,193,6,0.139,384,2.1215834617614746,1.7950198961078052,0.039387325061531836,0.0,,gaussian,cpu,cpu,8,,float32,none,small,moderate,medium,cpu,small_model__moderate_data__medium_volume,0.02,32,adam,1e-05,xavier,180.12289428710938,10.355401992797852,-29.263057708740234,109.7045669555664,17.552263259887695,46.7245735168457,5.105896949768066,5.064204216003418,1.881922960281372,2.93957781791687,69.28182220458984,0.29271598160266876,0.2392226979136467
281,2026-09-01 13:44:27,train,193,full_training,2.5861032009124756,0.045559365302324295,33.0,1,0,0.04736579197924584,4.520862102508545,2,32,1313,2496,relu,none,0.0,none,21008,he,5.945054133733113,3.1431682109832764,linear,193,6,0.139,384,2.1215834617614746,1.7950198961078052,0.039387325061531836,0.0,,gaussian,cpu,cpu,8,,float32,none,small,moderate,medium,cpu,small_model__moderate_data__medium_volume,0.02,32,adam,1e-05,he,383.60638427734375,21.02219009399414,-94.47149658203125,109.7045669555664,17.55226707458496,126.1846549987793,5.105897903442383,5.064199447631836,3.3489067554473877,5.07022762298584,203.27088928222656,0.520891934633255,0.7575385868549347
282,2026-09-01 13:44:27,train,193,full_training,2.6917805671691895,0.04434996470808983,28.0,1,0,0.03507899699616246,5.044897556304932,2,32,1313,2496,relu,none,0.0,none,21008,orthogonal,4.154700259367625,2.899160146713257,linear,193,6,0.139,384,2.1215834617614746,1.7950198961078052,0.039387325061531836,0.0,,gaussian,cpu,cpu,8,,float32,none,small,moderate,medium,cpu,small_model__moderate_data__medium_volume,0.02,32,adam,1e-05,orthogonal,108.75711059570312,7.95518684387207,-51.31480407714844,113.59718322753906,18.0895938873291,30.703739070892333,3.7372677326202393,3.457813262939453,1.4246430397033691,3.4187400341033936,103.94429016113281,0.23941777646541595,0.14564722031354904
283,2026-09-01 13:44:28,train,194,full_training,6.881897926330566,0.04771453142166138,112.0,1,0,0.16613917500944808,5.72434139251709,2,32,1377,2624,relu,none,0.0,none,22032,xavier,4.944721817970276,2.613090753555298,nonlinear_interaction,194,8,0.02,384,2.0774762630462646,1.7845154441808504,0.03894163952927741,0.0,,gaussian,cpu,cpu,8,,float32,none,small,clean,medium,cpu,small_model__clean_data__medium_volume,0.02,32,adam,1e-05,xavier,284.1978759765625,27.266353607177734,-493.816650390625,109.93595123291016,17.144086837768555,67.80231323242188,496736.6875,12.590916633605957,2.4663400650024414,9.234810829162598,559.958251953125,0.3745097666978836,0.3771155923604965
284,2026-09-01 13:44:28,train,194,full_training,10.824583053588867,0.04739362746477127,113.0,1,0,0.15009352698689327,5.340259075164795,2,32,1377,2624,relu,none,0.0,none,22032,he,6.131039500236511,3.138056993484497,nonlinear_interaction,194,8,0.02,384,2.0774762630462646,1.7845154441808504,0.03894163952927741,0.0,,gaussian,cpu,cpu,8,,float32,none,small,clean,medium,cpu,small_model__clean_data__medium_volume,0.02,32,adam,1e-05,he,537.7823486328125,71.37449645996094,-2740.1640625,109.93595123291016,17.14409065246582,170.05511779785155,720071.25,12.590911865234375,3.899625778198242,19.712907791137695,1351.59765625,0.592151939868927,0.9427889585494995
285,2026-09-01 13:44:28,train,194,full_training,4.225064277648926,0.043762728571891785,130.0,1,0,0.1672666390077211,6.359782695770264,2,32,1377,2624,relu,none,0.0,none,22032,orthogonal,4.333333333333333,2.8674416542053223,nonlinear_interaction,194,8,0.02,384,2.0774762630462646,1.7845154441808504,0.03894163952927741,0.0,,gaussian,cpu,cpu,8,,float32,none,small,clean,medium,cpu,small_model__clean_data__medium_volume,0.02,32,adam,1e-05,orthogonal,140.87918090820312,13.536170959472656,-141.99989318847656,120.73725128173828,18.010982513427734,57.063497924804686,365880.03125,5.286982536315918,1.5489273071289062,5.53149938583374,317.6725769042969,0.3112834244966507,0.2169794738292694
286,2026-09-01 13:44:28,train,195,full_training,6.632505893707275,0.04851803928613663,152.0,1,0,0.19387392298085615,7.433745861053467,2,32,1345,2560,relu,none,0.0,none,21520,xavier,4.824894110361735,2.6007485389709473,nonlinear_product,195,7,0.119,384,4.742647171020508,2.1972362605630513,0.0339517309331297,0.0,,gaussian,cpu,cpu,8,,float32,none,small,moderate,medium,cpu,small_model__moderate_data__medium_volume,0.02,32,adam,1e-05,xavier,222.52198791503906,56.780670166015625,-1873.701904296875,122.89204406738281,18.13775634765625,113.21864318847656,9.26072883605957,6.236052513122559,2.223255157470703,18.299251556396484,641.1834106445312,0.3167325407266617,0.26342085003852844
287,2026-09-01 13:44:29,train,195,full_training,11.44566822052002,0.04719602316617966,222.0,1,0,0.27782869699876755,6.944931983947754,2,32,1345,2560,relu,none,0.0,none,21520,he,6.084149400393168,3.0874176025390625,nonlinear_product,195,7,0.119,384,4.742647171020508,2.1972362605630513,0.0339517309331297,0.0,,gaussian,cpu,cpu,8,,float32,none,small,moderate,medium,cpu,small_model__moderate_data__medium_volume,0.02,32,adam,1e-05,he,444.48486328125,155.78074645996094,-12090.888671875,122.89204406738281,18.13776397705078,324.65443725585936,9.260729789733887,6.236055374145508,3.710714817047119,41.671546936035156,2525.229248046875,0.5286411941051483,0.7338152527809143
288,2026-09-01 13:44:29,train,195,full_training,5.20634651184082,0.04486507549881935,158.0,1,0,0.19914754401543178,8.238216400146484,2,32,1345,2560,relu,none,0.0,none,21520,orthogonal,4.247219244639079,2.8800108432769775,nonlinear_product,195,7,0.119,384,4.742647171020508,2.1972362605630513,0.0339517309331297,0.0,,gaussian,cpu,cpu,8,,float32,none,small,moderate,medium,cpu,small_model__moderate_data__medium_volume,0.02,32,adam,1e-05,orthogonal,111.43936157226562,27.1751766204834,-655.3628540039062,113.08677673339844,19.317214965820312,96.44515590667724,4.831229209899902,3.8804028034210205,1.540053367614746,11.893402099609375,314.2331848144531,0.26345693320035934,0.15248806029558182
289,2026-09-01 13:44:29,train,196,full_training,3.1733968257904053,0.028768738731741905,31.0,1,0,0.03667988601955585,4.295844078063965,2,32,1313,2496,relu,none,0.0,none,21008,xavier,4.628277778625488,2.699293613433838,linear,196,6,0.213,256,2.0894992351531982,1.7874007516360668,0.05184406317980434,0.0,,gaussian,cpu,cpu,8,,float32,none,small,moderate,low,cpu,small_model__moderate_data__low_volume,0.02,32,adam,1e-05,xavier,180.12289428710938,9.105155944824219,-24.885974884033203,97.7557601928711,17.85137939453125,21.63242950439453,4.96570348739624,4.824471950531006,1.8410956859588623,2.3826887607574463,35.00417709350586,0.27271661162376404,0.19061826914548874
290,2026-09-01 13:44:29,train,196,full_training,3.5994248390197754,0.04418787360191345,43.0,1,0,0.05394243498449214,4.371928691864014,2,32,1313,2496,relu,none,0.0,none,21008,he,5.945054133733113,3.1431682109832764,linear,196,6,0.213,256,2.0894992351531982,1.7874007516360668,0.05184406317980434,0.0,,gaussian,cpu,cpu,8,,float32,none,small,moderate,low,cpu,small_model__moderate_data__low_volume,0.02,32,adam,1e-05,he,383.60638427734375,23.12605094909668,-169.2442626953125,97.7557601928711,17.851375579833984,66.30221214294434,4.96570348739624,4.824474334716797,3.2762537002563477,5.100946426391602,208.8709716796875,0.48530279099941254,0.6036245077848434
291,2026-09-01 13:44:29,train,196,full_training,3.389763593673706,0.04776427894830704,38.0,1,0,0.04859997201128863,4.786169528961182,2,32,1313,2496,relu,none,0.0,none,21008,orthogonal,4.154700259367625,2.899160146713257,linear,196,6,0.213,256,2.0894992351531982,1.7874007516360668,0.05184406317980434,0.0,,gaussian,cpu,cpu,8,,float32,none,small,moderate,low,cpu,small_model__moderate_data__low_volume,0.02,32,adam,1e-05,orthogonal,108.75711059570312,6.900680065155029,-22.565885543823242,108.08655548095703,17.70218276977539,22.35635290145874,4.026920795440674,3.6503751277923584,1.4359169006347656,2.2696285247802734,41.298954010009766,0.2279491424560547,0.12281223386526108
292,2026-09-01 13:44:29,test,197,full_training,3.6489977836608887,0.044225335121154785,62.0,1,0,0.08201210299739614,5.452493190765381,2,32,1377,2624,relu,none,0.0,none,22032,xavier,4.944721817970276,2.613090753555298,nonlinear_interaction,197,8,0.005,384,1.99272882938385,1.7636910184296937,0.044264276445201645,0.0,,gaussian,cpu,cpu,8,,float32,none,small,clean,medium,cpu,small_model__clean_data__medium_volume,0.02,32,adam,1e-05,xavier,284.1978759765625,23.07537269592285,-349.6722412109375,105.84996032714844,17.9047794342041,59.805686950683594,24.73508071899414,14.30343246459961,2.340237855911255,7.363152027130127,243.452392578125,0.32219627499580383,0.321102574467659
293,2026-09-01 13:44:30,test,197,full_training,5.808895111083984,0.03803122788667679,151.0,1,0,0.1882260559941642,5.668270587921143,2,32,1377,2624,relu,none,0.0,none,22032,he,6.131039500236511,3.138056993484497,nonlinear_interaction,197,8,0.005,384,1.99272882938385,1.7636910184296937,0.044264276445201645,0.0,,gaussian,cpu,cpu,8,,float32,none,small,clean,medium,cpu,small_model__clean_data__medium_volume,0.02,32,adam,1e-05,he,537.7823486328125,63.56684494018555,-2207.30517578125,105.84996032714844,17.9047794342041,146.47526206970215,24.735103607177734,14.303414344787598,3.7002408504486084,16.93708610534668,1217.7650146484375,0.5094370394945145,0.8027564287185669
294,2026-09-01 13:44:30,test,197,full_training,2.591890573501587,0.042476851493120193,62.0,1,0,0.08475219801766798,5.568365097045898,2,32,1377,2624,relu,none,0.0,none,22032,orthogonal,4.333333333333333,2.8674416542053223,nonlinear_interaction,197,8,0.005,384,1.99272882938385,1.7636910184296937,0.044264276445201645,0.0,,gaussian,cpu,cpu,8,,float32,none,small,clean,medium,cpu,small_model__clean_data__medium_volume,0.02,32,adam,1e-05,orthogonal,140.87918090820312,9.14641284942627,-78.13933563232422,117.45647430419922,19.501188278198242,59.051609420776366,7.407770156860352,5.357028484344482,1.511965274810791,3.9482548236846924,53.06605529785156,0.2709907591342926,0.18434568494558334
295,2026-09-01 13:44:30,train,198,full_training,5.407626628875732,0.04286926984786987,229.0,1,0,0.5021107739885338,6.813575267791748,2,32,1217,2304,relu,none,0.0,none,19472,xavier,3.998493274052938,2.7725577354431152,nonlinear_product,198,3,0.172,768,4.829574108123779,2.2063176769070867,0.03467481796796917,0.0,,gaussian,cpu,cpu,8,,float32,none,small,moderate,high,cpu,small_model__moderate_data__high_volume,0.02,32,adam,1e-05,xavier,85.53611755371094,28.726831436157227,-447.17340087890625,53.48139953613281,11.47876262664795,27.33307647705078,2.353543996810913,2.1802151203155518,1.3256440162658691,11.428669929504395,98.39051818847656,0.1499534174799919,0.06835101544857025
296,2026-09-01 13:44:31,train,198,full_training,5.40287971496582,0.042748741805553436,316.0,1,0,0.5675428560061846,7.4718828201293945,2,32,1217,2304,relu,none,0.0,none,19472,he,5.3281480471293134,2.563436269760132,nonlinear_product,198,3,0.172,768,4.829574108123779,2.2063176769070867,0.03467481796796917,0.0,,gaussian,cpu,cpu,8,,float32,none,small,moderate,high,cpu,small_model__moderate_data__high_volume,0.02,32,adam,1e-05,he,247.24282836914062,79.16390991210938,-2326.170166015625,53.48139953613281,11.47876262664795,135.6253539085388,2.353543758392334,2.1802144050598145,3.201735019683838,25.157756805419922,346.2633361816406,0.3621719479560852,0.3987143188714981
297,2026-09-01 13:44:31,train,198,full_training,4.709079265594482,0.035385310649871826,321.0,1,0,0.4409531579876784,8.036596298217773,2,32,1217,2304,relu,none,0.0,none,19472,orthogonal,3.8164965311686196,3.016789674758911,nonlinear_product,198,3,0.172,768,4.829574108123779,2.2063176769070867,0.03467481796796917,0.0,,gaussian,cpu,cpu,8,,float32,none,small,moderate,high,cpu,small_model__moderate_data__high_volume,0.02,32,adam,1e-05,orthogonal,53.49358367919922,19.540821075439453,-225.46815490722656,34.395713806152344,11.761456489562988,4.676877784729004,1.793103814125061,1.6976335048675537,1.232549786567688,8.755348205566406,67.17863464355469,0.1566563993692398,0.06315388903021812
298,2026-09-01 13:44:32,train,199,full_training,1.26924467086792,0.04836215823888779,38.0,1,0,0.05707484600134194,3.962101936340332,2,32,1249,2368,relu,none,0.0,none,19984,xavier,4.106595436731975,2.8521344661712646,linear,199,4,0.223,512,2.2400476932525635,1.8221871118401196,0.03730566813198407,0.0,,gaussian,cpu,cpu,8,,float32,none,small,moderate,medium,cpu,small_model__moderate_data__medium_volume,0.02,32,adam,1e-05,xavier,88.71050262451172,11.04953384399414,-47.85017395019531,68.35747528076172,14.078886032104492,35.738671112060544,3.448378801345825,3.419224739074707,1.556012511253357,3.920806646347046,64.19454193115234,0.20366732776165009,0.11909890919923782
299,2026-09-01 13:44:32,train,199,full_training,1.7528163194656372,0.049611032009124756,41.0,1,0,0.08168897998984903,3.9280552864074707,2,32,1249,2368,relu,none,0.0,none,19984,he,5.400059739748637,2.908212184906006,linear,199,4,0.223,512,2.2400476932525635,1.8221871118401196,0.03730566813198407,0.0,,gaussian,cpu,cpu,8,,float32,none,small,moderate,medium,cpu,small_model__moderate_data__medium_volume,0.02,32,adam,1e-05,he,225.21484375,28.023563385009766,-256.0546875,68.35747528076172,14.078886032104492,110.84974746704101,3.448378562927246,3.41922664642334,3.3008012771606445,7.343634128570557,171.53228759765625,0.4320436269044876,0.5359450280666351
300,2026-09-01 13:44:32,train,199,full_training,1.4868651628494263,0.048070091754198074,32.0,1,0,0.07228358599240892,4.035406112670898,2,32,1249,2368,relu,none,0.0,none,19984,orthogonal,3.9428090254465737,2.9643869400024414,linear,199,4,0.223,512,2.2400476932525635,1.8221871118401196,0.03730566813198407,0.0,,gaussian,cpu,cpu,8,,float32,none,small,moderate,medium,cpu,small_model__moderate_data__medium_volume,0.02,32,adam,1e-05,orthogonal,68.3827133178711,10.672420501708984,-56.43505096435547,84.79815673828125,15.650813102722168,42.022192049026486,2.142580509185791,2.011953115463257,1.209104061126709,3.9283571243286133,66.50712585449219,0.18580880761146545,0.08454575762152672
301,2026-09-01 13:44:32,train,200,full_training,1.9970532655715942,0.03303512558341026,125.0,1,0,0.2138889879861381,5.909080505371094,2,32,1249,2368,relu,none,0.0,none,19984,xavier,4.106595436731975,2.8521344661712646,nonlinear_interaction,200,4,0.27,256,2.482686758041382,1.8736092051711224,0.057387367694012814,0.0,,gaussian,cpu,cpu,8,,float32,none,small,noisy,low,cpu,small_model__noisy_data__low_volume,0.02,32,adam,1e-05,xavier,88.71050262451172,10.921225547790527,-109.72624206542969,71.43663024902344,13.755608558654785,20.570225501060484,3.3298120498657227,3.138819694519043,1.6236884593963623,4.458868980407715,70.4499282836914,0.20108383148908615,0.12289319932460785
302,2026-09-01 13:44:32,train,200,full_training,1.7819831371307373,0.044068194925785065,106.0,1,0,0.16898247599601746,5.179939270019531,2,32,1249,2368,relu,none,0.0,none,19984,he,5.400059739748637,2.908212184906006,nonlinear_interaction,200,4,0.27,256,2.482686758041382,1.8736092051711224,0.057387367694012814,0.0,,gaussian,cpu,cpu,8,,float32,none,small,noisy,low,cpu,small_model__noisy_data__low_volume,0.02,32,adam,1e-05,he,225.21484375,44.966041564941406,-1530.4696044921875,71.43663024902344,13.75560474395752,89.54962635040283,3.3298118114471436,3.1388208866119385,3.4443631172180176,13.980895042419434,673.779052734375,0.42656321823596954,0.5530193448066711
303,2026-09-01 13:44:33,train,200,full_training,2.3617825508117676,0.04338640719652176,125.0,1,0,0.23709584600874223,6.444889068603516,2,32,1249,2368,relu,none,0.0,none,19984,orthogonal,3.9428090254465737,2.9643869400024414,nonlinear_interaction,200,4,0.27,256,2.482686758041382,1.8736092051711224,0.057387367694012814,0.0,,gaussian,cpu,cpu,8,,float32,none,small,noisy,low,cpu,small_model__noisy_data__low_volume,0.02,32,adam,1e-05,orthogonal,68.3827133178711,9.242758750915527,-56.72984313964844,86.26050567626953,15.07569694519043,23.17031936645508,2.0340285301208496,2.0022716522216797,1.2623231410980225,3.473843574523926,53.27461242675781,0.1839674860239029,0.09124179556965828
304,2026-09-01 13:44:33,train,201,full_training,17.400678634643555,0.04691069573163986,272.0,1,0,0.43953637100639753,6.897961616516113,2,32,1217,2304,relu,none,0.0,none,19472,xavier,3.998493274052938,2.7725577354431152,nonlinear_product,201,3,0.214,768,3.800718069076538,2.0865335404182015,0.009562345631435782,0.0,,gaussian,cpu,cpu,8,,float32,none,small,moderate,high,cpu,small_model__moderate_data__high_volume,0.02,32,adam,1e-05,xavier,85.53611755371094,25.437301635742188,-228.4019317626953,60.03929901123047,12.361307144165039,9.404461097717284,2.258439064025879,2.064152956008911,1.306244969367981,8.755012512207031,604.27392578125,0.16681738942861557,0.07557991147041321
305,2026-09-01 13:44:34,train,201,full_training,14.534351348876953,0.04936230182647705,231.0,1,0,0.43194665701594204,5.7468647956848145,2,32,1217,2304,relu,none,0.0,none,19472,he,5.3281480471293134,2.563436269760132,nonlinear_product,201,3,0.214,768,3.800718069076538,2.0865335404182015,0.009562345631435782,0.0,,gaussian,cpu,cpu,8,,float32,none,small,moderate,high,cpu,small_model__moderate_data__high_volume,0.02,32,adam,1e-05,he,247.24282836914062,65.49071502685547,-840.4837646484375,60.03929901123047,12.361310005187988,132.69073143005372,2.258439302444458,2.0641520023345947,3.154881477355957,17.089332580566406,2182.253173828125,0.4029023051261902,0.4408828914165497
306,2026-09-01 13:44:34,train,201,full_training,16.769519805908203,0.04813326895236969,337.0,1,0,0.49637320498004556,8.157844543457031,2,32,1217,2304,relu,none,0.0,none,19472,orthogonal,3.8164965311686196,3.016789674758911,nonlinear_product,201,3,0.214,768,3.800718069076538,2.0865335404182015,0.009562345631435782,0.0,,gaussian,cpu,cpu,8,,float32,none,small,moderate,high,cpu,small_model__moderate_data__high_volume,0.02,32,adam,1e-05,orthogonal,53.49358367919922,16.836172103881836,-98.14142608642578,20.925418853759766,11.671951293945312,10.154828643798828,1.817205786705017,1.7784759998321533,1.2135112285614014,6.817755222320557,383.6703186035156,0.17939778417348862,0.07464203238487244
307,2026-09-01 13:44:34,train,202,full_training,2.4026846885681152,0.027387846261262894,35.0,1,0,0.03958452399820089,4.7425856590271,2,32,1281,2432,relu,none,0.0,none,20496,xavier,4.337605396906535,2.741262674331665,linear,202,5,0.193,768,1.9283891916275024,1.7472810525517326,0.02916653233202155,0.0,,gaussian,cpu,cpu,8,,float32,none,small,moderate,high,cpu,small_model__moderate_data__high_volume,0.02,32,adam,1e-05,xavier,116.72314453125,14.287881851196289,-106.22769165039062,105.423095703125,17.197696685791016,67.50173721313476,3.912813663482666,3.7091898918151855,1.7213563919067383,4.089550018310547,165.0675506591797,0.25574933737516403,0.1828247234225273
308,2026-09-01 13:44:34,train,202,full_training,4.460994720458984,0.04216356575489044,29.0,1,0,0.047886070009553805,4.538561820983887,2,32,1281,2432,relu,none,0.0,none,20496,he,5.668473839759827,3.066263437271118,linear,202,5,0.193,768,1.9283891916275024,1.7472810525517326,0.02916653233202155,0.0,,gaussian,cpu,cpu,8,,float32,none,small,moderate,high,cpu,small_model__moderate_data__high_volume,0.02,32,adam,1e-05,he,268.70367431640625,50.1254768371582,-1210.328857421875,105.423095703125,17.19770050048828,213.69993324279784,3.912813186645508,3.7091896533966064,3.3110949993133545,12.17564582824707,823.6619262695312,0.4919436573982239,0.6764515340328217
309,2026-09-01 13:44:35,train,202,full_training,1.8713418245315552,0.041622888296842575,35.0,1,0,0.04755963300704025,4.7843780517578125,2,32,1281,2432,relu,none,0.0,none,20496,orthogonal,4.054092566172282,2.926488161087036,linear,202,5,0.193,768,1.9283891916275024,1.7472810525517326,0.02916653233202155,0.0,,gaussian,cpu,cpu,8,,float32,none,small,moderate,high,cpu,small_model__moderate_data__high_volume,0.02,32,adam,1e-05,orthogonal,84.57994079589844,8.04496955871582,-37.80038070678711,102.66978454589844,16.778549194335938,50.591229629516604,2.6946043968200684,2.534250259399414,1.3504029512405396,3.0087759494781494,65.86492919921875,0.21521755307912827,0.11844513192772865
310,2026-09-01 13:44:35,train,203,full_training,2.5073158740997314,0.03200362250208855,132.0,1,0,0.19714469800237566,5.97337532043457,2,32,1249,2368,relu,none,0.0,none,19984,xavier,4.106595436731975,2.8521344661712646,nonlinear_interaction,203,4,0.013,768,1.7018241882324219,1.6847888970321347,0.024846705484258356,0.0,,gaussian,cpu,cpu,8,,float32,none,small,clean,high,cpu,small_model__clean_data__high_volume,0.02,32,adam,1e-05,xavier,88.71050262451172,11.007682800292969,-64.570068359375,73.95829772949219,14.388860702514648,28.374991989135744,3.382028818130493,3.12982177734375,1.6124966144561768,4.005613327026367,135.1643524169922,0.19972477108240128,0.10834598913788795
311,2026-09-01 13:44:35,train,203,full_training,3.85071063041687,0.039971884340047836,134.0,1,0,0.29292151401750743,5.319863796234131,2,32,1249,2368,relu,none,0.0,none,19984,he,5.400059739748637,2.908212184906006,nonlinear_interaction,203,4,0.013,768,1.7018241882324219,1.6847888970321347,0.024846705484258356,0.0,,gaussian,cpu,cpu,8,,float32,none,small,clean,high,cpu,small_model__clean_data__high_volume,0.02,32,adam,1e-05,he,225.21484375,34.98365783691406,-633.5982055664062,73.95829772949219,14.388856887817383,102.39634552001954,3.382028818130493,3.1298232078552246,3.420621395111084,9.875411033630371,513.2520751953125,0.42368021607398987,0.48755691945552826
312,2026-09-01 13:44:35,train,203,full_training,2.410007953643799,0.04723058640956879,90.0,1,0,0.1596226370020304,5.499791145324707,2,32,1249,2368,relu,none,0.0,none,19984,orthogonal,3.9428090254465737,2.9643869400024414,nonlinear_interaction,203,4,0.013,768,1.7018241882324219,1.6847888970321347,0.024846705484258356,0.0,,gaussian,cpu,cpu,8,,float32,none,small,clean,high,cpu,small_model__clean_data__high_volume,0.02,32,adam,1e-05,orthogonal,68.3827133178711,10.308023452758789,-63.47026824951172,88.65048217773438,15.696118354797363,18.200642395019532,2.001492977142334,1.9202721118927002,1.2517898082733154,3.928868055343628,119.447509765625,0.18207000195980072,0.08277848735451698
313,2026-09-01 13:44:36,test,204,full_training,14.596723556518555,0.045960474759340286,201.0,1,0,0.32478699399507605,7.566250801086426,2,32,1313,2496,relu,none,0.0,none,21008,xavier,4.628277778625488,2.699293613433838,nonlinear_product,204,6,0.258,384,5.519398212432861,2.2730729506342464,0.041895436859221556,0.0,,gaussian,cpu,cpu,8,,float32,none,small,noisy,medium,cpu,small_model__noisy_data__medium_volume,0.02,32,adam,1e-05,xavier,180.12289428710938,22.881248474121094,-208.78919982910156,111.67528533935547,17.921785354614258,93.84524040222168,5.366179466247559,5.003079414367676,1.8825387954711914,8.113846778869629,548.6246337890625,0.28426846861839294,0.23199601471424103
314,2026-09-01 13:44:36,test,204,full_training,14.95963191986084,0.034348662942647934,482.0,1,0,0.7212880720035173,10.13863754272461,2,32,1313,2496,relu,none,0.0,none,21008,he,5.945054133733113,3.1431682109832764,nonlinear_product,204,6,0.258,384,5.519398212432861,2.2730729506342464,0.041895436859221556,0.0,,gaussian,cpu,cpu,8,,float32,none,small,noisy,medium,cpu,small_model__noisy_data__medium_volume,0.02,32,adam,1e-05,he,383.60638427734375,45.83211898803711,-683.6361083984375,111.67528533935547,17.921781539916992,179.07459182739257,5.366179466247559,5.003079414367676,3.3500022888183594,13.689193725585938,1990.2034912109375,0.5058594644069672,0.7346540689468384
315,2026-09-01 13:44:37,test,204,full_training,14.675414085388184,0.04561770707368851,318.0,1,0,0.4178605290071573,9.127551078796387,2,32,1313,2496,relu,none,0.0,none,21008,orthogonal,4.154700259367625,2.899160146713257,nonlinear_product,204,6,0.258,384,5.519398212432861,2.2730729506342464,0.041895436859221556,0.0,,gaussian,cpu,cpu,8,,float32,none,small,noisy,medium,cpu,small_model__noisy_data__medium_volume,0.02,32,adam,1e-05,orthogonal,108.75711059570312,13.446091651916504,-118.6444091796875,112.61041259765625,17.66060447692871,35.50507926940918,3.7103826999664307,3.4697678089141846,1.4321948289871216,6.378182411193848,240.05322265625,0.23884402215480804,0.14241451770067215
316,2026-09-01 13:44:37,train,205,full_training,2.9553565979003906,0.045591987669467926,32.0,1,0,0.03865543397841975,4.5432209968566895,2,32,1281,2432,relu,none,0.0,none,20496,xavier,4.337605396906535,2.741262674331665,linear,205,5,0.145,256,2.2149007320404053,1.8165423263337934,0.04625336703648904,0.0,,gaussian,cpu,cpu,8,,float32,none,small,moderate,low,cpu,small_model__moderate_data__low_volume,0.02,32,adam,1e-05,xavier,116.72314453125,12.208429336547852,-76.85662841796875,102.1744613647461,17.706340789794922,59.11820411682129,4.273054122924805,3.7558887004852295,1.74083411693573,3.5380842685699463,193.7064971923828,0.24726378917694092,0.1704244464635849
317,2026-09-01 13:44:37,train,205,full_training,5.094705581665039,0.02894766256213188,35.0,1,0,0.0491546279808972,4.6611247062683105,2,32,1281,2432,relu,none,0.0,none,20496,he,5.668473839759827,3.066263437271118,linear,205,5,0.145,256,2.2149007320404053,1.8165423263337934,0.04625336703648904,0.0,,gaussian,cpu,cpu,8,,float32,none,small,moderate,low,cpu,small_model__moderate_data__low_volume,0.02,32,adam,1e-05,he,268.70367431640625,42.723575592041016,-958.10546875,102.1744613647461,17.70633316040039,198.04232120513916,4.273054122924805,3.7558889389038086,3.3485612869262695,10.667060852050781,1434.2025146484375,0.47562144696712494,0.6305705010890961
318,2026-09-01 13:44:37,train,205,full_training,2.4155972003936768,0.04322633892297745,20.0,1,0,0.027394135016947985,4.330059051513672,2,32,1281,2432,relu,none,0.0,none,20496,orthogonal,4.054092566172282,2.926488161087036,linear,205,5,0.145,256,2.2149007320404053,1.8165423263337934,0.04625336703648904,0.0,,gaussian,cpu,cpu,8,,float32,none,small,moderate,low,cpu,small_model__moderate_data__low_volume,0.02,32,adam,1e-05,orthogonal,84.57994079589844,7.84674596786499,-32.75044250488281,97.6635513305664,17.016590118408203,47.9546760559082,2.9101836681365967,2.733712673187256,1.3245413303375244,2.9143381118774414,58.87928009033203,0.20693287253379822,0.1120520792901516
319,2026-09-01 13:44:37,train,206,full_training,1.8914284706115723,0.046018362045288086,107.0,1,0,0.1329437049862463,6.377565860748291,2,32,1249,2368,relu,none,0.0,none,19984,xavier,4.106595436731975,2.8521344661712646,nonlinear_interaction,206,4,0.024,384,1.8926090002059937,1.7379166834809339,0.04975369200493929,0.0,,gaussian,cpu,cpu,8,,float32,none,small,clean,medium,cpu,small_model__clean_data__medium_volume,0.02,32,adam,1e-05,xavier,88.71050262451172,7.854865074157715,-38.58709716796875,78.05168151855469,13.891254425048828,22.759109592437746,3.291337490081787,3.1739537715911865,1.6070982217788696,2.895385503768921,108.61847686767578,0.20341967046260834,0.11655648797750473
320,2026-09-01 13:44:38,train,206,full_training,2.5693557262420654,0.046719588339328766,102.0,1,0,0.1321723959990777,5.568428039550781,2,32,1249,2368,relu,none,0.0,none,19984,he,5.400059739748637,2.908212184906006,nonlinear_interaction,206,4,0.024,384,1.8926090002059937,1.7379166834809339,0.04975369200493929,0.0,,gaussian,cpu,cpu,8,,float32,none,small,clean,medium,cpu,small_model__clean_data__medium_volume,0.02,32,adam,1e-05,he,225.21484375,29.345861434936523,-803.5445556640625,78.05168151855469,13.891257286071777,69.74883260726929,3.2913379669189453,3.17395281791687,3.409169912338257,9.28520679473877,104.71265411376953,0.43151824176311493,0.5245041251182556
321,2026-09-01 13:44:38,train,206,full_training,1.9550971984863281,0.035446226596832275,112.0,1,0,0.14021915799821727,6.217328071594238,2,32,1249,2368,relu,none,0.0,none,19984,orthogonal,3.9428090254465737,2.9643869400024414,nonlinear_interaction,206,4,0.024,384,1.8926090002059937,1.7379166834809339,0.04975369200493929,0.0,,gaussian,cpu,cpu,8,,float32,none,small,clean,medium,cpu,small_model__clean_data__medium_volume,0.02,32,adam,1e-05,orthogonal,68.3827133178711,8.264610290527344,-35.58369064331055,83.55858612060547,14.677081108093262,26.673346328735352,2.0026848316192627,1.9868282079696655,1.2692527770996094,2.8754000663757324,129.32313537597656,0.18956320732831955,0.09196541830897331
322,2026-09-01 13:44:38,train,207,full_training,9.226479530334473,0.04034268483519554,317.0,1,0,0.43870226899161935,8.601140022277832,2,32,1345,2560,relu,none,0.0,none,21520,xavier,4.824894110361735,2.6007485389709473,nonlinear_product,207,7,0.198,384,5.640486240386963,2.283923670518884,0.054527184973964526,0.0,,gaussian,cpu,cpu,8,,float32,none,small,moderate,medium,cpu,small_model__moderate_data__medium_volume,0.02,32,adam,1e-05,xavier,222.52198791503906,54.02216720581055,-1631.802978515625,109.69783782958984,17.858888626098633,123.54506225585938,7.639906406402588,6.1367106437683105,2.1147005558013916,17.151044845581055,258.7856750488281,0.3057713806629181,0.2519512325525284
323,2026-09-01 13:44:39,train,207,full_training,15.276851654052734,0.036548882722854614,401.0,1,0,0.5266928329947405,8.012603759765625,2,32,1345,2560,relu,none,0.0,none,21520,he,6.084149400393168,3.0874176025390625,nonlinear_product,207,7,0.198,384,5.640486240386963,2.283923670518884,0.054527184973964526,0.0,,gaussian,cpu,cpu,8,,float32,none,small,moderate,medium,cpu,small_model__moderate_data__medium_volume,0.02,32,adam,1e-05,he,444.48486328125,151.19371032714844,-10749.955078125,109.69783782958984,17.858884811401367,337.8675048828125,7.639906883239746,6.1367082595825195,3.5295324325561523,39.053585052490234,2049.833740234375,0.5103465169668198,0.7018641829490662
324,2026-09-01 13:44:40,train,207,full_training,7.384530067443848,0.046724893152713776,482.0,1,0,0.8648381120001432,10.456969261169434,2,32,1345,2560,relu,none,0.0,none,21520,orthogonal,4.247219244639079,2.8800108432769775,nonlinear_product,207,7,0.198,384,5.640486240386963,2.283923670518884,0.054527184973964526,0.0,,gaussian,cpu,cpu,8,,float32,none,small,moderate,medium,cpu,small_model__moderate_data__medium_volume,0.02,32,adam,1e-05,orthogonal,111.43936157226562,25.437644958496094,-594.87060546875,113.5247573852539,19.103126525878906,103.1957504272461,4.509174346923828,4.236174583435059,1.4993435144424438,11.398937225341797,78.33747863769531,0.25504809617996216,0.1471615582704544
325,2026-09-01 13:44:40,train,208,full_training,1.105211853981018,0.04822221398353577,16.0,1,0,0.03964264001115225,3.1001434326171875,2,32,1249,2368,relu,none,0.0,none,19984,xavier,4.106595436731975,2.8521344661712646,linear,208,4,0.158,384,1.8691469430923462,1.731679606514747,0.025441522256019183,0.0,,gaussian,cpu,cpu,8,,float32,none,small,moderate,medium,cpu,small_model__moderate_data__medium_volume,0.02,32,adam,1e-05,xavier,88.71050262451172,6.967808723449707,-8.12631893157959,64.37855529785156,13.342361450195312,34.0835901260376,3.262204647064209,3.072438955307007,1.6616209745407104,2.128108024597168,26.311756134033203,0.21336325258016586,0.12520461902022362
326,2026-09-01 13:44:40,train,208,full_training,1.082253336906433,0.04369091987609863,32.0,1,0,0.056335809000302106,3.3037431240081787,2,32,1249,2368,relu,none,0.0,none,19984,he,5.400059739748637,2.908212184906006,linear,208,4,0.158,384,1.8691469430923462,1.731679606514747,0.025441522256019183,0.0,,gaussian,cpu,cpu,8,,float32,none,small,moderate,medium,cpu,small_model__moderate_data__medium_volume,0.02,32,adam,1e-05,he,225.21484375,18.28586769104004,-202.48648071289062,64.37855529785156,13.342361450195312,96.14580993652343,3.26220440864563,3.0724384784698486,3.524829864501953,4.535591125488281,193.3012237548828,0.4526117891073227,0.5634207427501678
327,2026-09-01 13:44:40,train,208,full_training,1.502494215965271,0.0470019094645977,19.0,1,0,0.04520955300540663,3.708441734313965,2,32,1249,2368,relu,none,0.0,none,19984,orthogonal,3.9428090254465737,2.9643869400024414,linear,208,4,0.158,384,1.8691469430923462,1.731679606514747,0.025441522256019183,0.0,,gaussian,cpu,cpu,8,,float32,none,small,moderate,medium,cpu,small_model__moderate_data__medium_volume,0.02,32,adam,1e-05,orthogonal,68.3827133178711,7.130781650543213,-15.153322219848633,92.62480163574219,15.279191970825195,39.395426177978514,2.040553331375122,1.9550236463546753,1.2590622901916504,2.419687032699585,28.988033294677734,0.18857379257678986,0.09214774146676064
328,2026-09-01 13:44:40,train,209,full_training,6.132834434509277,0.043801113963127136,137.0,1,0,0.27838975700433366,6.1933794021606445,2,32,1377,2624,relu,none,0.0,none,22032,xavier,4.944721817970276,2.613090753555298,nonlinear_interaction,209,8,0.197,384,2.2758090496063232,1.8301063408964158,0.051652618362444315,0.0,,gaussian,cpu,cpu,8,,float32,none,small,moderate,medium,cpu,small_model__moderate_data__medium_volume,0.02,32,adam,1e-05,xavier,284.1978759765625,24.587345123291016,-385.569091796875,105.7430419921875,16.462095260620117,70.66830101013184,417346.78125,12.486456871032715,2.3599438667297363,7.710065841674805,157.27340698242188,0.34406234323978424,0.3533482551574707
329,2026-09-01 13:44:41,train,209,full_training,9.851773262023926,0.04608649015426636,137.0,1,0,0.2262252049986273,6.045620441436768,2,32,1377,2624,relu,none,0.0,none,22032,he,6.131039500236511,3.138056993484497,nonlinear_interaction,209,8,0.197,384,2.2758090496063232,1.8301063408964158,0.051652618362444315,0.0,,gaussian,cpu,cpu,8,,float32,none,small,moderate,medium,cpu,small_model__moderate_data__medium_volume,0.02,32,adam,1e-05,he,537.7823486328125,65.50953674316406,-2394.629150390625,105.7430419921875,16.462095260620117,161.18870239257814,388951.75,12.486462593078613,3.731398344039917,17.62806510925293,712.4077758789062,0.5440103262662888,0.8833706676959991
330,2026-09-01 13:44:41,train,209,full_training,4.683258056640625,0.04995913803577423,152.0,1,0,0.3303308199974708,6.495487689971924,2,32,1377,2624,relu,none,0.0,none,22032,orthogonal,4.333333333333333,2.8674416542053223,nonlinear_interaction,209,8,0.197,384,2.2758090496063232,1.8301063408964158,0.051652618362444315,0.0,,gaussian,cpu,cpu,8,,float32,none,small,moderate,medium,cpu,small_model__moderate_data__medium_volume,0.02,32,adam,1e-05,orthogonal,140.87918090820312,10.022197723388672,-84.40278625488281,114.25509643554688,18.62359619140625,64.11625823974609,324200.4375,5.522881507873535,1.5035490989685059,4.0946044921875,60.847740173339844,0.2687293291091919,0.1825769916176796
331,2026-09-01 13:44:42,train,210,full_training,8.20164680480957,0.0484745018184185,232.0,1,0,0.3825953970081173,8.624220848083496,2,32,1313,2496,relu,none,0.0,none,21008,xavier,4.628277778625488,2.699293613433838,nonlinear_product,210,6,0.002,768,4.7157368659973145,2.194391125756837,0.02456760321196268,0.0,,gaussian,cpu,cpu,8,,float32,none,small,clean,high,cpu,small_model__clean_data__high_volume,0.02,32,adam,1e-05,xavier,180.12289428710938,19.64458465576172,-190.6899871826172,104.64102172851562,17.672542572021484,91.65210456848145,5.296184062957764,4.93823766708374,1.8616141080856323,7.837990760803223,591.64013671875,0.2893046885728836,0.21799037605524063
332,2026-09-01 13:44:42,train,210,full_training,8.654057502746582,0.04134776070713997,333.0,1,0,0.5632937519985717,8.79967212677002,2,32,1313,2496,relu,none,0.0,none,21008,he,5.945054133733113,3.1431682109832764,nonlinear_product,210,6,0.002,768,4.7157368659973145,2.194391125756837,0.02456760321196268,0.0,,gaussian,cpu,cpu,8,,float32,none,small,clean,high,cpu,small_model__clean_data__high_volume,0.02,32,adam,1e-05,he,383.60638427734375,37.741546630859375,-578.3318481445312,104.64102172851562,17.672542572021484,180.24823226928712,5.296184062957764,4.938235759735107,3.3127665519714355,13.046756744384766,2149.76123046875,0.5148215740919113,0.690302848815918
333,2026-09-01 13:44:43,train,210,full_training,8.250370025634766,0.045678336173295975,343.0,1,0,0.4787209589849226,9.751993179321289,2,32,1313,2496,relu,none,0.0,none,21008,orthogonal,4.154700259367625,2.899160146713257,nonlinear_product,210,6,0.002,768,4.7157368659973145,2.194391125756837,0.02456760321196268,0.0,,gaussian,cpu,cpu,8,,float32,none,small,clean,high,cpu,small_model__clean_data__high_volume,0.02,32,adam,1e-05,orthogonal,108.75711059570312,14.259958267211914,-136.52886962890625,112.04067993164062,17.78535270690918,40.150915908813474,3.5136682987213135,3.2921245098114014,1.4593247175216675,6.670664310455322,295.7776794433594,0.23938585072755814,0.13703644275665283
334,2026-09-01 13:44:43,test,211,full_training,1.5310890674591064,0.035317108035087585,28.0,1,0,0.04147595597896725,4.516412734985352,2,32,1313,2496,relu,none,0.0,none,21008,xavier,4.628277778625488,2.699293613433838,linear,211,6,0.107,384,1.9799302816390991,1.7604693496012365,0.03936844149109661,0.0,,gaussian,cpu,cpu,8,,float32,none,small,moderate,medium,cpu,small_model__moderate_data__medium_volume,0.02,32,adam,1e-05,xavier,180.12289428710938,10.080986022949219,-31.114736557006836,104.69639587402344,17.108440399169922,42.692586517333986,4.953187942504883,4.677537441253662,1.862549901008606,2.7176992893218994,122.85059356689453,0.28980115056037903,0.22515512257814407
335,2026-09-01 13:44:43,test,211,full_training,1.790207028388977,0.04732785373926163,31.0,1,0,0.038963004015386105,4.306361198425293,2,32,1313,2496,relu,none,0.0,none,21008,he,5.945054133733113,3.1431682109832764,linear,211,6,0.107,384,1.9799302816390991,1.7604693496012365,0.03936844149109661,0.0,,gaussian,cpu,cpu,8,,float32,none,small,moderate,medium,cpu,small_model__moderate_data__medium_volume,0.02,32,adam,1e-05,he,383.60638427734375,22.465774536132812,-147.61366271972656,104.69639587402344,17.108448028564453,117.07278594970703,4.953187942504883,4.677533149719238,3.314432144165039,5.406711101531982,412.4300842285156,0.5157049298286438,0.7129912078380585
336,2026-09-01 13:44:43,test,211,full_training,1.8157401084899902,0.047007765620946884,27.0,1,0,0.02760554398992099,4.666419506072998,2,32,1313,2496,relu,none,0.0,none,21008,orthogonal,4.154700259367625,2.899160146713257,linear,211,6,0.107,384,1.9799302816390991,1.7604693496012365,0.03936844149109661,0.0,,gaussian,cpu,cpu,8,,float32,none,small,moderate,medium,cpu,small_model__moderate_data__medium_volume,0.02,32,adam,1e-05,orthogonal,108.75711059570312,7.087204933166504,-35.268253326416016,109.05891418457031,17.982912063598633,23.899622440338135,3.5002830028533936,3.2387807369232178,1.4290122985839844,2.7511367797851562,103.75598907470703,0.23604131489992142,0.13849976658821106
337,2026-09-01 13:44:43,train,212,full_training,3.6098430156707764,0.041394367814064026,107.0,1,0,0.15353427501395345,5.9742045402526855,2,32,1345,2560,relu,none,0.0,none,21520,xavier,4.824894110361735,2.6007485389709473,nonlinear_interaction,212,7,0.183,256,2.1773204803466797,1.8079860248728463,0.05216599043698788,0.0,,gaussian,cpu,cpu,8,,float32,none,small,moderate,low,cpu,small_model__moderate_data__low_volume,0.02,32,adam,1e-05,xavier,222.52198791503906,24.954086303710938,-436.7340393066406,110.3777084350586,18.101669311523438,120.52626686096191,11.50655746459961,6.943879127502441,2.194364070892334,7.298727989196777,384.989501953125,0.3030373603105545,0.24566329270601273
338,2026-09-01 13:44:43,train,212,full_training,7.665421009063721,0.03955799341201782,113.0,1,0,0.13489279299392365,5.67078971862793,2,32,1345,2560,relu,none,0.0,none,21520,he,6.084149400393168,3.0874176025390625,nonlinear_interaction,212,7,0.183,256,2.1773204803466797,1.8079860248728463,0.05216599043698788,0.0,,gaussian,cpu,cpu,8,,float32,none,small,moderate,low,cpu,small_model__moderate_data__low_volume,0.02,32,adam,1e-05,he,444.48486328125,89.51048278808594,-4575.9931640625,110.3777084350586,18.101661682128906,336.7039428710938,11.506551742553711,6.943874359130859,3.662493944168091,22.18239402770996,2336.65576171875,0.5057832449674606,0.6843477785587311
339,2026-09-01 13:44:44,train,212,full_training,2.368450403213501,0.0372283048927784,93.0,1,0,0.11613515100907534,6.068161964416504,2,32,1345,2560,relu,none,0.0,none,21520,orthogonal,4.247219244639079,2.8800108432769775,nonlinear_interaction,212,7,0.183,256,2.1773204803466797,1.8079860248728463,0.05216599043698788,0.0,,gaussian,cpu,cpu,8,,float32,none,small,moderate,low,cpu,small_model__moderate_data__low_volume,0.02,32,adam,1e-05,orthogonal,111.43936157226562,9.69470500946045,-107.59065246582031,115.99156951904297,18.96681022644043,87.71137275695801,4.646739482879639,3.896110773086548,1.532137155532837,3.991288423538208,104.00849151611328,0.2643522471189499,0.15270093828439713
340,2026-09-01 13:44:44,test,213,full_training,6.87747049331665,0.046309944242239,61.0,1,0,0.06396637400030158,6.703636169433594,2,32,1249,2368,relu,none,0.0,none,19984,xavier,4.106595436731975,2.8521344661712646,nonlinear_product,213,4,0.122,512,3.9251668453216553,2.1026429625512337,0.023154710118463043,0.0,,gaussian,cpu,cpu,8,,float32,none,small,moderate,medium,cpu,small_model__moderate_data__medium_volume,0.02,32,adam,1e-05,xavier,88.71050262451172,19.47977066040039,-262.7745361328125,66.15872192382812,13.763717651367188,27.848071002960204,3.4592394828796387,3.2513587474823,1.6411762237548828,8.240011215209961,54.01545333862305,0.22136816382408142,0.1319977566599846
341,2026-09-01 13:44:44,test,213,full_training,10.500334739685059,0.0494576133787632,208.0,1,0,0.24644722702214494,7.124754905700684,2,32,1249,2368,relu,none,0.0,none,19984,he,5.400059739748637,2.908212184906006,nonlinear_product,213,4,0.122,512,3.9251668453216553,2.1026429625512337,0.023154710118463043,0.0,,gaussian,cpu,cpu,8,,float32,none,small,moderate,medium,cpu,small_model__moderate_data__medium_volume,0.02,32,adam,1e-05,he,225.21484375,60.987186431884766,-1918.5069580078125,66.15872192382812,13.763717651367188,118.95267791748047,3.4592397212982178,3.2513606548309326,3.4814605712890625,18.614702224731445,310.9679260253906,0.46959279477596283,0.5939898788928986
342,2026-09-01 13:44:44,test,213,full_training,6.029102802276611,0.049128107726573944,140.0,1,0,0.1629199779999908,7.186928749084473,2,32,1249,2368,relu,none,0.0,none,19984,orthogonal,3.9428090254465737,2.9643869400024414,nonlinear_product,213,4,0.122,512,3.9251668453216553,2.1026429625512337,0.023154710118463043,0.0,,gaussian,cpu,cpu,8,,float32,none,small,moderate,medium,cpu,small_model__moderate_data__medium_volume,0.02,32,adam,1e-05,orthogonal,68.3827133178711,14.028082847595215,-159.92160034179688,68.91239929199219,15.31142520904541,-3.972138500213623,2.072827100753784,2.0498239994049072,1.2411308288574219,6.818656921386719,24.39160919189453,0.1932799220085144,0.09036324173212051
343,2026-09-01 13:44:44,train,214,full_training,2.5509047508239746,0.03329313173890114,50.0,1,0,0.07029517399496399,4.913939476013184,2,32,1313,2496,relu,none,0.0,none,21008,xavier,4.628277778625488,2.699293613433838,linear,214,6,0.219,768,1.8662909269332886,1.73091503303904,0.01841397331306431,0.0,,gaussian,cpu,cpu,8,,float32,none,small,moderate,high,cpu,small_model__moderate_data__high_volume,0.02,32,adam,1e-05,xavier,180.12289428710938,8.215889930725098,-20.043651580810547,103.22378540039062,17.713502883911133,31.815521907806396,5.034522533416748,4.557939052581787,1.8590468168258667,2.1285388469696045,43.529945373535156,0.28183235228061676,0.19707010686397552
344,2026-09-01 13:44:44,train,214,full_training,2.8554160594940186,0.03752979263663292,57.0,1,0,0.06300701698637567,4.413133144378662,2,32,1313,2496,relu,none,0.0,none,21008,he,5.945054133733113,3.1431682109832764,linear,214,6,0.219,768,1.8662909269332886,1.73091503303904,0.01841397331306431,0.0,,gaussian,cpu,cpu,8,,float32,none,small,moderate,high,cpu,small_model__moderate_data__high_volume,0.02,32,adam,1e-05,he,383.60638427734375,19.261899948120117,-103.28135681152344,103.22378540039062,17.7135066986084,87.4138427734375,5.034523010253906,4.557940483093262,3.3081977367401123,4.312800407409668,182.2418670654297,0.501524344086647,0.6240553259849548
345,2026-09-01 13:44:44,train,214,full_training,3.161677598953247,0.044994063675403595,36.0,1,0,0.044973892014240846,5.147074222564697,2,32,1313,2496,relu,none,0.0,none,21008,orthogonal,4.154700259367625,2.899160146713257,linear,214,6,0.219,768,1.8662909269332886,1.73091503303904,0.01841397331306431,0.0,,gaussian,cpu,cpu,8,,float32,none,small,moderate,high,cpu,small_model__moderate_data__high_volume,0.02,32,adam,1e-05,orthogonal,108.75711059570312,6.148500442504883,-18.289121627807617,110.8634033203125,17.740026473999023,17.75289855003357,3.41979718208313,3.2447290420532227,1.4467475414276123,2.0711047649383545,45.20338439941406,0.24045176804065704,0.1296154484152794
346,2026-09-01 13:44:45,train,215,full_training,2.018429756164551,0.04166357219219208,116.0,1,0,0.14125132199842483,5.540014266967773,2,32,1249,2368,relu,none,0.0,none,19984,xavier,4.106595436731975,2.8521344661712646,nonlinear_interaction,215,4,0.189,512,1.869615077972412,1.7318048177156404,0.023700429271819864,0.0,,gaussian,cpu,cpu,8,,float32,none,small,moderate,medium,cpu,small_model__moderate_data__medium_volume,0.02,32,adam,1e-05,xavier,88.71050262451172,10.32526969909668,-90.188720703125,67.78245544433594,13.624550819396973,24.72009143829346,3.403115749359131,3.2786667346954346,1.6987640857696533,4.017354488372803,50.588680267333984,0.19976183772087097,0.11337273567914963
347,2026-09-01 13:44:45,train,215,full_training,2.583381414413452,0.04799802973866463,116.0,1,0,0.1585309139918536,4.966309547424316,2,32,1249,2368,relu,none,0.0,none,19984,he,5.400059739748637,2.908212184906006,nonlinear_interaction,215,4,0.189,512,1.869615077972412,1.7318048177156404,0.023700429271819864,0.0,,gaussian,cpu,cpu,8,,float32,none,small,moderate,medium,cpu,small_model__moderate_data__medium_volume,0.02,32,adam,1e-05,he,225.21484375,43.09992980957031,-1340.855712890625,67.78245544433594,13.624547958374023,82.00417938232422,3.403115749359131,3.278667688369751,3.6036229133605957,12.838282585144043,596.6097412109375,0.4237588196992874,0.5101772546768188
348,2026-09-01 13:44:45,train,215,full_training,2.1775124073028564,0.04493892192840576,152.0,1,0,0.18581966499914415,6.000199317932129,2,32,1249,2368,relu,none,0.0,none,19984,orthogonal,3.9428090254465737,2.9643869400024414,nonlinear_interaction,215,4,0.189,512,1.869615077972412,1.7318048177156404,0.023700429271819864,0.0,,gaussian,cpu,cpu,8,,float32,none,small,moderate,medium,cpu,small_model__moderate_data__medium_volume,0.02,32,adam,1e-05,orthogonal,68.3827133178711,8.060006141662598,-45.43202590942383,89.00230407714844,14.593473434448242,14.608281898498536,2.002986431121826,1.9649475812911987,1.283571720123291,3.0971016883850098,21.19235610961914,0.18238554149866104,0.08380041271448135
349,2026-09-01 13:44:46,train,216,full_training,6.4198317527771,0.4490557610988617,,0,0,0.9087336249940563,14.217958450317383,2,32,1249,2368,relu,none,0.0,none,19984,xavier,4.106595436731975,2.8521344661712646,nonlinear_product,216,4,0.193,768,6.196130752563477,2.3309010457395596,0.03610999441999247,0.0,,gaussian,cpu,cpu,8,,float32,none,small,moderate,high,cpu,small_model__moderate_data__high_volume,0.02,32,adam,1e-05,xavier,88.71050262451172,22.405298233032227,-372.1484375,52.00677490234375,13.127523422241211,24.894830536842345,3.221229076385498,3.1710572242736816,1.6445609331130981,9.0054292678833,88.95976257324219,0.20986146479845047,0.13202501833438873
350,2026-09-01 13:44:47,train,216,full_training,11.973791122436523,0.04983548820018768,741.0,1,0,0.7913993589754682,12.082924842834473,2,32,1249,2368,relu,none,0.0,none,19984,he,5.400059739748637,2.908212184906006,nonlinear_product,216,4,0.193,768,6.196130752563477,2.3309010457395596,0.03610999441999247,0.0,,gaussian,cpu,cpu,8,,float32,none,small,moderate,high,cpu,small_model__moderate_data__high_volume,0.02,32,adam,1e-05,he,225.21484375,76.27283477783203,-3671.5849609375,52.00677490234375,13.127520561218262,93.68706970214843,3.221228837966919,3.1710562705993652,3.488640069961548,23.590408325195312,622.5258178710938,0.4451833814382553,0.5941125452518463
351,2026-09-01 13:44:48,train,216,full_training,5.124349594116211,0.04146775230765343,645.0,1,0,0.6529832859814633,12.898841857910156,2,32,1249,2368,relu,none,0.0,none,19984,orthogonal,3.9428090254465737,2.9643869400024414,nonlinear_product,216,4,0.193,768,6.196130752563477,2.3309010457395596,0.03610999441999247,0.0,,gaussian,cpu,cpu,8,,float32,none,small,moderate,high,cpu,small_model__moderate_data__high_volume,0.02,32,adam,1e-05,orthogonal,68.3827133178711,15.741576194763184,-199.3902587890625,78.88038635253906,15.126639366149902,0.04384279251098633,2.0918846130371094,2.0528459548950195,1.2874467372894287,7.143011093139648,41.5911979675293,0.18320473283529282,0.08857643976807594
352,2026-09-01 13:44:48,train,217,full_training,1.4142446517944336,0.04493437707424164,11.0,1,0,0.011847632995340973,2.799616575241089,2,32,1249,2368,relu,none,0.0,none,19984,xavier,4.106595436731975,2.8521344661712646,linear,217,4,0.071,512,1.9635379314422607,1.7563124897692064,0.04652169874456103,0.0,,gaussian,cpu,cpu,8,,float32,none,small,clean,medium,cpu,small_model__clean_data__medium_volume,0.02,32,adam,1e-05,xavier,88.71050262451172,8.626955032348633,-11.583639144897461,75.01730346679688,14.125829696655273,42.16701126098633,3.339144468307495,3.189357042312622,1.6800285577774048,2.8698060512542725,20.942548751831055,0.20869988948106766,0.11619227007031441
353,2026-09-01 13:44:48,train,217,full_training,1.4157867431640625,0.043854791671037674,21.0,1,0,0.022908585000550374,3.3671820163726807,2,32,1249,2368,relu,none,0.0,none,19984,he,5.400059739748637,2.908212184906006,linear,217,4,0.071,512,1.9635379314422607,1.7563124897692064,0.04652169874456103,0.0,,gaussian,cpu,cpu,8,,float32,none,small,clean,medium,cpu,small_model__clean_data__medium_volume,0.02,32,adam,1e-05,he,225.21484375,16.769195556640625,-89.63514709472656,75.01730346679688,14.125829696655273,114.2312744140625,3.339144468307495,3.189357042312622,3.5638785362243652,3.917452096939087,198.0908660888672,0.4427192509174347,0.5228651463985443
354,2026-09-01 13:44:48,train,217,full_training,1.885542631149292,0.04810457304120064,20.0,1,0,0.02629421398160048,3.6109602451324463,2,32,1249,2368,relu,none,0.0,none,19984,orthogonal,3.9428090254465737,2.9643869400024414,linear,217,4,0.071,512,1.9635379314422607,1.7563124897692064,0.04652169874456103,0.0,,gaussian,cpu,cpu,8,,float32,none,small,clean,medium,cpu,small_model__clean_data__medium_volume,0.02,32,adam,1e-05,orthogonal,68.3827133178711,8.24647045135498,-21.864337921142578,78.8142318725586,14.76971435546875,39.28965787887573,2.113051414489746,2.067159414291382,1.296102523803711,3.000507116317749,22.22317123413086,0.19071409106254578,0.0873759426176548
355,2026-09-01 13:44:48,train,218,full_training,2.9678573608398438,0.04780276119709015,140.0,1,0,0.14752251200843602,5.961378574371338,2,32,1313,2496,relu,none,0.0,none,21008,xavier,4.628277778625488,2.699293613433838,nonlinear_interaction,218,6,0.056,512,1.9144386053085327,1.7436507447831697,0.02673366597206502,0.0,,gaussian,cpu,cpu,8,,float32,none,small,clean,medium,cpu,small_model__clean_data__medium_volume,0.02,32,adam,1e-05,xavier,180.12289428710938,12.544318199157715,-63.447479248046875,100.79461669921875,17.018102645874023,39.06985855102539,5.511855125427246,5.168514728546143,1.8902379274368286,4.157323837280273,43.27992630004883,0.25550714135169983,0.18180788308382034
356,2026-09-01 13:44:48,train,218,full_training,3.3266184329986572,0.04520517587661743,146.0,1,0,0.16755832801572978,5.572775363922119,2,32,1313,2496,relu,none,0.0,none,21008,he,5.945054133733113,3.1431682109832764,nonlinear_interaction,218,6,0.056,512,1.9144386053085327,1.7436507447831697,0.02673366597206502,0.0,,gaussian,cpu,cpu,8,,float32,none,small,clean,medium,cpu,small_model__clean_data__medium_volume,0.02,32,adam,1e-05,he,383.60638427734375,27.814340591430664,-247.29367065429688,100.79461669921875,17.01810646057129,112.53186359405518,5.5118536949157715,5.168514728546143,3.3637030124664307,7.579057693481445,187.36776733398438,0.4546782672405243,0.5757249742746353
357,2026-09-01 13:44:48,train,218,full_training,3.063345193862915,0.03971491754055023,162.0,1,0,0.23336290000588633,6.2455034255981445,2,32,1313,2496,relu,none,0.0,none,21008,orthogonal,4.154700259367625,2.899160146713257,nonlinear_interaction,218,6,0.056,512,1.9144386053085327,1.7436507447831697,0.02673366597206502,0.0,,gaussian,cpu,cpu,8,,float32,none,small,clean,medium,cpu,small_model__clean_data__medium_volume,0.02,32,adam,1e-05,orthogonal,108.75711059570312,8.316168785095215,-32.981571197509766,106.63009643554688,17.893287658691406,19.27390785217285,3.5609750747680664,3.2196648120880127,1.397066593170166,3.3437695503234863,16.902870178222656,0.2047947198152542,0.10623778402805328
358,2026-09-01 13:44:49,train,219,full_training,4.533608436584473,0.04638347402215004,390.0,1,0,0.7430802280141506,11.20205020904541,2,32,1281,2432,relu,none,0.0,none,20496,xavier,4.337605396906535,2.741262674331665,nonlinear_product,219,5,0.158,512,9.220231056213379,2.529638581995337,0.035012750999791765,0.0,,gaussian,cpu,cpu,8,,float32,none,small,moderate,medium,cpu,small_model__moderate_data__medium_volume,0.02,32,adam,1e-05,xavier,116.72314453125,21.54339027404785,-199.5560302734375,104.50103759765625,16.687299728393555,51.182271766662595,4.106106281280518,3.689969539642334,1.784441351890564,8.888774871826172,99.59020233154297,0.2546922117471695,0.18287333846092224
359,2026-09-01 13:44:50,train,219,full_training,4.379786491394043,0.04714318364858627,450.0,1,0,0.7378755649842788,10.57477855682373,2,32,1281,2432,relu,none,0.0,none,20496,he,5.668473839759827,3.066263437271118,nonlinear_product,219,5,0.158,512,9.220231056213379,2.529638581995337,0.035012750999791765,0.0,,gaussian,cpu,cpu,8,,float32,none,small,moderate,medium,cpu,small_model__moderate_data__medium_volume,0.02,32,adam,1e-05,he,268.70367431640625,43.66836929321289,-438.4704895019531,104.50103759765625,16.68729591369629,209.77015838623046,4.106105804443359,3.6899683475494385,3.432441234588623,13.734725952148438,578.9295043945312,0.48991023004055023,0.6766313910484314
360,2026-09-01 13:44:50,train,219,full_training,4.356327533721924,0.047476425766944885,263.0,1,0,0.2631920339772478,9.37272834777832,2,32,1281,2432,relu,none,0.0,none,20496,orthogonal,4.054092566172282,2.926488161087036,nonlinear_product,219,5,0.158,512,9.220231056213379,2.529638581995337,0.035012750999791765,0.0,,gaussian,cpu,cpu,8,,float32,none,small,moderate,medium,cpu,small_model__moderate_data__medium_volume,0.02,32,adam,1e-05,orthogonal,84.57994079589844,16.67591094970703,-169.5948486328125,94.05534362792969,17.085311889648438,16.881829071044923,2.843456983566284,2.613708257675171,1.3419392108917236,8.097997665405273,49.73774719238281,0.21308351308107376,0.11954176798462868
361,2026-09-01 13:44:50,train,220,full_training,2.520723342895508,0.04252694547176361,11.0,1,0,0.010145584994461387,2.8481123447418213,2,32,1217,2304,relu,none,0.0,none,19472,xavier,3.998493274052938,2.7725577354431152,linear,220,3,0.216,768,1.973047137260437,1.7587280921626625,0.026875958821770827,0.0,,gaussian,cpu,cpu,8,,float32,none,small,moderate,high,cpu,small_model__moderate_data__high_volume,0.02,32,adam,1e-05,xavier,85.53611755371094,8.589940071105957,-19.083648681640625,31.933029174804688,11.730944633483887,52.75011386871338,2.2342147827148438,2.1385116577148438,1.2915802001953125,2.908215284347534,44.21920394897461,0.16848082095384598,0.07996829971671104
362,2026-09-01 13:44:50,train,220,full_training,1.589999794960022,0.04823198541998863,26.0,1,0,0.03691407301812433,2.87292218208313,2,32,1217,2304,relu,none,0.0,none,19472,he,5.3281480471293134,2.563436269760132,linear,220,3,0.216,768,1.973047137260437,1.7587280921626625,0.026875958821770827,0.0,,gaussian,cpu,cpu,8,,float32,none,small,moderate,high,cpu,small_model__moderate_data__high_volume,0.02,32,adam,1e-05,he,247.24282836914062,16.555622100830078,-48.506446838378906,31.933029174804688,11.730950355529785,236.34971237182617,2.234215021133423,2.1385114192962646,3.1194632053375244,4.182133674621582,121.6328353881836,0.40691985189914703,0.4664818197488785
363,2026-09-01 13:44:50,train,220,full_training,3.095566511154175,0.049217384308576584,23.0,1,0,0.027324686001520604,4.242124557495117,2,32,1217,2304,relu,none,0.0,none,19472,orthogonal,3.8164965311686196,3.016789674758911,linear,220,3,0.216,768,1.973047137260437,1.7587280921626625,0.026875958821770827,0.0,,gaussian,cpu,cpu,8,,float32,none,small,moderate,high,cpu,small_model__moderate_data__high_volume,0.02,32,adam,1e-05,orthogonal,53.49358367919922,7.563329219818115,-12.333220481872559,33.97062683105469,11.867844581604004,31.691613006591798,1.7528374195098877,1.6366803646087646,1.2133331298828125,2.4849748611450195,30.751741409301758,0.17280647158622742,0.07176251336932182
364,2026-09-01 13:44:51,train,221,full_training,3.262233257293701,0.04701925069093704,118.0,1,0,0.13145314302528277,6.032556533813477,2,32,1281,2432,relu,none,0.0,none,20496,xavier,4.337605396906535,2.741262674331665,nonlinear_interaction,221,5,0.128,768,2.1923229694366455,1.8114193823565474,0.04609920840255634,0.0,,gaussian,cpu,cpu,8,,float32,none,small,moderate,high,cpu,small_model__moderate_data__high_volume,0.02,32,adam,1e-05,xavier,116.72314453125,12.346357345581055,-43.08366775512695,99.52728271484375,16.011245727539062,54.09205341339111,4.125072956085205,3.7766876220703125,1.7317805290222168,3.827418565750122,26.403650283813477,0.2304011955857277,0.16346445679664612
365,2026-09-01 13:44:51,train,221,full_training,4.365826606750488,0.04172763600945473,136.0,1,0,0.152002369024558,6.220645904541016,2,32,1281,2432,relu,none,0.0,none,20496,he,5.668473839759827,3.066263437271118,nonlinear_interaction,221,5,0.128,768,2.1923229694366455,1.8114193823565474,0.04609920840255634,0.0,,gaussian,cpu,cpu,8,,float32,none,small,moderate,high,cpu,small_model__moderate_data__high_volume,0.02,32,adam,1e-05,he,268.70367431640625,33.147342681884766,-384.22882080078125,99.52728271484375,16.011249542236328,160.86792488098143,4.125072956085205,3.7766897678375244,3.331146717071533,7.59022331237793,117.20381927490234,0.44318555295467377,0.6048185229301453
366,2026-09-01 13:44:51,train,221,full_training,3.0851383209228516,0.03596252202987671,127.0,1,0,0.13961836998350918,6.295568943023682,2,32,1281,2432,relu,none,0.0,none,20496,orthogonal,4.054092566172282,2.926488161087036,nonlinear_interaction,221,5,0.128,768,2.1923229694366455,1.8114193823565474,0.04609920840255634,0.0,,gaussian,cpu,cpu,8,,float32,none,small,moderate,high,cpu,small_model__moderate_data__high_volume,0.02,32,adam,1e-05,orthogonal,84.57994079589844,8.304900169372559,-32.23055648803711,96.73330688476562,16.392892837524414,28.22191162109375,2.9418962001800537,2.7907614707946777,1.3499906063079834,3.5247671604156494,19.59382438659668,0.19678478688001633,0.10688859969377518
367,2026-09-01 13:44:51,test,222,full_training,6.034249305725098,0.040156248956918716,223.0,1,0,0.2307825369935017,8.621186256408691,2,32,1217,2304,relu,none,0.0,none,19472,xavier,3.998493274052938,2.7725577354431152,nonlinear_product,222,3,0.071,512,5.666129112243652,2.286191627376239,0.017716953562361457,0.0,,gaussian,cpu,cpu,8,,float32,none,small,clean,medium,cpu,small_model__clean_data__medium_volume,0.02,32,adam,1e-05,xavier,85.53611755371094,22.741289138793945,-219.87991333007812,48.563106536865234,12.089951515197754,14.096216201782227,2.336273431777954,2.3285601139068604,1.3352391719818115,8.433734893798828,66.37680053710938,0.15728408098220825,0.07127425819635391
368,2026-09-01 13:44:52,test,222,full_training,5.045515537261963,0.04608922451734543,250.0,1,0,0.283982367021963,7.758533954620361,2,32,1217,2304,relu,none,0.0,none,19472,he,5.3281480471293134,2.563436269760132,nonlinear_product,222,3,0.071,512,5.666129112243652,2.286191627376239,0.017716953562361457,0.0,,gaussian,cpu,cpu,8,,float32,none,small,clean,medium,cpu,small_model__clean_data__medium_volume,0.02,32,adam,1e-05,he,247.24282836914062,63.96916961669922,-1086.29150390625,48.563106536865234,12.089951515197754,117.1243766784668,2.336273431777954,2.3285603523254395,3.2249093055725098,17.44230842590332,439.1134033203125,0.3798771947622299,0.4157665818929672
369,2026-09-01 13:44:52,test,222,full_training,5.399113178253174,0.0349900908768177,164.0,1,0,0.21916489000432193,7.744707107543945,2,32,1217,2304,relu,none,0.0,none,19472,orthogonal,3.8164965311686196,3.016789674758911,nonlinear_product,222,3,0.071,512,5.666129112243652,2.286191627376239,0.017716953562361457,0.0,,gaussian,cpu,cpu,8,,float32,none,small,clean,medium,cpu,small_model__clean_data__medium_volume,0.02,32,adam,1e-05,orthogonal,53.49358367919922,15.262683868408203,-97.10506439208984,41.61172866821289,12.101613998413086,-0.8384912490844727,1.8186554908752441,1.7696789503097534,1.2201555967330933,6.585118293762207,36.421302795410156,0.16647490859031677,0.0654086321592331
370,2026-09-01 13:44:52,train,223,full_training,1.2691024541854858,0.045125480741262436,11.0,1,0,0.015167548001045361,2.815291404724121,2,32,1249,2368,relu,none,0.0,none,19984,xavier,4.106595436731975,2.8521344661712646,linear,223,4,0.107,384,2.124589681625366,1.7957278795707152,0.04933453639031111,0.0,,gaussian,cpu,cpu,8,,float32,none,small,moderate,medium,cpu,small_model__moderate_data__medium_volume,0.02,32,adam,1e-05,xavier,88.71050262451172,6.759410381317139,-2.196913480758667,72.69815826416016,13.62916088104248,37.87076320648193,3.3650801181793213,3.2669780254364014,1.6284306049346924,2.1811513900756836,73.3731460571289,0.20178403705358505,0.12265343964099884
371,2026-09-01 13:44:52,train,223,full_training,0.7381439805030823,0.04617149755358696,21.0,1,0,0.024450603988952935,3.016526222229004,2,32,1249,2368,relu,none,0.0,none,19984,he,5.400059739748637,2.908212184906006,linear,223,4,0.107,384,2.124589681625366,1.7957278795707152,0.04933453639031111,0.0,,gaussian,cpu,cpu,8,,float32,none,small,moderate,medium,cpu,small_model__moderate_data__medium_volume,0.02,32,adam,1e-05,he,225.21484375,20.737689971923828,-416.3704528808594,72.69815826416016,13.62916088104248,102.67197341918946,3.3650803565979004,3.2669782638549805,3.454422950744629,5.530533790588379,174.7530059814453,0.4280485510826111,0.5519404113292694
372,2026-09-01 13:44:52,train,223,full_training,1.6546947956085205,0.04659412056207657,19.0,1,0,0.02502189899678342,3.5905308723449707,2,32,1249,2368,relu,none,0.0,none,19984,orthogonal,3.9428090254465737,2.9643869400024414,linear,223,4,0.107,384,2.124589681625366,1.7957278795707152,0.04933453639031111,0.0,,gaussian,cpu,cpu,8,,float32,none,small,moderate,medium,cpu,small_model__moderate_data__medium_volume,0.02,32,adam,1e-05,orthogonal,68.3827133178711,7.464763164520264,-14.48310375213623,84.48490905761719,15.205428123474121,35.5877938747406,2.085510730743408,1.9772220849990845,1.252444863319397,2.5112721920013428,48.43930435180664,0.1804656758904457,0.08532024547457695
373,2026-09-01 13:44:52,test,224,full_training,2.4555776119232178,0.04382874816656113,157.0,1,0,0.30184041301254183,6.202679634094238,2,32,1249,2368,relu,none,0.0,none,19984,xavier,4.106595436731975,2.8521344661712646,nonlinear_interaction,224,4,0.253,768,1.8623992204666138,1.7298713132001753,0.036289957709778255,0.0,,gaussian,cpu,cpu,8,,float32,none,small,noisy,high,cpu,small_model__noisy_data__high_volume,0.02,32,adam,1e-05,xavier,88.71050262451172,6.727791786193848,-33.899208068847656,64.20929718017578,13.25615119934082,21.016299152374266,3.1413516998291016,3.1460084915161133,1.6610478162765503,2.4363882541656494,38.785316467285156,0.19537253677845,0.10722418501973152
374,2026-09-01 13:44:53,test,224,full_training,3.1818037033081055,0.03519482538104057,306.0,1,0,0.4606665569881443,6.721913814544678,2,32,1249,2368,relu,none,0.0,none,19984,he,5.400059739748637,2.908212184906006,nonlinear_interaction,224,4,0.253,768,1.8623992204666138,1.7298713132001753,0.036289957709778255,0.0,,gaussian,cpu,cpu,8,,float32,none,small,noisy,high,cpu,small_model__noisy_data__high_volume,0.02,32,adam,1e-05,he,225.21484375,29.255285263061523,-514.7452392578125,64.20929718017578,13.25615406036377,58.11058349609375,3.1413514614105225,3.1460084915161133,3.5236141681671143,7.8641180992126465,259.3694152832031,0.4144476652145386,0.4825087934732437
375,2026-09-01 13:44:53,test,224,full_training,2.5160257816314697,0.04989488795399666,225.0,1,0,0.25940756301861256,6.941704750061035,2,32,1249,2368,relu,none,0.0,none,19984,orthogonal,3.9428090254465737,2.9643869400024414,nonlinear_interaction,224,4,0.253,768,1.8623992204666138,1.7298713132001753,0.036289957709778255,0.0,,gaussian,cpu,cpu,8,,float32,none,small,noisy,high,cpu,small_model__noisy_data__high_volume,0.02,32,adam,1e-05,orthogonal,68.3827133178711,5.563643455505371,-20.57611083984375,84.27021789550781,14.82949447631836,13.856458950042725,1.9806360006332397,1.9296497106552124,1.282778024673462,2.1464040279388428,20.761857986450195,0.17743566632270813,0.07875486463308334
376,2026-09-01 13:44:53,train,225,full_training,5.488381862640381,0.039673302322626114,129.0,1,0,0.18660566298058257,7.457093715667725,2,32,1249,2368,relu,none,0.0,none,19984,xavier,4.106595436731975,2.8521344661712646,nonlinear_product,225,4,0.053,384,4.669736385345459,2.189489843981355,0.05901567907733232,0.0,,gaussian,cpu,cpu,8,,float32,none,small,clean,medium,cpu,small_model__clean_data__medium_volume,0.02,32,adam,1e-05,xavier,88.71050262451172,19.12919044494629,-224.4794921875,77.70659637451172,14.36334228515625,9.822894287109374,3.3917312622070312,3.2446601390838623,1.6795170307159424,7.774101734161377,158.4226837158203,0.21293184906244278,0.12560491263866425
377,2026-09-01 13:44:54,train,225,full_training,7.555694103240967,0.04808660224080086,157.0,1,0,0.3387616839900147,6.95046329498291,2,32,1249,2368,relu,none,0.0,none,19984,he,5.400059739748637,2.908212184906006,nonlinear_product,225,4,0.053,384,4.669736385345459,2.189489843981355,0.05901567907733232,0.0,,gaussian,cpu,cpu,8,,float32,none,small,clean,medium,cpu,small_model__clean_data__medium_volume,0.02,32,adam,1e-05,he,225.21484375,58.64631652832031,-1649.6339111328125,77.70659637451172,14.36334228515625,84.61142616271972,3.3917312622070312,3.244659900665283,3.562793254852295,17.278614044189453,702.2714233398438,0.4516966640949249,0.5652220845222473
378,2026-09-01 13:44:54,train,225,full_training,4.9505228996276855,0.04355045408010483,157.0,1,0,0.4000601510051638,7.6235151290893555,2,32,1249,2368,relu,none,0.0,none,19984,orthogonal,3.9428090254465737,2.9643869400024414,nonlinear_product,225,4,0.053,384,4.669736385345459,2.189489843981355,0.05901567907733232,0.0,,gaussian,cpu,cpu,8,,float32,none,small,clean,medium,cpu,small_model__clean_data__medium_volume,0.02,32,adam,1e-05,orthogonal,68.3827133178711,14.7804536819458,-164.91519165039062,89.00782775878906,15.585763931274414,-0.765812873840332,2.0811927318573,2.082024335861206,1.2674742937088013,6.895989894866943,101.33122253417969,0.1969710886478424,0.10051486641168594
379,2026-09-01 13:44:55,train,226,full_training,3.0567448139190674,0.03338990360498428,30.0,1,0,0.04032908700173721,4.744136810302734,2,32,1281,2432,relu,none,0.0,none,20496,xavier,4.337605396906535,2.741262674331665,linear,226,5,0.01,256,2.0110626220703125,1.7682701582407343,0.08513839233334135,0.0,,gaussian,cpu,cpu,8,,float32,none,small,clean,low,cpu,small_model__clean_data__low_volume,0.02,32,adam,1e-05,xavier,116.72314453125,19.578529357910156,-199.96490478515625,101.88235473632812,16.30867576599121,88.35330076217652,3.9100136756896973,3.7426204681396484,1.7761107683181763,5.767465591430664,211.41990661621094,0.259348526597023,0.19693171232938766
380,2026-09-01 13:44:55,train,226,full_training,4.524594783782959,0.04751315712928772,30.0,1,0,0.0487087779911235,4.444814205169678,2,32,1281,2432,relu,none,0.0,none,20496,he,5.668473839759827,3.066263437271118,linear,226,5,0.01,256,2.0110626220703125,1.7682701582407343,0.08513839233334135,0.0,,gaussian,cpu,cpu,8,,float32,none,small,clean,low,cpu,small_model__clean_data__low_volume,0.02,32,adam,1e-05,he,268.70367431640625,66.58499908447266,-2011.32275390625,101.88235473632812,16.308679580688477,240.16048355102538,3.910013437271118,3.742621898651123,3.416417360305786,16.26126480102539,1792.47802734375,0.49886685609817505,0.728647381067276
381,2026-09-01 13:44:55,train,226,full_training,2.4791676998138428,0.04063776135444641,24.0,1,0,0.030971457017585635,4.435849666595459,2,32,1281,2432,relu,none,0.0,none,20496,orthogonal,4.054092566172282,2.926488161087036,linear,226,5,0.01,256,2.0110626220703125,1.7682701582407343,0.08513839233334135,0.0,,gaussian,cpu,cpu,8,,float32,none,small,clean,low,cpu,small_model__clean_data__low_volume,0.02,32,adam,1e-05,orthogonal,84.57994079589844,10.434792518615723,-54.570350646972656,94.8944320678711,15.888198852539062,58.00817184448242,2.88767147064209,2.6456081867218018,1.352748155593872,3.7135567665100098,46.90079879760742,0.21785984188318253,0.13085437566041946
382,2026-09-01 13:44:55,train,227,full_training,3.8416757583618164,0.04785531386733055,260.0,1,0,0.3927888899925165,7.89951753616333,2,32,1345,2560,relu,none,0.0,none,21520,xavier,4.824894110361735,2.6007485389709473,nonlinear_interaction,227,7,0.273,512,1.8091404438018799,1.7153644529812915,0.029005461016877048,0.0,,gaussian,cpu,cpu,8,,float32,none,small,noisy,medium,cpu,small_model__noisy_data__medium_volume,0.02,32,adam,1e-05,xavier,222.52198791503906,28.9447021484375,-534.653564453125,112.39620971679688,18.246814727783203,93.84013061523437,7.830694198608398,6.958444595336914,2.112334728240967,8.624600410461426,361.16888427734375,0.27238067984580994,0.2045886516571045
383,2026-09-01 13:44:56,train,227,full_training,7.659846782684326,0.03830285742878914,270.0,1,0,0.3635023069800809,7.153509140014648,2,32,1345,2560,relu,none,0.0,none,21520,he,6.084149400393168,3.0874176025390625,nonlinear_interaction,227,7,0.273,512,1.8091404438018799,1.7153644529812915,0.029005461016877048,0.0,,gaussian,cpu,cpu,8,,float32,none,small,noisy,medium,cpu,small_model__noisy_data__medium_volume,0.02,32,adam,1e-05,he,444.48486328125,93.81524658203125,-4717.787109375,112.39620971679688,18.246814727783203,259.6145483016968,7.830695152282715,6.958446979522705,3.5255837440490723,23.602584838867188,2680.269287109375,0.45461586117744446,0.5699255615472794
384,2026-09-01 13:44:56,train,227,full_training,2.8647656440734863,0.045725706964731216,252.0,1,0,0.3662480959901586,7.667391300201416,2,32,1345,2560,relu,none,0.0,none,21520,orthogonal,4.247219244639079,2.8800108432769775,nonlinear_interaction,227,7,0.273,512,1.8091404438018799,1.7153644529812915,0.029005461016877048,0.0,,gaussian,cpu,cpu,8,,float32,none,small,noisy,medium,cpu,small_model__noisy_data__medium_volume,0.02,32,adam,1e-05,orthogonal,111.43936157226562,12.806697845458984,-175.1153564453125,112.09158325195312,19.234771728515625,65.28898735046387,4.302439212799072,3.93991756439209,1.5304940938949585,5.289083957672119,105.20467376708984,0.24176182597875595,0.1276293396949768
385,2026-09-01 13:44:56,test,228,full_training,15.016185760498047,0.048630695790052414,207.0,1,0,0.3299595610005781,7.983148097991943,2,32,1249,2368,relu,none,0.0,none,19984,xavier,4.106595436731975,2.8521344661712646,nonlinear_product,228,4,0.172,384,5.321443557739258,2.2548108391975465,0.04623047977995021,0.0,,gaussian,cpu,cpu,8,,float32,none,small,moderate,medium,cpu,small_model__moderate_data__medium_volume,0.02,32,adam,1e-05,xavier,88.71050262451172,19.123424530029297,-227.32345581054688,74.80155944824219,14.208966255187988,7.617402982711792,3.240159034729004,3.071749687194824,1.6191227436065674,7.88139533996582,28.228479385375977,0.2007150873541832,0.11214210838079453
386,2026-09-01 13:44:57,test,228,full_training,18.2757568359375,0.04737867787480354,218.0,1,0,0.2517163710144814,7.340065956115723,2,32,1249,2368,relu,none,0.0,none,19984,he,5.400059739748637,2.908212184906006,nonlinear_product,228,4,0.172,384,5.321443557739258,2.2548108391975465,0.04623047977995021,0.0,,gaussian,cpu,cpu,8,,float32,none,small,moderate,medium,cpu,small_model__moderate_data__medium_volume,0.02,32,adam,1e-05,he,225.21484375,56.52803421020508,-1627.7049560546875,74.80155944824219,14.208970069885254,69.20168838500976,3.240159034729004,3.071749210357666,3.4346776008605957,17.2450008392334,155.7958221435547,0.4257809817790985,0.5046394467353821
387,2026-09-01 13:44:57,test,228,full_training,14.148595809936523,0.03771691396832466,218.0,1,0,0.2840564060024917,8.061787605285645,2,32,1249,2368,relu,none,0.0,none,19984,orthogonal,3.9428090254465737,2.9643869400024414,nonlinear_product,228,4,0.172,384,5.321443557739258,2.2548108391975465,0.04623047977995021,0.0,,gaussian,cpu,cpu,8,,float32,none,small,moderate,medium,cpu,small_model__moderate_data__medium_volume,0.02,32,adam,1e-05,orthogonal,68.3827133178711,14.561319351196289,-152.9334716796875,81.77515411376953,15.740894317626953,0.7171674728393554,1.9451422691345215,1.8982526063919067,1.255819320678711,6.813084125518799,25.977075576782227,0.18113723397254944,0.07783305644989014
388,2026-09-01 13:44:57,train,229,full_training,1.2098861932754517,0.028987644240260124,23.0,1,0,0.033471130998805165,4.305445671081543,2,32,1313,2496,relu,none,0.0,none,21008,xavier,4.628277778625488,2.699293613433838,linear,229,6,0.042,768,1.8300374746322632,1.721106755497066,0.025715210412079404,0.0,,gaussian,cpu,cpu,8,,float32,none,small,clean,high,cpu,small_model__clean_data__high_volume,0.02,32,adam,1e-05,xavier,180.12289428710938,7.546116828918457,-21.803409576416016,101.87303924560547,17.87101173400879,38.98599705696106,4.926388263702393,4.424590110778809,1.8286283016204834,2.1315853595733643,72.2332992553711,0.2741089314222336,0.21121583133935928
389,2026-09-01 13:44:57,train,229,full_training,1.4380629062652588,0.048683445900678635,31.0,1,0,0.036946786975022405,4.378683090209961,2,32,1313,2496,relu,none,0.0,none,21008,he,5.945054133733113,3.1431682109832764,linear,229,6,0.042,768,1.8300374746322632,1.721106755497066,0.025715210412079404,0.0,,gaussian,cpu,cpu,8,,float32,none,small,clean,high,cpu,small_model__clean_data__high_volume,0.02,32,adam,1e-05,he,383.60638427734375,19.33112335205078,-144.30490112304688,101.87303924560547,17.87101173400879,104.15325584411622,4.926387310028076,4.424593448638916,3.254067897796631,4.777400016784668,549.7666625976562,0.4877804219722748,0.6688501536846161
390,2026-09-01 13:44:57,train,229,full_training,1.4903017282485962,0.046964239329099655,18.0,1,0,0.022982040973147377,4.236205577850342,2,32,1313,2496,relu,none,0.0,none,21008,orthogonal,4.154700259367625,2.899160146713257,linear,229,6,0.042,768,1.8300374746322632,1.721106755497066,0.025715210412079404,0.0,,gaussian,cpu,cpu,8,,float32,none,small,clean,high,cpu,small_model__clean_data__high_volume,0.02,32,adam,1e-05,orthogonal,108.75711059570312,5.166333198547363,-17.53324317932129,111.94641876220703,17.653579711914062,19.443274688720702,3.623993158340454,3.2211906909942627,1.4275542497634888,2.087829351425171,26.457555770874023,0.23302701115608215,0.13499495387077332
391,2026-09-01 13:44:57,train,230,full_training,1.9236980676651,0.04239586740732193,65.0,1,0,0.07285037598921917,5.340256214141846,2,32,1281,2432,relu,none,0.0,none,20496,xavier,4.337605396906535,2.741262674331665,nonlinear_interaction,230,5,0.091,256,1.9807889461517334,1.7606861447025053,0.04304159296840522,0.0,,gaussian,cpu,cpu,8,,float32,none,small,clean,low,cpu,small_model__clean_data__low_volume,0.02,32,adam,1e-05,xavier,116.72314453125,10.79580307006836,-30.292818069458008,99.71703338623047,16.62091064453125,68.44242458343506,3.8848986625671387,3.548363208770752,1.6832969188690186,3.1078102588653564,211.33938598632812,0.24821262806653976,0.17680403590202332
392,2026-09-01 13:44:57,train,230,full_training,2.156264543533325,0.049854427576065063,92.0,1,0,0.11081498800194822,5.504416465759277,2,32,1281,2432,relu,none,0.0,none,20496,he,5.668473839759827,3.066263437271118,nonlinear_interaction,230,5,0.091,256,1.9807889461517334,1.7606861447025053,0.04304159296840522,0.0,,gaussian,cpu,cpu,8,,float32,none,small,clean,low,cpu,small_model__clean_data__low_volume,0.02,32,adam,1e-05,he,268.70367431640625,32.335899353027344,-369.42889404296875,99.71703338623047,16.62091064453125,200.71363697052,3.8848981857299805,3.5483648777008057,3.237886428833008,6.961528301239014,1165.6727294921875,0.4774465560913086,0.6541749835014343
393,2026-09-01 13:44:58,train,230,full_training,2.071763515472412,0.04849017411470413,54.0,1,0,0.07503715099301189,5.196539402008057,2,32,1281,2432,relu,none,0.0,none,20496,orthogonal,4.054092566172282,2.926488161087036,nonlinear_interaction,230,5,0.091,256,1.9807889461517334,1.7606861447025053,0.04304159296840522,0.0,,gaussian,cpu,cpu,8,,float32,none,small,clean,low,cpu,small_model__clean_data__low_volume,0.02,32,adam,1e-05,orthogonal,84.57994079589844,7.8797149658203125,-21.798418045043945,96.65038299560547,16.90279769897461,48.67612018585205,3.033022165298462,2.7947070598602295,1.3334639072418213,3.0632452964782715,57.523983001708984,0.20687680691480637,0.11255748942494392
394,2026-09-01 13:44:59,train,231,full_training,3.2890522480010986,0.1442716121673584,,0,0,1.107754903001478,12.125222206115723,2,32,1217,2304,relu,none,0.0,none,19472,xavier,3.998493274052938,2.7725577354431152,nonlinear_product,231,3,0.289,768,5.926798343658447,2.3086806126476667,0.02644718421976444,0.0,,gaussian,cpu,cpu,8,,float32,none,small,noisy,high,cpu,small_model__noisy_data__high_volume,0.02,32,adam,1e-05,xavier,85.53611755371094,17.295516967773438,-140.8720703125,40.95269775390625,12.108040809631348,23.788932704925536,2.462871789932251,2.4696478843688965,1.3274788856506348,6.931568145751953,67.4333267211914,0.1534428596496582,0.06246446631848812
395,2026-09-01 13:45:00,train,231,full_training,3.433095932006836,0.22024638950824738,,0,0,1.0099515379988588,10.258350372314453,2,32,1217,2304,relu,none,0.0,none,19472,he,5.3281480471293134,2.563436269760132,nonlinear_product,231,3,0.289,768,5.926798343658447,2.3086806126476667,0.02644718421976444,0.0,,gaussian,cpu,cpu,8,,float32,none,small,noisy,high,cpu,small_model__noisy_data__high_volume,0.02,32,adam,1e-05,he,247.24282836914062,46.73386764526367,-561.705078125,40.95269775390625,12.108040809631348,135.91243896484374,2.462871551513672,2.469647169113159,3.2061662673950195,13.583220481872559,281.874755859375,0.3705997169017792,0.36437609791755676
396,2026-09-01 13:45:01,train,231,full_training,2.6009256839752197,0.17880526185035706,,0,0,1.086726446985267,12.945780754089355,2,32,1217,2304,relu,none,0.0,none,19472,orthogonal,3.8164965311686196,3.016789674758911,nonlinear_product,231,3,0.289,768,5.926798343658447,2.3086806126476667,0.02644718421976444,0.0,,gaussian,cpu,cpu,8,,float32,none,small,noisy,high,cpu,small_model__noisy_data__high_volume,0.02,32,adam,1e-05,orthogonal,53.49358367919922,12.020051002502441,-68.03590393066406,39.06072235107422,12.37873363494873,-1.3839767456054688,1.7814737558364868,1.65461266040802,1.2002232074737549,5.516119956970215,33.456790924072266,0.1593436896800995,0.057730332016944885
397,2026-09-01 13:45:01,test,232,full_training,1.1910361051559448,0.03558605909347534,26.0,1,0,0.040336998004931957,3.614981174468994,2,32,1249,2368,relu,none,0.0,none,19984,xavier,4.106595436731975,2.8521344661712646,linear,232,4,0.037,256,2.1791841983795166,1.8084138261226956,0.02887118779560439,0.0,,gaussian,cpu,cpu,8,,float32,none,small,clean,low,cpu,small_model__clean_data__low_volume,0.02,32,adam,1e-05,xavier,88.71050262451172,8.91506576538086,-32.316932678222656,76.91433715820312,14.842362403869629,30.28096809387207,3.2616631984710693,3.18977689743042,1.5886566638946533,3.0344226360321045,98.3661880493164,0.1855425164103508,0.0988580547273159
398,2026-09-01 13:45:01,test,232,full_training,0.9252095818519592,0.02578495442867279,18.0,1,0,0.02299731899984181,2.8280680179595947,2,32,1249,2368,relu,none,0.0,none,19984,he,5.400059739748637,2.908212184906006,linear,232,4,0.037,256,2.1791841983795166,1.8084138261226956,0.02887118779560439,0.0,,gaussian,cpu,cpu,8,,float32,none,small,clean,low,cpu,small_model__clean_data__low_volume,0.02,32,adam,1e-05,he,225.21484375,24.283153533935547,-280.1639404296875,76.91433715820312,14.842362403869629,92.90373840332032,3.2616631984710693,3.189776659011841,3.370049476623535,6.546073913574219,277.5495910644531,0.3935950696468353,0.44486120343208313
399,2026-09-01 13:45:01,test,232,full_training,1.632510781288147,0.049426306039094925,21.0,1,0,0.02555910698720254,3.757415533065796,2,32,1249,2368,relu,none,0.0,none,19984,orthogonal,3.9428090254465737,2.9643869400024414,linear,232,4,0.037,256,2.1791841983795166,1.8084138261226956,0.02887118779560439,0.0,,gaussian,cpu,cpu,8,,float32,none,small,clean,low,cpu,small_model__clean_data__low_volume,0.02,32,adam,1e-05,orthogonal,68.3827133178711,8.874563217163086,-39.491302490234375,86.44114685058594,15.702537536621094,29.79514536857605,2.007777452468872,1.9545282125473022,1.2397537231445312,3.1680405139923096,128.23171997070312,0.17587311565876007,0.07865691184997559
400,2026-09-01 13:45:02,test,233,full_training,1.6546465158462524,0.03165435045957565,202.0,1,0,0.27140169899212196,6.762591361999512,2,32,1281,2432,relu,none,0.0,none,20496,xavier,4.337605396906535,2.741262674331665,nonlinear_interaction,233,5,0.158,768,1.9599374532699585,1.7553948137728126,0.016102885717572103,0.0,,gaussian,cpu,cpu,8,,float32,none,small,moderate,high,cpu,small_model__moderate_data__high_volume,0.02,32,adam,1e-05,xavier,116.72314453125,13.20947265625,-84.01888275146484,95.86204528808594,16.360660552978516,61.75319557189941,3.9192235469818115,3.6481857299804688,1.739127516746521,3.7507669925689697,261.5396728515625,0.26347147673368454,0.186979740858078
401,2026-09-01 13:45:02,test,233,full_training,2.6809229850769043,0.03417641296982765,202.0,1,0,0.25575964798917994,6.41559362411499,2,32,1281,2432,relu,none,0.0,none,20496,he,5.668473839759827,3.066263437271118,nonlinear_interaction,233,5,0.158,768,1.9599374532699585,1.7553948137728126,0.016102885717572103,0.0,,gaussian,cpu,cpu,8,,float32,none,small,moderate,high,cpu,small_model__moderate_data__high_volume,0.02,32,adam,1e-05,he,268.70367431640625,45.10541534423828,-1201.477294921875,95.86204528808594,16.360660552978516,205.97267532348633,3.9192237854003906,3.6481831073760986,3.3452789783477783,11.649703979492188,1187.483154296875,0.5067975223064423,0.6918250918388367
402,2026-09-01 13:45:02,test,233,full_training,1.7340279817581177,0.049531787633895874,131.0,1,0,0.18099641500157304,6.278259754180908,2,32,1281,2432,relu,none,0.0,none,20496,orthogonal,4.054092566172282,2.926488161087036,nonlinear_interaction,233,5,0.158,768,1.9599374532699585,1.7553948137728126,0.016102885717572103,0.0,,gaussian,cpu,cpu,8,,float32,none,small,moderate,high,cpu,small_model__moderate_data__high_volume,0.02,32,adam,1e-05,orthogonal,84.57994079589844,6.711467742919922,-18.425640106201172,98.64430236816406,17.476240158081055,34.05258750915527,2.832921266555786,2.7366745471954346,1.3293923139572144,2.4108669757843018,86.91893005371094,0.20969468355178833,0.11280949041247368
403,2026-09-01 13:45:02,train,234,full_training,2.188650369644165,0.039663203060626984,148.0,1,0,0.18575833598151803,7.206669807434082,2,32,1281,2432,relu,none,0.0,none,20496,xavier,4.337605396906535,2.741262674331665,nonlinear_product,234,5,0.079,256,2.9269516468048096,1.9559192771356344,0.045588863779217594,0.0,,gaussian,cpu,cpu,8,,float32,none,small,clean,low,cpu,small_model__clean_data__low_volume,0.02,32,adam,1e-05,xavier,116.72314453125,21.180591583251953,-119.28385162353516,95.4721450805664,16.892995834350586,69.82642211914063,4.203823089599609,4.004239559173584,1.7162597179412842,7.882077217102051,46.813323974609375,0.2545357123017311,0.1950889378786087
404,2026-09-01 13:45:03,train,234,full_training,1.9786478281021118,0.04614432528614998,121.0,1,0,0.17397141800029203,6.111467361450195,2,32,1281,2432,relu,none,0.0,none,20496,he,5.668473839759827,3.066263437271118,nonlinear_product,234,5,0.079,256,2.9269516468048096,1.9559192771356344,0.045588863779217594,0.0,,gaussian,cpu,cpu,8,,float32,none,small,clean,low,cpu,small_model__clean_data__low_volume,0.02,32,adam,1e-05,he,268.70367431640625,38.47008514404297,-123.14130401611328,95.4721450805664,16.89299201965332,232.99394836425782,4.203823089599609,4.004239082336426,3.3012914657592773,10.615373611450195,460.9280700683594,0.4896092414855957,0.7218291461467743
405,2026-09-01 13:45:03,train,234,full_training,2.576578140258789,0.047008298337459564,220.0,1,0,0.34132793798926286,7.494747638702393,2,32,1281,2432,relu,none,0.0,none,20496,orthogonal,4.054092566172282,2.926488161087036,nonlinear_product,234,5,0.079,256,2.9269516468048096,1.9559192771356344,0.045588863779217594,0.0,,gaussian,cpu,cpu,8,,float32,none,small,clean,low,cpu,small_model__clean_data__low_volume,0.02,32,adam,1e-05,orthogonal,84.57994079589844,15.95254898071289,-106.56446075439453,101.84700775146484,17.56551742553711,14.41779956817627,2.920703411102295,2.764849901199341,1.287605881690979,7.013140678405762,30.3848819732666,0.20669440925121307,0.12113002687692642
406,2026-09-01 13:45:03,train,235,full_training,1.7688498497009277,0.04335921257734299,31.0,1,0,0.04211236099945381,3.7324585914611816,2,32,1249,2368,relu,none,0.0,none,19984,xavier,4.106595436731975,2.8521344661712646,linear,235,4,0.218,256,2.203920602798462,1.8140574664562499,0.05147851453899857,0.0,,gaussian,cpu,cpu,8,,float32,none,small,moderate,low,cpu,small_model__moderate_data__low_volume,0.02,32,adam,1e-05,xavier,88.71050262451172,10.398577690124512,-21.00330352783203,81.45538330078125,13.9990234375,40.01964130401611,3.459712028503418,3.237600564956665,1.6588293313980103,3.12318754196167,75.90879821777344,0.22043924778699875,0.13316886872053146
407,2026-09-01 13:45:03,train,235,full_training,1.1561305522918701,0.04952770844101906,34.0,1,0,0.04407490900484845,3.4187347888946533,2,32,1249,2368,relu,none,0.0,none,19984,he,5.400059739748637,2.908212184906006,linear,235,4,0.218,256,2.203920602798462,1.8140574664562499,0.05147851453899857,0.0,,gaussian,cpu,cpu,8,,float32,none,small,moderate,low,cpu,small_model__moderate_data__low_volume,0.02,32,adam,1e-05,he,225.21484375,23.023448944091797,-213.54879760742188,81.45538330078125,13.999016761779785,123.14916687011718,3.459712028503418,3.237598419189453,3.5189080238342285,5.351949691772461,87.85621643066406,0.46762220561504364,0.5992598533630371
408,2026-09-01 13:45:03,train,235,full_training,2.1700634956359863,0.040082722902297974,27.0,1,0,0.03432523499941453,3.9673104286193848,2,32,1249,2368,relu,none,0.0,none,19984,orthogonal,3.9428090254465737,2.9643869400024414,linear,235,4,0.218,256,2.203920602798462,1.8140574664562499,0.05147851453899857,0.0,,gaussian,cpu,cpu,8,,float32,none,small,moderate,low,cpu,small_model__moderate_data__low_volume,0.02,32,adam,1e-05,orthogonal,68.3827133178711,10.252693176269531,-34.79319763183594,93.12506866455078,15.119867324829102,41.126393508911136,2.105550527572632,2.057962656021118,1.2829415798187256,3.378431797027588,88.04125213623047,0.20509789139032364,0.09911172837018967
409,2026-09-01 13:45:04,train,236,full_training,2.9332754611968994,0.04000794142484665,181.0,1,0,0.2487730749999173,6.274289608001709,2,32,1313,2496,relu,none,0.0,none,21008,xavier,4.628277778625488,2.699293613433838,nonlinear_interaction,236,6,0.149,512,2.0207653045654297,1.770676684859001,0.023399131794141066,0.0,,gaussian,cpu,cpu,8,,float32,none,small,moderate,medium,cpu,small_model__moderate_data__medium_volume,0.02,32,adam,1e-05,xavier,180.12289428710938,15.147643089294434,-78.36186981201172,103.27855682373047,17.450183868408203,57.4961669921875,4.850788593292236,4.496448040008545,1.8847767114639282,4.873144626617432,85.32998657226562,0.27839501947164536,0.20214997231960297
410,2026-09-01 13:45:04,train,236,full_training,3.51847243309021,0.039509695023298264,220.0,1,0,0.2887205179722514,6.286531925201416,2,32,1313,2496,relu,none,0.0,none,21008,he,5.945054133733113,3.1431682109832764,nonlinear_interaction,236,6,0.149,512,2.0207653045654297,1.770676684859001,0.023399131794141066,0.0,,gaussian,cpu,cpu,8,,float32,none,small,moderate,medium,cpu,small_model__moderate_data__medium_volume,0.02,32,adam,1e-05,he,383.60638427734375,30.61507225036621,-229.56344604492188,103.27855682373047,17.450176239013672,124.93460745811463,4.850788593292236,4.496445178985596,3.3539845943450928,8.270514488220215,221.1752166748047,0.4954076111316681,0.6401415914297104
411,2026-09-01 13:45:04,train,236,full_training,2.5190935134887695,0.04101964831352234,145.0,1,0,0.3015907130029518,6.492363929748535,2,32,1313,2496,relu,none,0.0,none,21008,orthogonal,4.154700259367625,2.899160146713257,nonlinear_interaction,236,6,0.149,512,2.0207653045654297,1.770676684859001,0.023399131794141066,0.0,,gaussian,cpu,cpu,8,,float32,none,small,moderate,medium,cpu,small_model__moderate_data__medium_volume,0.02,32,adam,1e-05,orthogonal,108.75711059570312,11.114238739013672,-112.01709747314453,114.71133422851562,17.40886116027832,36.973775482177736,3.433953046798706,3.00199818611145,1.4558885097503662,5.211601257324219,79.43897247314453,0.23431968688964844,0.13697507977485657
412,2026-09-01 13:45:05,train,237,full_training,6.977234840393066,0.04376895725727081,182.0,1,0,0.31066742801340297,7.333638668060303,2,32,1345,2560,relu,none,0.0,none,21520,xavier,4.824894110361735,2.6007485389709473,nonlinear_product,237,7,0.148,384,4.089428424835205,2.1231411386345744,0.03047851282925878,0.0,,gaussian,cpu,cpu,8,,float32,none,small,moderate,medium,cpu,small_model__moderate_data__medium_volume,0.02,32,adam,1e-05,xavier,222.52198791503906,57.421302795410156,-1819.938720703125,110.76541900634766,17.897340774536133,151.76216411590576,7.167933464050293,5.523715972900391,2.119631767272949,17.084976196289062,214.87863159179688,0.32146526873111725,0.28498975187540054
413,2026-09-01 13:45:05,train,237,full_training,12.871439933776855,0.04598936066031456,218.0,1,0,0.2992987199977506,7.208024024963379,2,32,1345,2560,relu,none,0.0,none,21520,he,6.084149400393168,3.0874176025390625,nonlinear_product,237,7,0.148,384,4.089428424835205,2.1231411386345744,0.03047851282925878,0.0,,gaussian,cpu,cpu,8,,float32,none,small,moderate,medium,cpu,small_model__moderate_data__medium_volume,0.02,32,adam,1e-05,he,444.48486328125,166.86334228515625,-13519.2275390625,110.76541900634766,17.897336959838867,436.4806644439697,7.167932987213135,5.523717403411865,3.5377628803253174,42.234928131103516,1983.961669921875,0.5365402847528458,0.7939000725746155
414,2026-09-01 13:45:05,train,237,full_training,5.228733062744141,0.04769695922732353,164.0,1,0,0.2256824920186773,8.010746955871582,2,32,1345,2560,relu,none,0.0,none,21520,orthogonal,4.247219244639079,2.8800108432769775,nonlinear_product,237,7,0.148,384,4.089428424835205,2.1231411386345744,0.03047851282925878,0.0,,gaussian,cpu,cpu,8,,float32,none,small,moderate,medium,cpu,small_model__moderate_data__medium_volume,0.02,32,adam,1e-05,orthogonal,111.43936157226562,25.219226837158203,-537.7677001953125,118.00008392333984,18.68387222290039,112.8163818359375,4.093006610870361,3.6068179607391357,1.557686448097229,10.341265678405762,48.50736618041992,0.27226777374744415,0.16151250898838043
415,2026-09-01 13:45:05,train,238,full_training,1.652854561805725,0.04692784324288368,17.0,1,0,0.023270250007044524,3.121263265609741,2,32,1249,2368,relu,none,0.0,none,19984,xavier,4.106595436731975,2.8521344661712646,linear,238,4,0.027,256,1.9608337879180908,1.7556234255965097,0.07729990548977139,0.0,,gaussian,cpu,cpu,8,,float32,none,small,clean,low,cpu,small_model__clean_data__low_volume,0.02,32,adam,1e-05,xavier,88.71050262451172,6.984838962554932,-7.497834205627441,68.06104278564453,13.748955726623535,39.53636131286621,3.417562246322632,3.1984996795654297,1.6509252786636353,2.18943452835083,39.633602142333984,0.20654327422380447,0.12300620600581169
416,2026-09-01 13:45:05,train,238,full_training,1.412329912185669,0.037344835698604584,20.0,1,0,0.02204410600825213,3.037292957305908,2,32,1249,2368,relu,none,0.0,none,19984,he,5.400059739748637,2.908212184906006,linear,238,4,0.027,256,1.9608337879180908,1.7556234255965097,0.07729990548977139,0.0,,gaussian,cpu,cpu,8,,float32,none,small,clean,low,cpu,small_model__clean_data__low_volume,0.02,32,adam,1e-05,he,225.21484375,20.333669662475586,-388.3399658203125,68.06104278564453,13.748958587646484,107.53919525146485,3.4175620079040527,3.1984987258911133,3.502140998840332,5.6806864738464355,174.58193969726562,0.43814441561698914,0.5535278916358948
417,2026-09-01 13:45:05,train,238,full_training,2.1111316680908203,0.030102437362074852,22.0,1,0,0.028143714007455856,3.876138210296631,2,32,1249,2368,relu,none,0.0,none,19984,orthogonal,3.9428090254465737,2.9643869400024414,linear,238,4,0.027,256,1.9608337879180908,1.7556234255965097,0.07729990548977139,0.0,,gaussian,cpu,cpu,8,,float32,none,small,clean,low,cpu,small_model__clean_data__low_volume,0.02,32,adam,1e-05,orthogonal,68.3827133178711,7.356544494628906,-16.1573543548584,85.61995697021484,15.422922134399414,31.96815357208252,2.1029248237609863,2.038619041442871,1.2517064809799194,2.408571481704712,37.303226470947266,0.18482595682144165,0.08477602526545525
418,2026-09-01 13:45:06,train,239,full_training,1.7924524545669556,0.04816967993974686,65.0,1,0,0.09187632601242512,5.429753303527832,2,32,1249,2368,relu,none,0.0,none,19984,xavier,4.106595436731975,2.8521344661712646,nonlinear_interaction,239,4,0.057,384,2.0486881732940674,1.7775383696300315,0.022950806082873865,0.0,,gaussian,cpu,cpu,8,,float32,none,small,clean,medium,cpu,small_model__clean_data__medium_volume,0.02,32,adam,1e-05,xavier,88.71050262451172,10.31119441986084,-67.74405670166016,63.830570220947266,13.560169219970703,26.36096782684326,3.416314125061035,3.1963443756103516,1.6437289714813232,3.862974166870117,304.4919128417969,0.2208857387304306,0.13747268915176392
419,2026-09-01 13:45:06,train,239,full_training,2.617621421813965,0.04761527478694916,48.0,1,0,0.05874986801063642,4.67614221572876,2,32,1249,2368,relu,none,0.0,none,19984,he,5.400059739748637,2.908212184906006,nonlinear_interaction,239,4,0.057,384,2.0486881732940674,1.7775383696300315,0.022950806082873865,0.0,,gaussian,cpu,cpu,8,,float32,none,small,clean,medium,cpu,small_model__clean_data__medium_volume,0.02,32,adam,1e-05,he,225.21484375,33.281166076660156,-748.62939453125,63.830570220947266,13.560165405273438,95.99996490478516,3.4163143634796143,3.1963446140289307,3.486875534057617,10.382416725158691,1435.0902099609375,0.46856939792633057,0.6186270713806152
420,2026-09-01 13:45:06,train,239,full_training,2.217247486114502,0.03426370024681091,92.0,1,0,0.11380776201258413,5.8709611892700195,2,32,1249,2368,relu,none,0.0,none,19984,orthogonal,3.9428090254465737,2.9643869400024414,nonlinear_interaction,239,4,0.057,384,2.0486881732940674,1.7775383696300315,0.022950806082873865,0.0,,gaussian,cpu,cpu,8,,float32,none,small,clean,medium,cpu,small_model__clean_data__medium_volume,0.02,32,adam,1e-05,orthogonal,68.3827133178711,10.16905689239502,-57.09237289428711,87.78741455078125,15.144220352172852,24.872861862182617,1.9948861598968506,1.9096028804779053,1.2747797966003418,3.6764936447143555,354.68157958984375,0.19839166104793549,0.10405025258660316
421,2026-09-01 13:45:06,train,240,full_training,6.387174606323242,0.048704829066991806,183.0,1,0,0.24860932299634442,6.462464809417725,2,32,1345,2560,relu,none,0.0,none,21520,xavier,4.824894110361735,2.6007485389709473,nonlinear_product,240,7,0.018,512,2.76361083984375,1.9272075831988245,0.047019070184367164,0.0,,gaussian,cpu,cpu,8,,float32,none,small,clean,medium,cpu,small_model__clean_data__medium_volume,0.02,32,adam,1e-05,xavier,222.52198791503906,47.26732635498047,-1392.957763671875,112.72161865234375,18.146072387695312,128.58731994628906,9.272297859191895,6.704707145690918,2.0200486183166504,15.49657917022705,162.84793090820312,0.2826700359582901,0.23640261590480804
422,2026-09-01 13:45:06,train,240,full_training,12.25842571258545,0.047794558107852936,235.0,1,0,0.28798033102066256,6.523404598236084,2,32,1345,2560,relu,none,0.0,none,21520,he,6.084149400393168,3.0874176025390625,nonlinear_product,240,7,0.018,512,2.76361083984375,1.9272075831988245,0.047019070184367164,0.0,,gaussian,cpu,cpu,8,,float32,none,small,clean,medium,cpu,small_model__clean_data__medium_volume,0.02,32,adam,1e-05,he,444.48486328125,133.66156005859375,-9282.353515625,112.72161865234375,18.146081924438477,347.40869903564453,9.272300720214844,6.704707622528076,3.371554136276245,35.966590881347656,785.6122436523438,0.47178925573825836,0.6585501730442047
423,2026-09-01 13:45:07,train,240,full_training,4.713306903839111,0.047117408365011215,181.0,1,0,0.2427523789810948,7.2278242111206055,2,32,1345,2560,relu,none,0.0,none,21520,orthogonal,4.247219244639079,2.8800108432769775,nonlinear_product,240,7,0.018,512,2.76361083984375,1.9272075831988245,0.047019070184367164,0.0,,gaussian,cpu,cpu,8,,float32,none,small,clean,medium,cpu,small_model__clean_data__medium_volume,0.02,32,adam,1e-05,orthogonal,111.43936157226562,24.400798797607422,-561.6494140625,115.7900619506836,19.008031845092773,99.91746597290039,4.615740776062012,3.9909322261810303,1.4963692426681519,10.4718656539917,76.35564422607422,0.2524317353963852,0.1541169434785843
424,2026-09-01 13:45:07,train,241,full_training,1.5524389743804932,0.04430742561817169,49.0,1,0,0.06517302000429481,4.901666641235352,2,32,1313,2496,relu,none,0.0,none,21008,xavier,4.628277778625488,2.699293613433838,linear,241,6,0.226,512,2.083995819091797,1.7860820920522489,0.038197365654900936,0.0,,gaussian,cpu,cpu,8,,float32,none,small,moderate,medium,cpu,small_model__moderate_data__medium_volume,0.02,32,adam,1e-05,xavier,180.12289428710938,10.586379051208496,-24.157024383544922,107.486083984375,17.445907592773438,34.45168037414551,5.365795612335205,4.7883830070495605,1.8432854413986206,2.7216796875,63.19013214111328,0.28163309395313263,0.21233852952718735
425,2026-09-01 13:45:07,train,241,full_training,1.5439592599868774,0.04145878553390503,57.0,1,0,0.07790716699673794,4.699235439300537,2,32,1313,2496,relu,none,0.0,none,21008,he,5.945054133733113,3.1431682109832764,linear,241,6,0.226,512,2.083995819091797,1.7860820920522489,0.038197365654900936,0.0,,gaussian,cpu,cpu,8,,float32,none,small,moderate,medium,cpu,small_model__moderate_data__medium_volume,0.02,32,adam,1e-05,he,383.60638427734375,20.61473274230957,-76.10928344726562,107.486083984375,17.445907592773438,96.81149520874024,5.365796089172363,4.788383960723877,3.2801501750946045,4.5283613204956055,92.92359161376953,0.5011698007583618,0.6724053919315338
426,2026-09-01 13:45:07,train,241,full_training,2.1331446170806885,0.044286951422691345,52.0,1,0,0.062430582009255886,5.274184703826904,2,32,1313,2496,relu,none,0.0,none,21008,orthogonal,4.154700259367625,2.899160146713257,linear,241,6,0.226,512,2.083995819091797,1.7860820920522489,0.038197365654900936,0.0,,gaussian,cpu,cpu,8,,float32,none,small,moderate,medium,cpu,small_model__moderate_data__medium_volume,0.02,32,adam,1e-05,orthogonal,108.75711059570312,8.26838207244873,-38.75526809692383,113.7520523071289,18.05107879638672,29.619174575805665,3.5209832191467285,3.3849947452545166,1.4018381834030151,2.961409091949463,92.2561264038086,0.22546981275081635,0.12529198452830315
427,2026-09-01 13:45:07,train,242,full_training,2.4988460540771484,0.046554937958717346,191.0,1,0,0.22796698298770934,7.034908294677734,2,32,1313,2496,relu,none,0.0,none,21008,xavier,4.628277778625488,2.699293613433838,nonlinear_interaction,242,6,0.008,768,2.091535806655884,1.7878878491235046,0.02686048144705901,0.0,,gaussian,cpu,cpu,8,,float32,none,small,clean,high,cpu,small_model__clean_data__high_volume,0.02,32,adam,1e-05,xavier,180.12289428710938,9.067790985107422,-27.096290588378906,107.9230728149414,18.208036422729492,24.49748077392578,5.0647053718566895,4.72599983215332,1.8394997119903564,2.907813549041748,106.11402130126953,0.26550108194351196,0.1941450908780098
428,2026-09-01 13:45:08,train,242,full_training,3.0731208324432373,0.03209381923079491,216.0,1,0,0.2654235159861855,6.871468544006348,2,32,1313,2496,relu,none,0.0,none,21008,he,5.945054133733113,3.1431682109832764,nonlinear_interaction,242,6,0.008,768,2.091535806655884,1.7878878491235046,0.02686048144705901,0.0,,gaussian,cpu,cpu,8,,float32,none,small,clean,high,cpu,small_model__clean_data__high_volume,0.02,32,adam,1e-05,he,383.60638427734375,18.84708023071289,-85.96611022949219,107.9230728149414,18.20804214477539,78.38334379196166,5.064705848693848,4.725998878479004,3.27341365814209,4.922440528869629,361.786376953125,0.47246262431144714,0.6147928088903427
429,2026-09-01 13:45:08,train,242,full_training,2.4026005268096924,0.049517951905727386,158.0,1,0,0.2095920069841668,6.774459362030029,2,32,1313,2496,relu,none,0.0,none,21008,orthogonal,4.154700259367625,2.899160146713257,nonlinear_interaction,242,6,0.008,768,2.091535806655884,1.7878878491235046,0.02686048144705901,0.0,,gaussian,cpu,cpu,8,,float32,none,small,clean,high,cpu,small_model__clean_data__high_volume,0.02,32,adam,1e-05,orthogonal,108.75711059570312,7.0139994621276855,-34.2775993347168,108.98652648925781,18.04275131225586,17.64878730773926,3.7073512077331543,3.3806121349334717,1.3994169235229492,3.0176804065704346,108.71267700195312,0.22305718064308167,0.12702011689543724
430,2026-09-01 13:45:08,train,243,full_training,9.987813949584961,0.03032553754746914,120.0,1,0,0.20066886299173348,6.585453033447266,2,32,1345,2560,relu,none,0.0,none,21520,xavier,4.824894110361735,2.6007485389709473,nonlinear_product,243,7,0.094,256,3.358426332473755,2.0246747886211516,0.0489437909801086,0.0,,gaussian,cpu,cpu,8,,float32,none,small,clean,low,cpu,small_model__clean_data__low_volume,0.02,32,adam,1e-05,xavier,222.52198791503906,49.830989837646484,-1562.828369140625,106.45294952392578,17.37563133239746,125.49620361328125,9.411500930786133,5.920557498931885,2.0996437072753906,16.214908599853516,1180.7108154296875,0.2904924005270004,0.2463146299123764
431,2026-09-01 13:45:08,train,243,full_training,14.482275009155273,0.049533627927303314,105.0,1,0,0.17187653901055455,5.79552698135376,2,32,1345,2560,relu,none,0.0,none,21520,he,6.084149400393168,3.0874176025390625,nonlinear_product,243,7,0.094,256,3.358426332473755,2.0246747886211516,0.0489437909801086,0.0,,gaussian,cpu,cpu,8,,float32,none,small,clean,low,cpu,small_model__clean_data__low_volume,0.02,32,adam,1e-05,he,444.48486328125,143.28073120117188,-10879.962890625,106.45294952392578,17.375635147094727,341.62769546508787,9.41150188446045,5.92056131362915,3.504401922225952,38.44277572631836,3387.867431640625,0.48484519124031067,0.6861622035503387
432,2026-09-01 13:45:09,train,243,full_training,9.164253234863281,0.04580841213464737,96.0,1,0,0.1590997509774752,7.1574201583862305,2,32,1345,2560,relu,none,0.0,none,21520,orthogonal,4.247219244639079,2.8800108432769775,nonlinear_product,243,7,0.094,256,3.358426332473755,2.0246747886211516,0.0489437909801086,0.0,,gaussian,cpu,cpu,8,,float32,none,small,clean,low,cpu,small_model__clean_data__low_volume,0.02,32,adam,1e-05,orthogonal,111.43936157226562,24.90509033203125,-545.87890625,113.9129638671875,18.61162567138672,95.35141487121582,4.570054054260254,3.949906349182129,1.5362027883529663,10.529928207397461,872.2596435546875,0.24858513474464417,0.1475556343793869
433,2026-09-01 13:45:09,test,244,full_training,3.2515499591827393,0.04303881153464317,24.0,1,0,0.033100069005740806,4.651564598083496,2,32,1281,2432,relu,none,0.0,none,20496,xavier,4.337605396906535,2.741262674331665,linear,244,5,0.115,768,2.1206655502319336,1.794803522306722,0.028904235754115402,0.0,,gaussian,cpu,cpu,8,,float32,none,small,moderate,high,cpu,small_model__moderate_data__high_volume,0.02,32,adam,1e-05,xavier,116.72314453125,17.982093811035156,-208.88592529296875,96.58649444580078,15.864139556884766,61.52833518981934,3.9137039184570312,3.580327272415161,1.7699551582336426,5.738680362701416,179.2794647216797,0.241544671356678,0.1552705019712448
434,2026-09-01 13:45:09,test,244,full_training,3.997443199157715,0.04524369165301323,33.0,1,0,0.04641415900550783,4.8237481117248535,2,32,1281,2432,relu,none,0.0,none,20496,he,5.668473839759827,3.066263437271118,linear,244,5,0.115,768,2.1206655502319336,1.794803522306722,0.028904235754115402,0.0,,gaussian,cpu,cpu,8,,float32,none,small,moderate,high,cpu,small_model__moderate_data__high_volume,0.02,32,adam,1e-05,he,268.70367431640625,63.511051177978516,-2180.80615234375,96.58649444580078,15.864139556884766,189.77728347778321,3.913703441619873,3.5803279876708984,3.4045767784118652,16.639694213867188,1470.2340087890625,0.4646204560995102,0.5745008587837219
435,2026-09-01 13:45:09,test,244,full_training,3.209888219833374,0.04901618883013725,25.0,1,0,0.03081735098385252,4.822929382324219,2,32,1281,2432,relu,none,0.0,none,20496,orthogonal,4.054092566172282,2.926488161087036,linear,244,5,0.115,768,2.1206655502319336,1.794803522306722,0.028904235754115402,0.0,,gaussian,cpu,cpu,8,,float32,none,small,moderate,high,cpu,small_model__moderate_data__high_volume,0.02,32,adam,1e-05,orthogonal,84.57994079589844,8.729554176330566,-55.73883819580078,103.66008758544922,16.416484832763672,44.19405937194824,2.8466997146606445,2.568192481994629,1.3105738162994385,3.3658084869384766,61.090972900390625,0.19371014088392258,0.09487970173358917
436,2026-09-01 13:45:09,train,245,full_training,2.3065781593322754,0.039959002286195755,74.0,1,0,0.08689320398843847,5.702627182006836,2,32,1281,2432,relu,none,0.0,none,20496,xavier,4.337605396906535,2.741262674331665,nonlinear_interaction,245,5,0.086,256,1.8311069011688232,1.7213988572164203,0.04244509913014837,0.0,,gaussian,cpu,cpu,8,,float32,none,small,clean,low,cpu,small_model__clean_data__low_volume,0.02,32,adam,1e-05,xavier,116.72314453125,9.164910316467285,-32.62887954711914,97.53323364257812,16.55658531188965,60.04146518707275,4.067169666290283,3.826519250869751,1.7692501544952393,2.8967666625976562,137.77928161621094,0.25012020766735077,0.1682995706796646
437,2026-09-01 13:45:09,train,245,full_training,3.997037410736084,0.046358320862054825,81.0,1,0,0.09771020399057306,5.352421283721924,2,32,1281,2432,relu,none,0.0,none,20496,he,5.668473839759827,3.066263437271118,nonlinear_interaction,245,5,0.086,256,1.8311069011688232,1.7213988572164203,0.04244509913014837,0.0,,gaussian,cpu,cpu,8,,float32,none,small,clean,low,cpu,small_model__clean_data__low_volume,0.02,32,adam,1e-05,he,268.70367431640625,31.183958053588867,-681.2794799804688,97.53323364257812,16.55658531188965,199.3628952026367,4.067169189453125,3.826517343521118,3.4032204151153564,8.286263465881348,590.8574829101562,0.48111578822135925,0.6227084398269653
438,2026-09-01 13:45:09,train,245,full_training,2.091012477874756,0.03793545439839363,74.0,1,0,0.08593439302057959,5.487856388092041,2,32,1281,2432,relu,none,0.0,none,20496,orthogonal,4.054092566172282,2.926488161087036,nonlinear_interaction,245,5,0.086,256,1.8311069011688232,1.7213988572164203,0.04244509913014837,0.0,,gaussian,cpu,cpu,8,,float32,none,small,clean,low,cpu,small_model__clean_data__low_volume,0.02,32,adam,1e-05,orthogonal,84.57994079589844,7.073581218719482,-19.77838706970215,99.42025756835938,16.896793365478516,38.931339263916016,2.826927423477173,2.804826498031616,1.3294392824172974,2.6735198497772217,114.78803253173828,0.2040097489953041,0.11058760806918144
439,2026-09-01 13:45:10,train,246,full_training,2.8636043071746826,0.04863494634628296,158.0,1,0,0.23351639698375948,6.750914096832275,2,32,1217,2304,relu,none,0.0,none,19472,xavier,3.998493274052938,2.7725577354431152,nonlinear_product,246,3,0.155,512,4.6664299964904785,2.1891356955163443,0.05608780018737963,0.0,,gaussian,cpu,cpu,8,,float32,none,small,moderate,medium,cpu,small_model__moderate_data__medium_volume,0.02,32,adam,1e-05,xavier,85.53611755371094,29.243785858154297,-405.9000244140625,31.049707412719727,11.611891746520996,21.183249282836915,2.5179476737976074,2.4535348415374756,1.3475923538208008,11.020770072937012,462.6519470214844,0.15321485698223114,0.06871206685900688
440,2026-09-01 13:45:10,train,246,full_training,2.5622434616088867,0.03881033509969711,158.0,1,0,0.24560158301028423,5.507706642150879,2,32,1217,2304,relu,none,0.0,none,19472,he,5.3281480471293134,2.563436269760132,nonlinear_product,246,3,0.155,512,4.6664299964904785,2.1891356955163443,0.05608780018737963,0.0,,gaussian,cpu,cpu,8,,float32,none,small,moderate,medium,cpu,small_model__moderate_data__medium_volume,0.02,32,adam,1e-05,he,247.24282836914062,81.39865112304688,-1960.9259033203125,31.049707412719727,11.611888885498047,148.71211471557618,2.5179476737976074,2.453535318374634,3.2547452449798584,23.626073837280273,2263.819580078125,0.3700490742921829,0.40082041919231415
441,2026-09-01 13:45:10,train,246,full_training,2.6026594638824463,0.0406235046684742,268.0,1,0,0.39785320797818713,7.932825088500977,2,32,1217,2304,relu,none,0.0,none,19472,orthogonal,3.8164965311686196,3.016789674758911,nonlinear_product,246,3,0.155,512,4.6664299964904785,2.1891356955163443,0.05608780018737963,0.0,,gaussian,cpu,cpu,8,,float32,none,small,moderate,medium,cpu,small_model__moderate_data__medium_volume,0.02,32,adam,1e-05,orthogonal,53.49358367919922,20.281333923339844,-211.7493133544922,40.44993591308594,12.249975204467773,-11.161474132537842,1.860206127166748,1.796565294265747,1.239363670349121,8.712786674499512,294.7587585449219,0.1580585241317749,0.06149028055369854
442,2026-09-01 13:45:10,train,247,full_training,3.458791971206665,0.049631230533123016,28.0,1,0,0.037904080003499985,4.786013603210449,2,32,1281,2432,relu,none,0.0,none,20496,xavier,4.337605396906535,2.741262674331665,linear,247,5,0.101,512,2.1145567893981934,1.7933611505537979,0.038847267866588986,0.0,,gaussian,cpu,cpu,8,,float32,none,small,moderate,medium,cpu,small_model__moderate_data__medium_volume,0.02,32,adam,1e-05,xavier,116.72314453125,15.78629207611084,-146.95974731445312,94.32212829589844,16.64025115966797,75.08366355895996,3.9926114082336426,3.6952826976776123,1.782525658607483,4.787995338439941,127.84607696533203,0.2377697080373764,0.16529212146997452
443,2026-09-01 13:45:10,train,247,full_training,5.657398700714111,0.04714483395218849,33.0,1,0,0.07095641299383715,4.674585819244385,2,32,1281,2432,relu,none,0.0,none,20496,he,5.668473839759827,3.066263437271118,linear,247,5,0.101,512,2.1145567893981934,1.7933611505537979,0.038847267866588986,0.0,,gaussian,cpu,cpu,8,,float32,none,small,moderate,medium,cpu,small_model__moderate_data__medium_volume,0.02,32,adam,1e-05,he,268.70367431640625,55.8891716003418,-1620.20556640625,94.32212829589844,16.6402587890625,223.08732109069825,3.992611885070801,3.6952836513519287,3.4287567138671875,14.311389923095703,689.5697631835938,0.4573591500520706,0.61158087849617
444,2026-09-01 13:45:11,train,247,full_training,2.8962833881378174,0.027559351176023483,23.0,1,0,0.03887290201964788,4.388607978820801,2,32,1281,2432,relu,none,0.0,none,20496,orthogonal,4.054092566172282,2.926488161087036,linear,247,5,0.101,512,2.1145567893981934,1.7933611505537979,0.038847267866588986,0.0,,gaussian,cpu,cpu,8,,float32,none,small,moderate,medium,cpu,small_model__moderate_data__medium_volume,0.02,32,adam,1e-05,orthogonal,84.57994079589844,8.030258178710938,-41.01814270019531,101.6825180053711,16.606685638427734,50.146502304077146,2.9095587730407715,2.8120198249816895,1.3451817035675049,2.827197551727295,49.49628829956055,0.19399099051952362,0.10150426626205444
445,2026-09-01 13:45:11,train,248,full_training,4.55401086807251,0.04193103685975075,359.0,1,0,0.5256608609925024,7.7112202644348145,2,32,1345,2560,relu,none,0.0,none,21520,xavier,4.824894110361735,2.6007485389709473,nonlinear_interaction,248,7,0.217,768,1.9762539863586426,1.7595400965408143,0.02075973687723672,0.0,,gaussian,cpu,cpu,8,,float32,none,small,moderate,high,cpu,small_model__moderate_data__high_volume,0.02,32,adam,1e-05,xavier,222.52198791503906,40.546390533447266,-912.5203247070312,118.4158706665039,18.22352409362793,146.10345077514648,7.5316572189331055,6.384478569030762,2.1541404724121094,11.322222709655762,376.22271728515625,0.3188842684030533,0.2679632231593132
446,2026-09-01 13:45:12,train,248,full_training,9.178115844726562,0.04465249180793762,244.0,1,0,0.46713802200974897,6.445793628692627,2,32,1345,2560,relu,none,0.0,none,21520,he,6.084149400393168,3.0874176025390625,nonlinear_interaction,248,7,0.217,768,1.9762539863586426,1.7595400965408143,0.02075973687723672,0.0,,gaussian,cpu,cpu,8,,float32,none,small,moderate,high,cpu,small_model__moderate_data__high_volume,0.02,32,adam,1e-05,he,444.48486328125,127.24146270751953,-8018.1552734375,118.4158706665039,18.223514556884766,396.0769584655762,7.53165864944458,6.384478569030762,3.5953598022460938,30.987642288208008,1868.189697265625,0.5322324931621552,0.7464690208435059
447,2026-09-01 13:45:12,train,248,full_training,3.162376880645752,0.048525258898735046,295.0,1,0,0.4578841979964636,7.661284446716309,2,32,1345,2560,relu,none,0.0,none,21520,orthogonal,4.247219244639079,2.8800108432769775,nonlinear_interaction,248,7,0.217,768,1.9762539863586426,1.7595400965408143,0.02075973687723672,0.0,,gaussian,cpu,cpu,8,,float32,none,small,moderate,high,cpu,small_model__moderate_data__high_volume,0.02,32,adam,1e-05,orthogonal,111.43936157226562,15.769723892211914,-258.38623046875,115.56182098388672,18.844688415527344,85.39204635620118,4.764594078063965,4.156501293182373,1.549883484840393,6.486752033233643,156.0276641845703,0.2696015536785126,0.16131919622421265
448,2026-09-01 13:45:13,test,249,full_training,17.908403396606445,0.047350428998470306,510.0,1,0,0.8605507850006688,10.510250091552734,2,32,1281,2432,relu,none,0.0,none,20496,xavier,4.337605396906535,2.741262674331665,nonlinear_product,249,5,0.175,512,5.590991020202637,2.279516811168031,0.023603735424760203,0.0,,gaussian,cpu,cpu,8,,float32,none,small,moderate,medium,cpu,small_model__moderate_data__medium_volume,0.02,32,adam,1e-05,xavier,116.72314453125,17.194311141967773,-63.4692497253418,97.82167053222656,16.123809814453125,66.12888946533204,4.238643646240234,4.0773606300354,1.758040189743042,6.7565484046936035,426.7832336425781,0.24628595262765884,0.17743252962827682
449,2026-09-01 13:45:14,test,249,full_training,16.061532974243164,0.04599153622984886,372.0,1,0,0.45819346301141195,9.649564743041992,2,32,1281,2432,relu,none,0.0,none,20496,he,5.668473839759827,3.066263437271118,nonlinear_product,249,5,0.175,512,5.590991020202637,2.279516811168031,0.023603735424760203,0.0,,gaussian,cpu,cpu,8,,float32,none,small,moderate,medium,cpu,small_model__moderate_data__medium_volume,0.02,32,adam,1e-05,he,268.70367431640625,31.614370346069336,-214.15660095214844,97.82167053222656,16.12380599975586,226.57860717773437,4.238644123077393,4.077362060546875,3.3816580772399902,9.007654190063477,1335.6712646484375,0.47374047338962555,0.6565003991127014
450,2026-09-01 13:45:14,test,249,full_training,18.083805084228516,0.0394529365003109,427.0,1,0,0.5119711599836592,9.284870147705078,2,32,1281,2432,relu,none,0.0,none,20496,orthogonal,4.054092566172282,2.926488161087036,nonlinear_product,249,5,0.175,512,5.590991020202637,2.279516811168031,0.023603735424760203,0.0,,gaussian,cpu,cpu,8,,float32,none,small,moderate,medium,cpu,small_model__moderate_data__medium_volume,0.02,32,adam,1e-05,orthogonal,84.57994079589844,14.469771385192871,-99.02326965332031,92.01060485839844,16.924863815307617,18.87351303100586,2.8570351600646973,2.5588879585266113,1.318093180656433,6.598419666290283,273.36883544921875,0.19985781610012054,0.10910029336810112
451,2026-09-01 13:45:14,train,250,full_training,2.1820321083068848,0.031432751566171646,29.0,1,0,0.03314854600466788,4.918509483337402,2,32,1281,2432,relu,none,0.0,none,20496,xavier,4.337605396906535,2.741262674331665,linear,250,5,0.121,384,2.1660537719726562,1.805392020076069,0.04643663338124964,0.0,,gaussian,cpu,cpu,8,,float32,none,small,moderate,medium,cpu,small_model__moderate_data__medium_volume,0.02,32,adam,1e-05,xavier,116.72314453125,15.332353591918945,-131.5019073486328,104.89759063720703,16.749284744262695,54.70456972122192,4.121097564697266,3.922837257385254,1.7472453117370605,4.527785301208496,66.24044036865234,0.24282847344875336,0.17171091586351395
452,2026-09-01 13:45:14,train,250,full_training,3.7353570461273193,0.027519941329956055,41.0,1,0,0.045571641996502876,4.901800155639648,2,32,1281,2432,relu,none,0.0,none,20496,he,5.668473839759827,3.066263437271118,linear,250,5,0.121,384,2.1660537719726562,1.805392020076069,0.04643663338124964,0.0,,gaussian,cpu,cpu,8,,float32,none,small,moderate,medium,cpu,small_model__moderate_data__medium_volume,0.02,32,adam,1e-05,he,268.70367431640625,52.55126953125,-1509.690673828125,104.89759063720703,16.74928855895996,171.53629875183105,4.121097564697266,3.922839641571045,3.360893726348877,13.628655433654785,564.658447265625,0.4670899212360382,0.6353304088115692
453,2026-09-01 13:45:14,train,250,full_training,1.7899518013000488,0.04551620036363602,23.0,1,0,0.029858319991035387,4.52707576751709,2,32,1281,2432,relu,none,0.0,none,20496,orthogonal,4.054092566172282,2.926488161087036,linear,250,5,0.121,384,2.1660537719726562,1.805392020076069,0.04643663338124964,0.0,,gaussian,cpu,cpu,8,,float32,none,small,moderate,medium,cpu,small_model__moderate_data__medium_volume,0.02,32,adam,1e-05,orthogonal,84.57994079589844,8.750859260559082,-43.463096618652344,95.12440490722656,16.507217407226562,45.40678958892822,2.8919975757598877,2.7224643230438232,1.3033925294876099,3.107224464416504,23.505878448486328,0.20213035494089127,0.10872241854667664
454,2026-09-01 13:45:15,train,251,full_training,2.9833879470825195,0.045862987637519836,293.0,1,0,0.36796238101669587,7.324580192565918,2,32,1345,2560,relu,none,0.0,none,21520,xavier,4.824894110361735,2.6007485389709473,nonlinear_interaction,251,7,0.198,768,2.045912981033325,1.7768606008850203,0.029746646027633335,0.0,,gaussian,cpu,cpu,8,,float32,none,small,moderate,high,cpu,small_model__moderate_data__high_volume,0.02,32,adam,1e-05,xavier,222.52198791503906,35.943023681640625,-704.4501953125,112.04073333740234,18.2645206451416,116.51862831115723,7.530122756958008,5.880685329437256,2.2088961601257324,10.31559944152832,272.45361328125,0.2877052426338196,0.21845847368240356
455,2026-09-01 13:45:15,train,251,full_training,5.920176982879639,0.04240278899669647,320.0,1,0,0.4048513779998757,7.5495991706848145,2,32,1345,2560,relu,none,0.0,none,21520,he,6.084149400393168,3.0874176025390625,nonlinear_interaction,251,7,0.198,768,2.045912981033325,1.7768606008850203,0.029746646027633335,0.0,,gaussian,cpu,cpu,8,,float32,none,small,moderate,high,cpu,small_model__moderate_data__high_volume,0.02,32,adam,1e-05,he,444.48486328125,108.09812927246094,-5573.9716796875,112.04073333740234,18.264514923095703,300.5011665344238,7.530122756958008,5.880683898925781,3.6867494583129883,26.514402389526367,2149.722412109375,0.48019325733184814,0.6085629165172577
456,2026-09-01 13:45:15,train,251,full_training,2.5373053550720215,0.04455877095460892,76.0,1,0,0.09259653199114837,5.7330522537231445,2,32,1345,2560,relu,none,0.0,none,21520,orthogonal,4.247219244639079,2.8800108432769775,nonlinear_interaction,251,7,0.198,768,2.045912981033325,1.7768606008850203,0.029746646027633335,0.0,,gaussian,cpu,cpu,8,,float32,none,small,moderate,high,cpu,small_model__moderate_data__high_volume,0.02,32,adam,1e-05,orthogonal,111.43936157226562,17.557533264160156,-285.9685974121094,111.17532348632812,18.904319763183594,71.59025344848632,4.516355514526367,4.049890041351318,1.532962679862976,6.990433216094971,101.3888931274414,0.25705520808696747,0.14567548036575317
457,2026-09-01 13:45:16,train,252,full_training,7.657238006591797,0.034412264823913574,527.0,1,0,0.7707862660172395,12.423274040222168,2,32,1345,2560,relu,none,0.0,none,21520,xavier,4.824894110361735,2.6007485389709473,nonlinear_product,252,7,0.005,512,10.630459785461426,2.6008002556994763,0.03342312562783266,0.0,,gaussian,cpu,cpu,8,,float32,none,small,clean,medium,cpu,small_model__clean_data__medium_volume,0.02,32,adam,1e-05,xavier,222.52198791503906,55.9991340637207,-1827.7652587890625,106.57559204101562,17.62225914001465,124.64902191162109,8.05871295928955,6.1861796379089355,2.133599281311035,18.16733169555664,255.79983520507812,0.2987562566995621,0.2555614039301872
458,2026-09-01 13:45:18,train,252,full_training,12.213287353515625,0.03652501851320267,658.0,1,0,1.254833263985347,11.577987670898438,2,32,1345,2560,relu,none,0.0,none,21520,he,6.084149400393168,3.0874176025390625,nonlinear_product,252,7,0.005,512,10.630459785461426,2.6008002556994763,0.03342312562783266,0.0,,gaussian,cpu,cpu,8,,float32,none,small,clean,medium,cpu,small_model__clean_data__medium_volume,0.02,32,adam,1e-05,he,444.48486328125,152.5673828125,-11472.654296875,106.57559204101562,17.62225914001465,363.1754119873047,8.058713912963867,6.186179161071777,3.561075448989868,40.853607177734375,1716.2044677734375,0.49863792955875397,0.7119210958480835
459,2026-09-01 13:45:18,train,252,full_training,6.306079387664795,0.04291153699159622,516.0,1,0,0.529958778002765,13.59244155883789,2,32,1345,2560,relu,none,0.0,none,21520,orthogonal,4.247219244639079,2.8800108432769775,nonlinear_product,252,7,0.005,512,10.630459785461426,2.6008002556994763,0.03342312562783266,0.0,,gaussian,cpu,cpu,8,,float32,none,small,clean,medium,cpu,small_model__clean_data__medium_volume,0.02,32,adam,1e-05,orthogonal,111.43936157226562,26.576557159423828,-614.1347045898438,115.30960845947266,18.996660232543945,90.23135147094726,4.384346961975098,4.137638092041016,1.5594351291656494,11.465578079223633,80.98513793945312,0.25464487820863724,0.14963633567094803
460,2026-09-01 13:45:18,train,253,full_training,1.7786900997161865,0.042725127190351486,37.0,1,0,0.036622220010031015,5.031572341918945,2,32,1313,2496,relu,none,0.0,none,21008,xavier,4.628277778625488,2.699293613433838,linear,253,6,0.16,768,2.1474320888519287,1.8010749087168763,0.0342502948716955,0.0,,gaussian,cpu,cpu,8,,float32,none,small,moderate,high,cpu,small_model__moderate_data__high_volume,0.02,32,adam,1e-05,xavier,180.12289428710938,10.332409858703613,-28.895713806152344,103.41633605957031,17.261146545410156,32.89022560119629,5.029232025146484,4.3131103515625,1.8632702827453613,2.732180595397949,53.54821014404297,0.26492951810359955,0.19456756114959717
461,2026-09-01 13:45:18,train,253,full_training,2.1490678787231445,0.044264137744903564,34.0,1,0,0.03843514999607578,4.555732250213623,2,32,1313,2496,relu,none,0.0,none,21008,he,5.945054133733113,3.1431682109832764,linear,253,6,0.16,768,2.1474320888519287,1.8010749087168763,0.0342502948716955,0.0,,gaussian,cpu,cpu,8,,float32,none,small,moderate,high,cpu,small_model__moderate_data__high_volume,0.02,32,adam,1e-05,he,383.60638427734375,22.598365783691406,-116.00147247314453,103.41633605957031,17.261146545410156,90.8885284423828,5.029231548309326,4.313112258911133,3.315713405609131,5.057609558105469,212.98707580566406,0.4714455306529999,0.6161306202411652
462,2026-09-01 13:45:18,train,253,full_training,2.142536163330078,0.037071604281663895,34.0,1,0,0.047861216007731855,5.23496675491333,2,32,1313,2496,relu,none,0.0,none,21008,orthogonal,4.154700259367625,2.899160146713257,linear,253,6,0.16,768,2.1474320888519287,1.8010749087168763,0.0342502948716955,0.0,,gaussian,cpu,cpu,8,,float32,none,small,moderate,high,cpu,small_model__moderate_data__high_volume,0.02,32,adam,1e-05,orthogonal,108.75711059570312,8.928730964660645,-43.45674133300781,115.08979034423828,17.534515380859375,17.8225154876709,3.6842591762542725,3.4803571701049805,1.4499456882476807,3.132739543914795,50.009151458740234,0.21768255531787872,0.12153619900345802
463,2026-09-01 13:45:19,test,254,full_training,1.8273965120315552,0.04965968802571297,222.0,1,0,0.2767629789886996,6.8234639167785645,2,32,1313,2496,relu,none,0.0,none,21008,xavier,4.628277778625488,2.699293613433838,nonlinear_interaction,254,6,0.15,768,2.0309154987335205,1.7731818711989227,0.038118376637334236,0.0,,gaussian,cpu,cpu,8,,float32,none,small,moderate,high,cpu,small_model__moderate_data__high_volume,0.02,32,adam,1e-05,xavier,180.12289428710938,9.549238204956055,-37.717384338378906,117.18093872070312,17.699909210205078,43.50441446304321,5.074167728424072,4.660638332366943,1.8497190475463867,2.93852162361145,514.3131103515625,0.2687219902873039,0.20457424223423004
464,2026-09-01 13:45:19,test,254,full_training,1.9928839206695557,0.0474238395690918,237.0,1,0,0.22073014499619603,6.68607759475708,2,32,1313,2496,relu,none,0.0,none,21008,he,5.945054133733113,3.1431682109832764,nonlinear_interaction,254,6,0.15,768,2.0309154987335205,1.7731818711989227,0.038118376637334236,0.0,,gaussian,cpu,cpu,8,,float32,none,small,moderate,high,cpu,small_model__moderate_data__high_volume,0.02,32,adam,1e-05,he,383.60638427734375,23.42605209350586,-199.6300048828125,117.18093872070312,17.699899673461914,107.24524898529053,5.074167251586914,4.660639762878418,3.291599750518799,6.066052436828613,1893.3316650390625,0.47819429636001587,0.6478184312582016
465,2026-09-01 13:45:19,test,254,full_training,1.9935331344604492,0.04370169714093208,170.0,1,0,0.15398591198027134,6.565011978149414,2,32,1313,2496,relu,none,0.0,none,21008,orthogonal,4.154700259367625,2.899160146713257,nonlinear_interaction,254,6,0.15,768,2.0309154987335205,1.7731818711989227,0.038118376637334236,0.0,,gaussian,cpu,cpu,8,,float32,none,small,moderate,high,cpu,small_model__moderate_data__high_volume,0.02,32,adam,1e-05,orthogonal,108.75711059570312,7.945569038391113,-31.472469329833984,113.03860473632812,17.309106826782227,26.70247812271118,3.806187391281128,3.532524824142456,1.4232378005981445,2.878136396408081,622.3019409179688,0.22735097259283066,0.1370919644832611
466,2026-09-01 13:45:19,test,255,full_training,3.2058568000793457,0.043095968663692474,148.0,1,0,0.2082684729830362,6.430485248565674,2,32,1217,2304,relu,none,0.0,none,19472,xavier,3.998493274052938,2.7725577354431152,nonlinear_product,255,3,0.097,256,3.8706822395324707,2.0956539235993907,0.04439658466789261,0.0,,gaussian,cpu,cpu,8,,float32,none,small,clean,low,cpu,small_model__clean_data__low_volume,0.02,32,adam,1e-05,xavier,85.53611755371094,23.435447692871094,-238.26583862304688,48.25838851928711,12.43385124206543,27.09586067199707,2.3409883975982666,2.2494330406188965,1.305267572402954,8.919854164123535,91.6282958984375,0.1555742770433426,0.06501707620918751
467,2026-09-01 13:45:20,test,255,full_training,2.9604880809783936,0.03909911587834358,148.0,1,0,0.2627377510070801,4.92880916595459,2,32,1217,2304,relu,none,0.0,none,19472,he,5.3281480471293134,2.563436269760132,nonlinear_product,255,3,0.097,256,3.8706822395324707,2.0956539235993907,0.04439658466789261,0.0,,gaussian,cpu,cpu,8,,float32,none,small,clean,low,cpu,small_model__clean_data__low_volume,0.02,32,adam,1e-05,he,247.24282836914062,62.3358039855957,-907.9716186523438,48.25838851928711,12.43385124206543,143.54132995605468,2.3409886360168457,2.2494332790374756,3.1525211334228516,17.70505142211914,399.24322509765625,0.37574759125709534,0.37926633656024933
468,2026-09-01 13:45:20,test,255,full_training,2.840980291366577,0.04146270453929901,97.0,1,0,0.1115859370038379,5.92817497253418,2,32,1217,2304,relu,none,0.0,none,19472,orthogonal,3.8164965311686196,3.016789674758911,nonlinear_product,255,3,0.097,256,3.8706822395324707,2.0956539235993907,0.04439658466789261,0.0,,gaussian,cpu,cpu,8,,float32,none,small,clean,low,cpu,small_model__clean_data__low_volume,0.02,32,adam,1e-05,orthogonal,53.49358367919922,16.418134689331055,-125.39656829833984,39.02769470214844,12.531631469726562,-0.3306140899658203,1.7817212343215942,1.6928859949111938,1.1918091773986816,7.175912380218506,50.66107940673828,0.16209208220243454,0.05975683592259884
469,2026-09-01 13:45:20,train,256,full_training,3.4034533500671387,0.03944205492734909,24.0,1,0,0.027728359011234716,4.425056457519531,2,32,1281,2432,relu,none,0.0,none,20496,xavier,4.337605396906535,2.741262674331665,linear,256,5,0.093,512,2.057081699371338,1.7795826970108957,0.04034069472397349,0.0,,gaussian,cpu,cpu,8,,float32,none,small,clean,medium,cpu,small_model__clean_data__medium_volume,0.02,32,adam,1e-05,xavier,116.72314453125,22.91075325012207,-332.27838134765625,107.98001098632812,15.92590045928955,53.597660827636716,3.8692781925201416,3.5512468814849854,1.8135411739349365,7.382578372955322,301.7630615234375,0.24884312599897385,0.17649969458580017
470,2026-09-01 13:45:20,train,256,full_training,5.440968990325928,0.03284028545022011,39.0,1,0,0.04898748200503178,4.534518241882324,2,32,1281,2432,relu,none,0.0,none,20496,he,5.668473839759827,3.066263437271118,linear,256,5,0.093,512,2.057081699371338,1.7795826970108957,0.04034069472397349,0.0,,gaussian,cpu,cpu,8,,float32,none,small,clean,medium,cpu,small_model__clean_data__medium_volume,0.02,32,adam,1e-05,he,268.70367431640625,78.07222747802734,-3266.75146484375,107.98001098632812,15.92590045928955,189.76177902221679,3.8692781925201416,3.55124568939209,3.4884157180786133,20.703697204589844,1665.86328125,0.4786592870950699,0.6530488729476929
471,2026-09-01 13:45:20,train,256,full_training,2.7152199745178223,0.02967958152294159,29.0,1,0,0.0357518540113233,4.64752721786499,2,32,1281,2432,relu,none,0.0,none,20496,orthogonal,4.054092566172282,2.926488161087036,linear,256,5,0.093,512,2.057081699371338,1.7795826970108957,0.04034069472397349,0.0,,gaussian,cpu,cpu,8,,float32,none,small,clean,medium,cpu,small_model__clean_data__medium_volume,0.02,32,adam,1e-05,orthogonal,84.57994079589844,10.669300079345703,-82.64534759521484,105.09639739990234,16.752918243408203,45.66814165115356,2.921949625015259,2.629321575164795,1.3312437534332275,4.2581963539123535,182.70713806152344,0.2015976905822754,0.10991954430937767
472,2026-09-01 13:45:20,train,257,full_training,2.370623826980591,0.04822474718093872,155.0,1,0,0.18296835001092404,6.5034403800964355,2,32,1313,2496,relu,none,0.0,none,21008,xavier,4.628277778625488,2.699293613433838,nonlinear_interaction,257,6,0.123,512,2.345324754714966,1.8451504734351802,0.026393014469521858,0.0,,gaussian,cpu,cpu,8,,float32,none,small,moderate,medium,cpu,small_model__moderate_data__medium_volume,0.02,32,adam,1e-05,xavier,180.12289428710938,7.451891899108887,-15.693525314331055,101.16757202148438,18.521512985229492,36.81419200897217,4.810176849365234,4.475910186767578,1.8213189840316772,1.8854739665985107,37.092872619628906,0.24830247461795807,0.17030882090330124
473,2026-09-01 13:45:21,train,257,full_training,3.210524559020996,0.04511280357837677,161.0,1,0,0.18775663699489087,6.330483913421631,2,32,1313,2496,relu,none,0.0,none,21008,he,5.945054133733113,3.1431682109832764,nonlinear_interaction,257,6,0.123,512,2.345324754714966,1.8451504734351802,0.026393014469521858,0.0,,gaussian,cpu,cpu,8,,float32,none,small,moderate,medium,cpu,small_model__moderate_data__medium_volume,0.02,32,adam,1e-05,he,383.60638427734375,18.539213180541992,-89.91357421875,101.16757202148438,18.521512985229492,100.79560012817383,4.810177326202393,4.4759111404418945,3.2410614490509033,3.8966996669769287,155.4898223876953,0.4418575316667557,0.5393112599849701
474,2026-09-01 13:45:21,train,257,full_training,2.2671525478363037,0.048223573714494705,129.0,1,0,0.16697795398067683,6.475006103515625,2,32,1313,2496,relu,none,0.0,none,21008,orthogonal,4.154700259367625,2.899160146713257,nonlinear_interaction,257,6,0.123,512,2.345324754714966,1.8451504734351802,0.026393014469521858,0.0,,gaussian,cpu,cpu,8,,float32,none,small,moderate,medium,cpu,small_model__moderate_data__medium_volume,0.02,32,adam,1e-05,orthogonal,108.75711059570312,5.177865028381348,-15.547934532165527,107.78337097167969,17.804140090942383,22.691383266448973,3.477712392807007,3.351227283477783,1.4341788291931152,1.8628796339035034,22.06369400024414,0.21520014852285385,0.11064889281988144
475,2026-09-01 13:45:21,test,258,full_training,3.95322847366333,0.049893818795681,113.0,1,0,0.11943682099808939,5.657375335693359,2,32,1217,2304,relu,none,0.0,none,19472,xavier,3.998493274052938,2.7725577354431152,nonlinear_product,258,3,0.046,768,3.6032330989837646,2.05985429594358,0.021620877538861567,0.0,,gaussian,cpu,cpu,8,,float32,none,small,clean,high,cpu,small_model__clean_data__high_volume,0.02,32,adam,1e-05,xavier,85.53611755371094,22.253864288330078,-214.44491577148438,65.05598449707031,12.533441543579102,13.41972999572754,2.3325464725494385,2.3285601139068604,1.3679107427597046,8.594829559326172,37.038841247558594,0.152360200881958,0.0659731887280941
476,2026-09-01 13:45:21,test,258,full_training,3.5514073371887207,0.047898609191179276,127.0,1,0,0.13546090901945718,4.835245132446289,2,32,1217,2304,relu,none,0.0,none,19472,he,5.3281480471293134,2.563436269760132,nonlinear_product,258,3,0.046,768,3.6032330989837646,2.05985429594358,0.021620877538861567,0.0,,gaussian,cpu,cpu,8,,float32,none,small,clean,high,cpu,small_model__clean_data__high_volume,0.02,32,adam,1e-05,he,247.24282836914062,58.5806999206543,-821.1924438476562,65.05598449707031,12.53344440460205,121.4429256439209,2.3325462341308594,2.3285603523254395,3.3038182258605957,16.488698959350586,248.318359375,0.3679848462343216,0.3848436623811722
477,2026-09-01 13:45:21,test,258,full_training,3.2840819358825684,0.04353546351194382,120.0,1,0,0.1637560059898533,6.1658549308776855,2,32,1217,2304,relu,none,0.0,none,19472,orthogonal,3.8164965311686196,3.016789674758911,nonlinear_product,258,3,0.046,768,3.6032330989837646,2.05985429594358,0.021620877538861567,0.0,,gaussian,cpu,cpu,8,,float32,none,small,clean,high,cpu,small_model__clean_data__high_volume,0.02,32,adam,1e-05,orthogonal,53.49358367919922,16.024738311767578,-96.95268249511719,37.454505920410156,11.973987579345703,1.3676302909851075,1.8935041427612305,1.8194212913513184,1.2359108924865723,6.866135120391846,18.30546760559082,0.16488874703645706,0.06643567606806755
478,2026-09-01 13:45:22,train,259,full_training,1.8909144401550293,0.047668203711509705,32.0,1,0,0.07456594897666946,3.512442111968994,2,32,1185,2240,relu,none,0.0,none,18960,xavier,3.9327030579249063,2.911090850830078,linear,259,2,0.241,256,2.197463274002075,1.8125903521099205,0.03755074517911765,0.0,,gaussian,cpu,cpu,8,,float32,none,small,moderate,low,cpu,small_model__moderate_data__low_volume,0.02,32,adam,1e-05,xavier,58.31831359863281,10.416460990905762,-33.28990936279297,-111.60633850097656,6.695957183837891,11.738554239273071,1.7259272336959839,1.3185360431671143,1.2801458835601807,3.6434288024902344,57.802757263183594,0.12214255332946777,0.0555780865252018
479,2026-09-01 13:45:22,train,259,full_training,1.6560134887695312,0.04879162460565567,46.0,1,0,0.09261077098199166,2.7279536724090576,2,32,1185,2240,relu,none,0.0,none,18960,he,5.592296163241069,2.8417537212371826,linear,259,2,0.241,256,2.197463274002075,1.8125903521099205,0.03755074517911765,0.0,,gaussian,cpu,cpu,8,,float32,none,small,moderate,low,cpu,small_model__moderate_data__low_volume,0.02,32,adam,1e-05,he,203.48391723632812,19.745267868041992,8.64574909210205,-111.60633850097656,6.6959547996521,197.34630546569824,1.7259272336959839,1.318535566329956,3.732234477996826,5.637749195098877,210.16815185546875,0.35610367357730865,0.4724137485027313
480,2026-09-01 13:45:22,train,259,full_training,1.903472661972046,0.04284811019897461,32.0,1,0,0.048939605010673404,3.527301073074341,2,32,1185,2240,relu,none,0.0,none,18960,orthogonal,3.666666487852732,3.0912060737609863,linear,259,2,0.241,256,2.197463274002075,1.8125903521099205,0.03755074517911765,0.0,,gaussian,cpu,cpu,8,,float32,none,small,moderate,low,cpu,small_model__moderate_data__low_volume,0.02,32,adam,1e-05,orthogonal,35.72531509399414,7.495257377624512,-27.260547637939453,-115.21585845947266,7.331812858581543,-8.60103645324707,1.3525495529174805,1.3335318565368652,1.117190957069397,2.992471694946289,41.234092712402344,0.10491500049829483,0.03619976527988911
481,2026-09-01 13:45:22,train,260,full_training,1.4318222999572754,0.0441146045923233,150.0,1,0,0.25328891997924075,6.174247741699219,2,32,1281,2432,relu,none,0.0,none,20496,xavier,4.337605396906535,2.741262674331665,nonlinear_interaction,260,5,0.021,768,2.0377044677734375,1.7748504898943573,0.028204009226903266,0.0,,gaussian,cpu,cpu,8,,float32,none,small,clean,high,cpu,small_model__clean_data__high_volume,0.02,32,adam,1e-05,xavier,116.72314453125,12.095685005187988,-86.2576675415039,106.90505981445312,16.430572509765625,66.00614147186279,3.8365578651428223,3.506147861480713,1.776685118675232,3.460472583770752,243.43020629882812,0.2550426572561264,0.18969504535198212
482,2026-09-01 13:45:23,train,260,full_training,1.8202979564666748,0.03529561311006546,215.0,1,0,0.3470581159926951,6.57978630065918,2,32,1281,2432,relu,none,0.0,none,20496,he,5.668473839759827,3.066263437271118,nonlinear_interaction,260,5,0.021,768,2.0377044677734375,1.7748504898943573,0.028204009226903266,0.0,,gaussian,cpu,cpu,8,,float32,none,small,clean,high,cpu,small_model__clean_data__high_volume,0.02,32,adam,1e-05,he,268.70367431640625,47.17706298828125,-1368.35400390625,106.90505981445312,16.43057632446289,207.6541625022888,3.836557626724243,3.506147623062134,3.4175221920013428,12.172200202941895,1291.4342041015625,0.4905843734741211,0.7018717229366302
483,2026-09-01 13:45:23,train,260,full_training,1.5453921556472778,0.04836120456457138,99.0,1,0,0.10957442098879255,5.974780082702637,2,32,1281,2432,relu,none,0.0,none,20496,orthogonal,4.054092566172282,2.926488161087036,nonlinear_interaction,260,5,0.021,768,2.0377044677734375,1.7748504898943573,0.028204009226903266,0.0,,gaussian,cpu,cpu,8,,float32,none,small,clean,high,cpu,small_model__clean_data__high_volume,0.02,32,adam,1e-05,orthogonal,84.57994079589844,6.208222389221191,-19.462116241455078,97.78717803955078,17.08151626586914,36.184899711608885,2.8357467651367188,2.676535129547119,1.292833685874939,2.0394294261932373,119.9975357055664,0.20375226438045502,0.11516924202442169
484,2026-09-01 13:45:23,test,261,full_training,8.287877082824707,0.03938690945506096,174.0,1,0,0.2365276970085688,8.420109748840332,2,32,1313,2496,relu,none,0.0,none,21008,xavier,4.628277778625488,2.699293613433838,nonlinear_product,261,6,0.296,256,7.183666229248047,2.4048434680179755,0.05731505037509546,0.0,,gaussian,cpu,cpu,8,,float32,none,small,noisy,low,cpu,small_model__noisy_data__low_volume,0.02,32,adam,1e-05,xavier,180.12289428710938,28.88531494140625,-584.2757568359375,103.6489486694336,17.20496368408203,111.72915611267089,4.929148197174072,4.379873752593994,1.8806943893432617,12.2900972366333,458.1454772949219,0.29992008209228516,0.23297712206840515
485,2026-09-01 13:45:23,test,261,full_training,8.72757339477539,0.03848366066813469,174.0,1,0,0.24024277497665025,7.429355144500732,2,32,1313,2496,relu,none,0.0,none,21008,he,5.945054133733113,3.1431682109832764,nonlinear_product,261,6,0.296,256,7.183666229248047,2.4048434680179755,0.05731505037509546,0.0,,gaussian,cpu,cpu,8,,float32,none,small,noisy,low,cpu,small_model__noisy_data__low_volume,0.02,32,adam,1e-05,he,383.60638427734375,64.28036499023438,-2417.60498046875,103.6489486694336,17.204971313476562,219.99109497070313,4.929148197174072,4.3798723220825195,3.3467202186584473,23.163787841796875,1726.477294921875,0.5337116718292236,0.7377609014511108
486,2026-09-01 13:45:24,test,261,full_training,8.167085647583008,0.04716567322611809,381.0,1,0,0.44049388100393116,9.910253524780273,2,32,1313,2496,relu,none,0.0,none,21008,orthogonal,4.154700259367625,2.899160146713257,nonlinear_product,261,6,0.296,256,7.183666229248047,2.4048434680179755,0.05731505037509546,0.0,,gaussian,cpu,cpu,8,,float32,none,small,noisy,low,cpu,small_model__noisy_data__low_volume,0.02,32,adam,1e-05,orthogonal,108.75711059570312,20.28645133972168,-302.7899475097656,108.88275146484375,17.355236053466797,63.12868041992188,3.6464600563049316,3.318538188934326,1.4601154327392578,9.44107437133789,305.09368896484375,0.25087717175483704,0.14735067635774612
487,2026-09-01 13:45:24,train,262,full_training,1.4196888208389282,0.04832840710878372,33.0,1,0,0.03349017698201351,3.6764450073242188,2,32,1249,2368,relu,none,0.0,none,19984,xavier,4.106595436731975,2.8521344661712646,linear,262,4,0.227,768,2.310960054397583,1.8377700562831505,0.05683393123665267,0.0,,gaussian,cpu,cpu,8,,float32,none,small,moderate,high,cpu,small_model__moderate_data__high_volume,0.02,32,adam,1e-05,xavier,88.71050262451172,7.2049784660339355,-15.833244323730469,74.57608032226562,13.694952011108398,31.900338077545165,3.357369899749756,3.1653900146484375,1.6362271308898926,2.4470467567443848,24.78714370727539,0.20520742237567902,0.11656161025166512
488,2026-09-01 13:45:24,train,262,full_training,1.4600406885147095,0.045285627245903015,39.0,1,0,0.04029429901856929,3.506622552871704,2,32,1249,2368,relu,none,0.0,none,19984,he,5.400059739748637,2.908212184906006,linear,262,4,0.227,768,2.310960054397583,1.8377700562831505,0.05683393123665267,0.0,,gaussian,cpu,cpu,8,,float32,none,small,moderate,high,cpu,small_model__moderate_data__high_volume,0.02,32,adam,1e-05,he,225.21484375,14.665102005004883,-54.60198211669922,74.57608032226562,13.694954872131348,101.7843734741211,3.357369899749756,3.165391206741333,3.470961570739746,3.942594528198242,107.85871124267578,0.43531064689159393,0.5245271921157837
489,2026-09-01 13:45:24,train,262,full_training,1.7449421882629395,0.045264799147844315,39.0,1,0,0.03594671000610106,4.151911735534668,2,32,1249,2368,relu,none,0.0,none,19984,orthogonal,3.9428090254465737,2.9643869400024414,linear,262,4,0.227,768,2.310960054397583,1.8377700562831505,0.05683393123665267,0.0,,gaussian,cpu,cpu,8,,float32,none,small,moderate,high,cpu,small_model__moderate_data__high_volume,0.02,32,adam,1e-05,orthogonal,68.3827133178711,7.941005706787109,-32.52259826660156,87.57740020751953,14.507758140563965,30.644893217086793,2.0854852199554443,2.0612246990203857,1.257462739944458,2.9200174808502197,21.665510177612305,0.19445637613534927,0.0897887796163559
490,2026-09-01 13:45:24,test,263,full_training,4.500020980834961,0.03557064011693001,184.0,1,0,0.18348198299645446,7.016721248626709,2,32,1345,2560,relu,none,0.0,none,21520,xavier,4.824894110361735,2.6007485389709473,nonlinear_interaction,263,7,0.101,768,1.9295555353164673,1.7475833751112948,0.026787020299066634,0.0,,gaussian,cpu,cpu,8,,float32,none,small,moderate,high,cpu,small_model__moderate_data__high_volume,0.02,32,adam,1e-05,xavier,222.52198791503906,38.107730865478516,-793.4600830078125,110.81954956054688,17.888671875,117.89287700653077,7.316112518310547,5.8724212646484375,2.0721724033355713,10.840601921081543,202.5565948486328,0.30725377798080444,0.2615276426076889
491,2026-09-01 13:45:24,test,263,full_training,8.142376899719238,0.04788340628147125,234.0,1,0,0.28960263601038605,6.562580585479736,2,32,1345,2560,relu,none,0.0,none,21520,he,6.084149400393168,3.0874176025390625,nonlinear_interaction,263,7,0.101,768,1.9295555353164673,1.7475833751112948,0.026787020299066634,0.0,,gaussian,cpu,cpu,8,,float32,none,small,moderate,high,cpu,small_model__moderate_data__high_volume,0.02,32,adam,1e-05,he,444.48486328125,114.65797424316406,-6453.50537109375,110.81954956054688,17.888675689697266,326.8417324066162,7.316112995147705,5.872416973114014,3.4585509300231934,28.368392944335938,1782.4652099609375,0.5128206610679626,0.7285413444042206
492,2026-09-01 13:45:25,test,263,full_training,3.2616286277770996,0.04397967457771301,118.0,1,0,0.14146595500642434,6.628941535949707,2,32,1345,2560,relu,none,0.0,none,21520,orthogonal,4.247219244639079,2.8800108432769775,nonlinear_interaction,263,7,0.101,768,1.9295555353164673,1.7475833751112948,0.026787020299066634,0.0,,gaussian,cpu,cpu,8,,float32,none,small,moderate,high,cpu,small_model__moderate_data__high_volume,0.02,32,adam,1e-05,orthogonal,111.43936157226562,15.621050834655762,-218.81040954589844,115.96406555175781,18.932510375976562,76.59653167724609,4.180561542510986,3.8660550117492676,1.5236413478851318,6.33675479888916,40.67088317871094,0.2584264576435089,0.15488699823617935
493,2026-09-01 13:45:25,train,264,full_training,8.03738021850586,0.04951009526848793,407.0,1,0,0.4830846340046264,8.390524864196777,2,32,1345,2560,relu,none,0.0,none,21520,xavier,4.824894110361735,2.6007485389709473,nonlinear_product,264,7,0.232,512,3.854816436767578,2.0936002276847034,0.033579665437084044,0.0,,gaussian,cpu,cpu,8,,float32,none,small,moderate,medium,cpu,small_model__moderate_data__medium_volume,0.02,32,adam,1e-05,xavier,222.52198791503906,49.437374114990234,-1548.340087890625,116.50971984863281,16.7542724609375,154.86209869384766,9.810941696166992,6.1908392906188965,2.1214113235473633,15.29992961883545,227.35659790039062,0.3251483589410782,0.3151659220457077
494,2026-09-01 13:45:26,train,264,full_training,15.576637268066406,0.04370102286338806,321.0,1,0,0.39225699700182304,7.475255489349365,2,32,1345,2560,relu,none,0.0,none,21520,he,6.084149400393168,3.0874176025390625,nonlinear_product,264,7,0.232,512,3.854816436767578,2.0936002276847034,0.033579665437084044,0.0,,gaussian,cpu,cpu,8,,float32,none,small,moderate,medium,cpu,small_model__moderate_data__medium_volume,0.02,32,adam,1e-05,he,444.48486328125,150.0274200439453,-12788.609375,116.50971984863281,16.754268646240234,435.40061340332034,9.810945510864258,6.1908392906188965,3.5407330989837646,39.91611862182617,1216.1265869140625,0.5426875650882721,0.8779622614383698
495,2026-09-01 13:45:26,train,264,full_training,5.5997185707092285,0.0481623113155365,229.0,1,0,0.2502008480078075,8.45866584777832,2,32,1345,2560,relu,none,0.0,none,21520,orthogonal,4.247219244639079,2.8800108432769775,nonlinear_product,264,7,0.232,512,3.854816436767578,2.0936002276847034,0.033579665437084044,0.0,,gaussian,cpu,cpu,8,,float32,none,small,moderate,medium,cpu,small_model__moderate_data__medium_volume,0.02,32,adam,1e-05,orthogonal,111.43936157226562,21.020851135253906,-416.110107421875,116.86363220214844,17.84615707397461,106.81712265014649,4.650328159332275,3.980067729949951,1.5559399127960205,9.003498077392578,79.72618865966797,0.2700895518064499,0.1711849793791771
496,2026-09-01 13:45:26,train,265,full_training,2.288111925125122,0.016827043145895004,30.0,1,0,0.03321365101146512,4.787052154541016,2,32,1281,2432,relu,none,0.0,none,20496,xavier,4.337605396906535,2.741262674331665,linear,265,5,0.143,512,2.1665523052215576,1.8055070855221813,0.032124599667897415,0.0,,gaussian,cpu,cpu,8,,float32,none,small,moderate,medium,cpu,small_model__moderate_data__medium_volume,0.02,32,adam,1e-05,xavier,116.72314453125,10.982070922851562,-70.19390106201172,102.83076477050781,16.96993637084961,60.33024082183838,4.153670787811279,3.838658094406128,1.7424440383911133,3.279832601547241,98.74300384521484,0.24788028001785278,0.1650805026292801
497,2026-09-01 13:45:26,train,265,full_training,3.9845101833343506,0.0472605861723423,32.0,1,0,0.038697265001246706,4.695565700531006,2,32,1281,2432,relu,none,0.0,none,20496,he,5.668473839759827,3.066263437271118,linear,265,5,0.143,512,2.1665523052215576,1.8055070855221813,0.032124599667897415,0.0,,gaussian,cpu,cpu,8,,float32,none,small,moderate,medium,cpu,small_model__moderate_data__medium_volume,0.02,32,adam,1e-05,he,268.70367431640625,39.90636444091797,-890.528564453125,102.83076477050781,16.96993637084961,191.58186454772948,4.1536712646484375,3.8386571407318115,3.3516581058502197,10.136334419250488,439.311279296875,0.47680723667144775,0.6107978820800781
498,2026-09-01 13:45:26,train,265,full_training,1.9727834463119507,0.039065100252628326,30.0,1,0,0.03971199502120726,4.629016876220703,2,32,1281,2432,relu,none,0.0,none,20496,orthogonal,4.054092566172282,2.926488161087036,linear,265,5,0.143,512,2.1665523052215576,1.8055070855221813,0.032124599667897415,0.0,,gaussian,cpu,cpu,8,,float32,none,small,moderate,medium,cpu,small_model__moderate_data__medium_volume,0.02,32,adam,1e-05,orthogonal,84.57994079589844,7.357708930969238,-27.38315773010254,94.53882598876953,17.357284545898438,47.06216239929199,2.886301040649414,2.7990148067474365,1.2966920137405396,2.4388012886047363,83.39095306396484,0.20212049037218094,0.10862123593688011
499,2026-09-01 13:45:26,test,266,full_training,1.8804659843444824,0.0492912158370018,109.0,1,0,0.16963666799711064,5.987544536590576,2,32,1249,2368,relu,none,0.0,none,19984,xavier,4.106595436731975,2.8521344661712646,nonlinear_interaction,266,4,0.163,256,2.1333742141723633,1.7977909654082755,0.07457968647567483,0.0,,gaussian,cpu,cpu,8,,float32,none,small,moderate,low,cpu,small_model__moderate_data__low_volume,0.02,32,adam,1e-05,xavier,88.71050262451172,9.686519622802734,-78.68721771240234,66.54937744140625,14.162891387939453,22.28879871368408,3.409118175506592,3.4369606971740723,1.6664968729019165,4.103955268859863,58.6651496887207,0.194120854139328,0.10161302238702774
500,2026-09-01 13:45:27,test,266,full_training,3.286677598953247,0.04441753402352333,132.0,1,0,0.20146502400166355,5.580550193786621,2,32,1249,2368,relu,none,0.0,none,19984,he,5.400059739748637,2.908212184906006,nonlinear_interaction,266,4,0.163,256,2.1333742141723633,1.7977909654082755,0.07457968647567483,0.0,,gaussian,cpu,cpu,8,,float32,none,small,moderate,low,cpu,small_model__moderate_data__low_volume,0.02,32,adam,1e-05,he,225.21484375,33.69075012207031,-822.0878295898438,66.54937744140625,14.162891387939453,87.40129318237305,3.40911865234375,3.4369616508483887,3.5351738929748535,11.033318519592285,280.9810791015625,0.41179247200489044,0.45725856721401215
501,2026-09-01 13:45:27,test,266,full_training,1.7244120836257935,0.046766497194767,83.0,1,0,0.1831424020056147,5.479233741760254,2,32,1249,2368,relu,none,0.0,none,19984,orthogonal,3.9428090254465737,2.9643869400024414,nonlinear_interaction,266,4,0.163,256,2.1333742141723633,1.7977909654082755,0.07457968647567483,0.0,,gaussian,cpu,cpu,8,,float32,none,small,moderate,low,cpu,small_model__moderate_data__low_volume,0.02,32,adam,1e-05,orthogonal,68.3827133178711,8.638544082641602,-51.209774017333984,82.40056610107422,14.999042510986328,15.030489730834962,2.1143462657928467,1.9792594909667969,1.2589972019195557,3.4753639698028564,36.11324691772461,0.18285603821277618,0.07931149378418922
502,2026-09-01 13:45:27,train,267,full_training,15.423467636108398,0.04818388447165489,154.0,1,0,0.23532119300216436,7.654086589813232,2,32,1249,2368,relu,none,0.0,none,19984,xavier,4.106595436731975,2.8521344661712646,nonlinear_product,267,4,0.007,512,4.4302287101745605,2.16316413835632,0.031157783883082626,0.0,,gaussian,cpu,cpu,8,,float32,none,small,clean,medium,cpu,small_model__clean_data__medium_volume,0.02,32,adam,1e-05,xavier,88.71050262451172,29.807525634765625,-595.1341552734375,69.95699310302734,14.139469146728516,34.3616283416748,3.3255956172943115,3.123729944229126,1.6282674074172974,12.337201118469238,1522.3531494140625,0.19576505571603775,0.1045321449637413
503,2026-09-01 13:45:28,train,267,full_training,19.131484985351562,0.045047737658023834,164.0,1,0,0.27116576800472103,6.826396465301514,2,32,1249,2368,relu,none,0.0,none,19984,he,5.400059739748637,2.908212184906006,nonlinear_product,267,4,0.007,512,4.4302287101745605,2.16316413835632,0.031157783883082626,0.0,,gaussian,cpu,cpu,8,,float32,none,small,clean,medium,cpu,small_model__clean_data__medium_volume,0.02,32,adam,1e-05,he,225.21484375,87.78936767578125,-4082.98583984375,69.95699310302734,14.139469146728516,118.61344451904297,3.3255958557128906,3.1237306594848633,3.4540762901306152,27.632160186767578,6174.443359375,0.41528038680553436,0.47039462625980377
504,2026-09-01 13:45:28,train,267,full_training,14.390995025634766,0.04388614743947983,138.0,1,0,0.25746992899803445,7.231199741363525,2,32,1249,2368,relu,none,0.0,none,19984,orthogonal,3.9428090254465737,2.9643869400024414,nonlinear_product,267,4,0.007,512,4.4302287101745605,2.16316413835632,0.031157783883082626,0.0,,gaussian,cpu,cpu,8,,float32,none,small,clean,medium,cpu,small_model__clean_data__medium_volume,0.02,32,adam,1e-05,orthogonal,68.3827133178711,21.181215286254883,-319.4644775390625,93.67569732666016,15.202441215515137,6.399754476547241,2.0778651237487793,2.0098304748535156,1.2371294498443604,9.765840530395508,832.91015625,0.17600946128368378,0.07629100605845451
505,2026-09-01 13:45:28,train,268,full_training,1.9011896848678589,0.03514930233359337,34.0,1,0,0.05610215000342578,4.634006500244141,2,32,1313,2496,relu,none,0.0,none,21008,xavier,4.628277778625488,2.699293613433838,linear,268,6,0.168,256,2.082343578338623,1.7856855231023436,0.04071598680268148,0.0,,gaussian,cpu,cpu,8,,float32,none,small,moderate,low,cpu,small_model__moderate_data__low_volume,0.02,32,adam,1e-05,xavier,180.12289428710938,10.70305061340332,-32.23504638671875,98.24783325195312,17.31507110595703,51.27239723205567,4.775513172149658,4.21876859664917,1.8961799144744873,2.925232172012329,151.0266571044922,0.29359282553195953,0.21915164589881897
506,2026-09-01 13:45:28,train,268,full_training,2.4255213737487793,0.04822023957967758,38.0,1,0,0.0762189950037282,4.425238609313965,2,32,1313,2496,relu,none,0.0,none,21008,he,5.945054133733113,3.1431682109832764,linear,268,6,0.168,256,2.082343578338623,1.7856855231023436,0.04071598680268148,0.0,,gaussian,cpu,cpu,8,,float32,none,small,moderate,low,cpu,small_model__moderate_data__low_volume,0.02,32,adam,1e-05,he,383.60638427734375,24.073209762573242,-161.6624755859375,98.24783325195312,17.315067291259766,115.6691795349121,4.775513172149658,4.218769073486328,3.374276638031006,5.5862345695495605,710.6825561523438,0.5224522203207016,0.6939802169799805
507,2026-09-01 13:45:28,train,268,full_training,2.143270492553711,0.04273059591650963,35.0,1,0,0.07026333900284953,4.93837308883667,2,32,1313,2496,relu,none,0.0,none,21008,orthogonal,4.154700259367625,2.899160146713257,linear,268,6,0.168,256,2.082343578338623,1.7856855231023436,0.04071598680268148,0.0,,gaussian,cpu,cpu,8,,float32,none,small,moderate,low,cpu,small_model__moderate_data__low_volume,0.02,32,adam,1e-05,orthogonal,108.75711059570312,8.971349716186523,-52.088104248046875,111.15941619873047,16.97073745727539,37.243511533737184,3.2205514907836914,3.0958242416381836,1.4709815979003906,3.4536960124969482,82.82684326171875,0.24498848617076874,0.1356799453496933
508,2026-09-01 13:45:28,test,269,full_training,4.15472412109375,0.03720499202609062,67.0,1,0,0.14868976999423467,5.453009605407715,2,32,1249,2368,relu,none,0.0,none,19984,xavier,4.106595436731975,2.8521344661712646,nonlinear_interaction,269,4,0.008,256,2.119448661804199,1.7945165280418767,0.046134600233536216,0.0,,gaussian,cpu,cpu,8,,float32,none,small,clean,low,cpu,small_model__clean_data__low_volume,0.02,32,adam,1e-05,xavier,88.71050262451172,16.65135383605957,-206.794189453125,68.03177642822266,13.730489730834961,37.81243476867676,3.231381893157959,3.1167240142822266,1.6619317531585693,6.7140374183654785,113.9347152709961,0.2211480662226677,0.13995660841464996
509,2026-09-01 13:45:29,test,269,full_training,6.144863605499268,0.04661450907588005,98.0,1,0,0.1964046819775831,4.994080066680908,2,32,1249,2368,relu,none,0.0,none,19984,he,5.400059739748637,2.908212184906006,nonlinear_interaction,269,4,0.008,256,2.119448661804199,1.7945165280418767,0.046134600233536216,0.0,,gaussian,cpu,cpu,8,,float32,none,small,clean,low,cpu,small_model__clean_data__low_volume,0.02,32,adam,1e-05,he,225.21484375,53.16980743408203,-1927.37890625,68.03177642822266,13.730486869812012,148.0032935142517,3.231382131576538,3.1167259216308594,3.525489568710327,17.567689895629883,1036.0469970703125,0.4691258817911148,0.6298046708106995
510,2026-09-01 13:45:29,test,269,full_training,4.031426429748535,0.04912401735782623,58.0,1,0,0.13445668999338523,5.332969665527344,2,32,1249,2368,relu,none,0.0,none,19984,orthogonal,3.9428090254465737,2.9643869400024414,nonlinear_interaction,269,4,0.008,256,2.119448661804199,1.7945165280418767,0.046134600233536216,0.0,,gaussian,cpu,cpu,8,,float32,none,small,clean,low,cpu,small_model__clean_data__low_volume,0.02,32,adam,1e-05,orthogonal,68.3827133178711,13.593962669372559,-115.85403442382812,92.72596740722656,15.430061340332031,12.976870250701904,2.048774480819702,1.9117193222045898,1.2607223987579346,5.171270370483398,78.2532958984375,0.19446352124214172,0.09522643685340881
511,2026-09-01 13:45:30,test,270,full_training,4.476098537445068,0.04587408900260925,82.0,1,0,0.3006059539911803,6.703922271728516,2,32,1249,2368,relu,none,0.0,none,19984,xavier,4.106595436731975,2.8521344661712646,nonlinear_product,270,4,0.107,256,3.1329195499420166,1.9899211998837776,0.0555272535432765,0.0,,gaussian,cpu,cpu,8,,float32,none,small,moderate,low,cpu,small_model__moderate_data__low_volume,0.02,32,adam,1e-05,xavier,88.71050262451172,21.19097900390625,-298.73712158203125,81.83401489257812,14.059825897216797,19.463802528381347,3.5597755908966064,3.4100594520568848,1.644410490989685,8.869627952575684,99.10980224609375,0.20536425709724426,0.12270738929510117
512,2026-09-01 13:45:30,test,270,full_training,6.369903087615967,0.04337407648563385,74.0,1,0,0.20347602901165374,5.377298831939697,2,32,1249,2368,relu,none,0.0,none,19984,he,5.400059739748637,2.908212184906006,nonlinear_product,270,4,0.107,256,3.1329195499420166,1.9899211998837776,0.0555272535432765,0.0,,gaussian,cpu,cpu,8,,float32,none,small,moderate,low,cpu,small_model__moderate_data__low_volume,0.02,32,adam,1e-05,he,225.21484375,61.37685775756836,-2029.531494140625,81.83401489257812,14.059832572937012,99.60071563720703,3.5597753524780273,3.4100592136383057,3.48832106590271,19.50286293029785,322.5318298339844,0.4356433302164078,0.5521831810474396
513,2026-09-01 13:45:31,test,270,full_training,4.050175666809082,0.03871845453977585,82.0,1,0,0.3469131509773433,6.270111560821533,2,32,1249,2368,relu,none,0.0,none,19984,orthogonal,3.9428090254465737,2.9643869400024414,nonlinear_product,270,4,0.107,256,3.1329195499420166,1.9899211998837776,0.0555272535432765,0.0,,gaussian,cpu,cpu,8,,float32,none,small,moderate,low,cpu,small_model__moderate_data__low_volume,0.02,32,adam,1e-05,orthogonal,68.3827133178711,16.065296173095703,-169.62103271484375,85.70140075683594,14.7749662399292,-6.408700561523437,2.0712499618530273,2.0292677879333496,1.2342216968536377,7.2160325050354,69.79784393310547,0.19288770109415054,0.09491709247231483
514,2026-09-01 13:45:32,train,271,full_training,1.9838318824768066,0.048926614224910736,35.0,1,0,0.09762784198392183,4.948544979095459,2,32,1281,2432,relu,none,0.0,none,20496,xavier,4.337605396906535,2.741262674331665,linear,271,5,0.196,512,1.9615144729614258,1.7557969657833814,0.02552095336324184,0.0,,gaussian,cpu,cpu,8,,float32,none,small,moderate,medium,cpu,small_model__moderate_data__medium_volume,0.02,32,adam,1e-05,xavier,116.72314453125,15.153877258300781,-137.8107452392578,93.38390350341797,16.742305755615234,51.36364326477051,4.045555114746094,3.6683897972106934,1.7010860443115234,4.505374431610107,233.02291870117188,0.2288828119635582,0.149276714771986
515,2026-09-01 13:45:32,train,271,full_training,3.31870174407959,0.04922235384583473,43.0,1,0,0.07041467502131127,5.018924713134766,2,32,1281,2432,relu,none,0.0,none,20496,he,5.668473839759827,3.066263437271118,linear,271,5,0.196,512,1.9615144729614258,1.7557969657833814,0.02552095336324184,0.0,,gaussian,cpu,cpu,8,,float32,none,small,moderate,medium,cpu,small_model__moderate_data__medium_volume,0.02,32,adam,1e-05,he,268.70367431640625,55.07257080078125,-1714.05419921875,93.38390350341797,16.7423095703125,164.05698928833007,4.045555114746094,3.6683900356292725,3.272104263305664,14.277412414550781,1622.181640625,0.44026489555835724,0.5523238480091095
516,2026-09-01 13:45:32,train,271,full_training,1.4720572233200073,0.03733787685632706,33.0,1,0,0.06085926599917002,4.78084659576416,2,32,1281,2432,relu,none,0.0,none,20496,orthogonal,4.054092566172282,2.926488161087036,linear,271,5,0.196,512,1.9615144729614258,1.7557969657833814,0.02552095336324184,0.0,,gaussian,cpu,cpu,8,,float32,none,small,moderate,medium,cpu,small_model__moderate_data__medium_volume,0.02,32,adam,1e-05,orthogonal,84.57994079589844,8.05128288269043,-40.44069290161133,103.32151794433594,16.656827926635742,37.45512428283691,3.1252388954162598,2.7143473625183105,1.2940478324890137,2.9096908569335938,121.76964569091797,0.19230952113866806,0.10007884353399277
517,2026-09-01 13:45:32,train,272,full_training,3.23665714263916,0.04825468733906746,181.0,1,0,0.34212468200712465,6.251844882965088,2,32,1345,2560,relu,none,0.0,none,21520,xavier,4.824894110361735,2.6007485389709473,nonlinear_interaction,272,7,0.108,768,1.7240705490112305,1.6912825797569133,0.030422399571380404,0.0,,gaussian,cpu,cpu,8,,float32,none,small,moderate,high,cpu,small_model__moderate_data__high_volume,0.02,32,adam,1e-05,xavier,222.52198791503906,36.595252990722656,-951.458251953125,109.11143493652344,18.165081024169922,130.18228073120116,6.839256763458252,6.102370262145996,2.2438700199127197,11.007643699645996,212.24969482421875,0.3236851692199707,0.27158285677433014
518,2026-09-01 13:45:33,train,272,full_training,6.240355968475342,0.043444834649562836,265.0,1,0,0.45382205900386907,6.832330703735352,2,32,1345,2560,relu,none,0.0,none,21520,he,6.084149400393168,3.0874176025390625,nonlinear_interaction,272,7,0.108,768,1.7240705490112305,1.6912825797569133,0.030422399571380404,0.0,,gaussian,cpu,cpu,8,,float32,none,small,moderate,high,cpu,small_model__moderate_data__high_volume,0.02,32,adam,1e-05,he,444.48486328125,124.11560821533203,-9357.9462890625,109.11143493652344,18.165081024169922,364.6757873535156,6.83925724029541,6.1023688316345215,3.745122194290161,32.35738754272461,2042.248779296875,0.5402454137802124,0.7565522789955139
519,2026-09-01 13:45:33,train,272,full_training,2.443962574005127,0.040804751217365265,175.0,1,0,0.48536961802165024,6.699278831481934,2,32,1345,2560,relu,none,0.0,none,21520,orthogonal,4.247219244639079,2.8800108432769775,nonlinear_interaction,272,7,0.108,768,1.7240705490112305,1.6912825797569133,0.030422399571380404,0.0,,gaussian,cpu,cpu,8,,float32,none,small,moderate,high,cpu,small_model__moderate_data__high_volume,0.02,32,adam,1e-05,orthogonal,111.43936157226562,15.357124328613281,-276.32708740234375,116.34973907470703,18.770965576171875,92.0951976776123,3.9541337490081787,3.5687355995178223,1.5780800580978394,6.363565921783447,60.724952697753906,0.28233347833156586,0.1673065423965454
520,2026-09-01 13:45:34,train,273,full_training,6.4780073165893555,0.04393566772341728,261.0,1,0,0.40903504501329735,8.99468994140625,2,32,1249,2368,relu,none,0.0,none,19984,xavier,4.106595436731975,2.8521344661712646,nonlinear_product,273,4,0.2,384,6.225009918212891,2.333226051023029,0.0337476144467699,0.0,,gaussian,cpu,cpu,8,,float32,none,small,moderate,medium,cpu,small_model__moderate_data__medium_volume,0.02,32,adam,1e-05,xavier,88.71050262451172,23.93510627746582,-316.8982238769531,73.93061828613281,14.322031021118164,22.749699878692628,3.367264747619629,3.111236810684204,1.6549255847930908,9.090655326843262,143.71661376953125,0.20947610586881638,0.11951270326972008
521,2026-09-01 13:45:34,train,273,full_training,8.655255317687988,0.040899790823459625,279.0,1,0,0.3715711389959324,8.515588760375977,2,32,1249,2368,relu,none,0.0,none,19984,he,5.400059739748637,2.908212184906006,nonlinear_product,273,4,0.2,384,6.225009918212891,2.333226051023029,0.0337476144467699,0.0,,gaussian,cpu,cpu,8,,float32,none,small,moderate,medium,cpu,small_model__moderate_data__medium_volume,0.02,32,adam,1e-05,he,225.21484375,72.54981994628906,-2461.04638671875,73.93061828613281,14.322031021118164,91.34482116699219,3.3672642707824707,3.1112372875213623,3.510627269744873,20.755165100097656,2160.131103515625,0.44436588883399963,0.5378071069717407
522,2026-09-01 13:45:35,train,273,full_training,5.901412010192871,0.043822307139635086,280.0,1,0,0.4278479329950642,9.553791999816895,2,32,1249,2368,relu,none,0.0,none,19984,orthogonal,3.9428090254465737,2.9643869400024414,nonlinear_product,273,4,0.2,384,6.225009918212891,2.333226051023029,0.0337476144467699,0.0,,gaussian,cpu,cpu,8,,float32,none,small,moderate,medium,cpu,small_model__moderate_data__medium_volume,0.02,32,adam,1e-05,orthogonal,68.3827133178711,18.148231506347656,-205.784423828125,87.08061218261719,15.39620590209961,2.9565866470336912,2.0436439514160156,1.9729384183883667,1.263315200805664,7.801597595214844,41.463714599609375,0.19397079944610596,0.09287504479289055
523,2026-09-01 13:45:35,train,274,full_training,1.5694797039031982,0.04533357545733452,21.0,1,0,0.024232844007201493,3.5794405937194824,2,32,1217,2304,relu,none,0.0,none,19472,xavier,3.998493274052938,2.7725577354431152,linear,274,3,0.138,768,2.029451608657837,1.7728213397247008,0.014739452669603676,0.0,,gaussian,cpu,cpu,8,,float32,none,small,moderate,high,cpu,small_model__moderate_data__high_volume,0.02,32,adam,1e-05,xavier,85.53611755371094,8.0868501663208,-19.552101135253906,62.255889892578125,12.16812515258789,39.40009994506836,2.3062875270843506,2.2014827728271484,1.3358889818191528,2.554147720336914,57.81611251831055,0.14292952418327332,0.0617715809494257
524,2026-09-01 13:45:35,train,274,full_training,0.8288758993148804,0.042002491652965546,26.0,1,0,0.030305370019050315,2.931952476501465,2,32,1217,2304,relu,none,0.0,none,19472,he,5.3281480471293134,2.563436269760132,linear,274,3,0.138,768,2.029451608657837,1.7728213397247008,0.014739452669603676,0.0,,gaussian,cpu,cpu,8,,float32,none,small,moderate,high,cpu,small_model__moderate_data__high_volume,0.02,32,adam,1e-05,he,247.24282836914062,18.323223114013672,-44.01185607910156,62.255889892578125,12.16812515258789,159.97722549438475,2.3062875270843506,2.2014827728271484,3.2264785766601562,4.164734363555908,97.81991577148438,0.3452076315879822,0.36033427715301514
525,2026-09-01 13:45:35,train,274,full_training,1.8833932876586914,0.04203859344124794,19.0,1,0,0.021081563987536356,4.188828945159912,2,32,1217,2304,relu,none,0.0,none,19472,orthogonal,3.8164965311686196,3.016789674758911,linear,274,3,0.138,768,2.029451608657837,1.7728213397247008,0.014739452669603676,0.0,,gaussian,cpu,cpu,8,,float32,none,small,moderate,high,cpu,small_model__moderate_data__high_volume,0.02,32,adam,1e-05,orthogonal,53.49358367919922,7.6357951164245605,-24.069679260253906,55.456424713134766,12.176021575927734,32.15443382263184,1.7949210405349731,1.7023735046386719,1.1976890563964844,2.5273351669311523,35.03378677368164,0.15077954530715942,0.05769331566989422
526,2026-09-01 13:45:35,train,275,full_training,1.5131016969680786,0.04781544208526611,90.0,1,0,0.10758779000025243,5.489012718200684,2,32,1249,2368,relu,none,0.0,none,19984,xavier,4.106595436731975,2.8521344661712646,nonlinear_interaction,275,4,0.171,512,1.7668635845184326,1.7035415275113712,0.03462581221123034,0.0,,gaussian,cpu,cpu,8,,float32,none,small,moderate,medium,cpu,small_model__moderate_data__medium_volume,0.02,32,adam,1e-05,xavier,88.71050262451172,14.360919952392578,-145.78713989257812,87.8055191040039,13.776965141296387,20.93402557373047,3.253628969192505,3.1421546936035156,1.6320112943649292,5.65576171875,36.94939041137695,0.20150119066238403,0.11728373542428017
527,2026-09-01 13:45:35,train,275,full_training,3.053837537765503,0.040673159062862396,132.0,1,0,0.14371125798788853,5.307436466217041,2,32,1249,2368,relu,none,0.0,none,19984,he,5.400059739748637,2.908212184906006,nonlinear_interaction,275,4,0.171,512,1.7668635845184326,1.7035415275113712,0.03462581221123034,0.0,,gaussian,cpu,cpu,8,,float32,none,small,moderate,medium,cpu,small_model__moderate_data__medium_volume,0.02,32,adam,1e-05,he,225.21484375,45.95842742919922,-1357.547119140625,87.8055191040039,13.776965141296387,89.17464017868042,3.253628969192505,3.1421544551849365,3.4620189666748047,14.681732177734375,357.60955810546875,0.427448570728302,0.527776762843132
528,2026-09-01 13:45:35,train,275,full_training,1.328977108001709,0.04863234981894493,101.0,1,0,0.11473742598900571,5.672303199768066,2,32,1249,2368,relu,none,0.0,none,19984,orthogonal,3.9428090254465737,2.9643869400024414,nonlinear_interaction,275,4,0.171,512,1.7668635845184326,1.7035415275113712,0.03462581221123034,0.0,,gaussian,cpu,cpu,8,,float32,none,small,moderate,medium,cpu,small_model__moderate_data__medium_volume,0.02,32,adam,1e-05,orthogonal,68.3827133178711,11.377610206604004,-84.11439514160156,89.84730529785156,15.715867042541504,9.206961059570313,1.9610909223556519,1.9589272737503052,1.251672387123108,4.460996627807617,28.687604904174805,0.17987705022096634,0.07979341596364975
529,2026-09-01 13:45:36,train,276,full_training,3.5954325199127197,0.045990727841854095,177.0,1,0,0.23762423399602994,7.506741523742676,2,32,1281,2432,relu,none,0.0,none,20496,xavier,4.337605396906535,2.741262674331665,nonlinear_product,276,5,0.021,512,5.614473819732666,2.281612470227482,0.03967688159937844,0.0,,gaussian,cpu,cpu,8,,float32,none,small,clean,medium,cpu,small_model__clean_data__medium_volume,0.02,32,adam,1e-05,xavier,116.72314453125,23.18226432800293,-203.13845825195312,98.41773223876953,17.402511596679688,68.37187805175782,4.027216911315918,3.8583638668060303,1.7457995414733887,9.458847045898438,201.727294921875,0.2458387240767479,0.162077896296978
530,2026-09-01 13:45:36,train,276,full_training,3.1080105304718018,0.04339165985584259,147.0,1,0,0.16616542599513195,7.204191207885742,2,32,1281,2432,relu,none,0.0,none,20496,he,5.668473839759827,3.066263437271118,nonlinear_product,276,5,0.021,512,5.614473819732666,2.281612470227482,0.03967688159937844,0.0,,gaussian,cpu,cpu,8,,float32,none,small,clean,medium,cpu,small_model__clean_data__medium_volume,0.02,32,adam,1e-05,he,268.70367431640625,42.81085968017578,-209.9585418701172,98.41773223876953,17.402507781982422,209.92761993408203,4.027216911315918,3.858362913131714,3.3581125736236572,13.264928817749023,739.4417114257812,0.4728802740573883,0.5996882617473602
531,2026-09-01 13:45:36,train,276,full_training,3.631824493408203,0.03641330450773239,119.0,1,0,0.1317467050103005,6.947203636169434,2,32,1281,2432,relu,none,0.0,none,20496,orthogonal,4.054092566172282,2.926488161087036,nonlinear_product,276,5,0.021,512,5.614473819732666,2.281612470227482,0.03967688159937844,0.0,,gaussian,cpu,cpu,8,,float32,none,small,clean,medium,cpu,small_model__clean_data__medium_volume,0.02,32,adam,1e-05,orthogonal,84.57994079589844,16.725391387939453,-141.9189453125,96.8631591796875,17.569366455078125,18.17101106643677,2.9306347370147705,2.8041672706604004,1.2901365756988525,7.964800834655762,137.7118377685547,0.19788332283496857,0.10518473386764526
532,2026-09-01 13:45:36,train,277,full_training,1.9407403469085693,0.04897644743323326,44.0,1,0,0.04862930500530638,3.846757411956787,2,32,1185,2240,relu,none,0.0,none,18960,xavier,3.9327030579249063,2.911090850830078,linear,277,2,0.276,384,2.0861222743988037,1.786592018976054,0.03399601223399288,0.0,,gaussian,cpu,cpu,8,,float32,none,small,noisy,medium,cpu,small_model__noisy_data__medium_volume,0.02,32,adam,1e-05,xavier,58.31831359863281,13.229283332824707,-49.67445373535156,-127.15668487548828,6.904534339904785,23.754473209381104,1.7478395700454712,1.343788981437683,1.2440464496612549,4.268916606903076,129.93777465820312,0.1446451023221016,0.07608499377965927
533,2026-09-01 13:45:36,train,277,full_training,1.2584302425384521,0.040434181690216064,24.0,1,0,0.02475893497467041,2.3387866020202637,2,32,1185,2240,relu,none,0.0,none,18960,he,5.592296163241069,2.8417537212371826,linear,277,2,0.276,384,2.0861222743988037,1.786592018976054,0.03399601223399288,0.0,,gaussian,cpu,cpu,8,,float32,none,small,noisy,medium,cpu,small_model__noisy_data__medium_volume,0.02,32,adam,1e-05,he,203.48391723632812,24.531312942504883,-21.206546783447266,-127.15668487548828,6.904536247253418,316.2783718109131,1.7478394508361816,1.3437888622283936,3.6269872188568115,7.088352680206299,376.2879333496094,0.421709343791008,0.6467224657535553
534,2026-09-01 13:45:36,train,277,full_training,2.1481411457061768,0.04941392317414284,44.0,1,0,0.0473516290076077,3.9497361183166504,2,32,1185,2240,relu,none,0.0,none,18960,orthogonal,3.666666487852732,3.0912060737609863,linear,277,2,0.276,384,2.0861222743988037,1.786592018976054,0.03399601223399288,0.0,,gaussian,cpu,cpu,8,,float32,none,small,noisy,medium,cpu,small_model__noisy_data__medium_volume,0.02,32,adam,1e-05,orthogonal,35.72531509399414,9.140876770019531,-33.10091018676758,-131.44970703125,7.203609466552734,-4.441150665283203,1.350185751914978,1.313296914100647,1.09213387966156,3.1431496143341064,79.7138900756836,0.12826450914144516,0.05267850123345852
535,2026-09-01 13:45:37,train,278,full_training,2.129756450653076,0.03477077931165695,75.0,1,0,0.08871826398535632,5.536354064941406,2,32,1313,2496,relu,none,0.0,none,21008,xavier,4.628277778625488,2.699293613433838,nonlinear_interaction,278,6,0.149,256,1.9051276445388794,1.74121303887528,0.048617241887566096,0.0,,gaussian,cpu,cpu,8,,float32,none,small,moderate,low,cpu,small_model__moderate_data__low_volume,0.02,32,adam,1e-05,xavier,180.12289428710938,14.61603832244873,-78.14962768554688,101.5173110961914,17.68178939819336,58.0921875,4.83597993850708,4.453801155090332,1.8516345024108887,4.52490758895874,75.06975555419922,0.27196895331144333,0.19996091723442078
536,2026-09-01 13:45:37,train,278,full_training,2.259746551513672,0.04278774559497833,115.0,1,0,0.13197179802227765,5.809814929962158,2,32,1313,2496,relu,none,0.0,none,21008,he,5.945054133733113,3.1431682109832764,nonlinear_interaction,278,6,0.149,256,1.9051276445388794,1.74121303887528,0.048617241887566096,0.0,,gaussian,cpu,cpu,8,,float32,none,small,moderate,low,cpu,small_model__moderate_data__low_volume,0.02,32,adam,1e-05,he,383.60638427734375,32.39657974243164,-328.8734130859375,101.5173110961914,17.681793212890625,135.38399391174318,4.83597993850708,4.453798294067383,3.2950074672698975,8.55561351776123,312.495361328125,0.48397229611873627,0.6332095861434937
537,2026-09-01 13:45:37,train,278,full_training,2.2833573818206787,0.04634825512766838,75.0,1,0,0.08258325699716806,5.620487689971924,2,32,1313,2496,relu,none,0.0,none,21008,orthogonal,4.154700259367625,2.899160146713257,nonlinear_interaction,278,6,0.149,256,1.9051276445388794,1.74121303887528,0.048617241887566096,0.0,,gaussian,cpu,cpu,8,,float32,none,small,moderate,low,cpu,small_model__moderate_data__low_volume,0.02,32,adam,1e-05,orthogonal,108.75711059570312,10.490214347839355,-63.398983001708984,115.84851837158203,17.90907096862793,35.57395782470703,3.387474775314331,3.1446306705474854,1.4416195154190063,4.169726371765137,94.3067626953125,0.2246452495455742,0.12362600117921829
538,2026-09-01 13:45:37,train,279,full_training,8.32374382019043,0.049894385039806366,178.0,1,0,0.21561316400766373,7.278964996337891,2,32,1313,2496,relu,none,0.0,none,21008,xavier,4.628277778625488,2.699293613433838,nonlinear_product,279,6,0.107,256,5.032797336578369,2.2269265132350986,0.04279656907116765,0.0,,gaussian,cpu,cpu,8,,float32,none,small,moderate,low,cpu,small_model__moderate_data__low_volume,0.02,32,adam,1e-05,xavier,180.12289428710938,32.88786697387695,-608.7081298828125,103.25233459472656,17.751102447509766,95.35410804748535,5.251128673553467,4.981543064117432,1.852815866470337,13.165283203125,1439.398193359375,0.2694137990474701,0.2048981860280037
539,2026-09-01 13:45:37,train,279,full_training,8.594584465026855,0.025486281141638756,175.0,1,0,0.19581557300989516,7.072110652923584,2,32,1313,2496,relu,none,0.0,none,21008,he,5.945054133733113,3.1431682109832764,nonlinear_product,279,6,0.107,256,5.032797336578369,2.2269265132350986,0.04279656907116765,0.0,,gaussian,cpu,cpu,8,,float32,none,small,moderate,low,cpu,small_model__moderate_data__low_volume,0.02,32,adam,1e-05,he,383.60638427734375,68.96469116210938,-2177.3935546875,103.25233459472656,17.7510986328125,191.186772441864,5.251128673553467,4.981543064117432,3.2971103191375732,23.487356185913086,5098.873046875,0.4794253706932068,0.6488442718982697
540,2026-09-01 13:45:38,train,279,full_training,8.282109260559082,0.04520530253648758,196.0,1,0,0.2427137839840725,7.942822456359863,2,32,1313,2496,relu,none,0.0,none,21008,orthogonal,4.154700259367625,2.899160146713257,nonlinear_product,279,6,0.107,256,5.032797336578369,2.2269265132350986,0.04279656907116765,0.0,,gaussian,cpu,cpu,8,,float32,none,small,moderate,low,cpu,small_model__moderate_data__low_volume,0.02,32,adam,1e-05,orthogonal,108.75711059570312,20.755218505859375,-318.47039794921875,113.91122436523438,18.28017234802246,61.50861129760742,3.624478340148926,3.478811502456665,1.3865631818771362,10.083003044128418,780.0132446289062,0.2229611873626709,0.1250913441181183
541,2026-09-01 13:45:38,train,280,full_training,1.6083500385284424,0.03489276021718979,21.0,1,0,0.026493053999729455,3.3516252040863037,2,32,1249,2368,relu,none,0.0,none,19984,xavier,4.106595436731975,2.8521344661712646,linear,280,4,0.134,256,1.989320993423462,1.7628352187928262,0.023386327607154988,0.0,,gaussian,cpu,cpu,8,,float32,none,small,moderate,low,cpu,small_model__moderate_data__low_volume,0.02,32,adam,1e-05,xavier,88.71050262451172,8.297011375427246,-36.837974548339844,74.84575653076172,13.862771034240723,36.02663249969483,3.4274864196777344,3.261380195617676,1.5983343124389648,2.898315668106079,53.14451599121094,0.2006598860025406,0.11877604573965073
542,2026-09-01 13:45:38,train,280,full_training,1.0764518976211548,0.04373067989945412,26.0,1,0,0.040016166982240975,3.206641912460327,2,32,1249,2368,relu,none,0.0,none,19984,he,5.400059739748637,2.908212184906006,linear,280,4,0.134,256,1.989320993423462,1.7628352187928262,0.023386327607154988,0.0,,gaussian,cpu,cpu,8,,float32,none,small,moderate,low,cpu,small_model__moderate_data__low_volume,0.02,32,adam,1e-05,he,225.21484375,28.861595153808594,-539.1648559570312,74.84575653076172,13.862771034240723,109.58225708007812,3.4274864196777344,3.2613797187805176,3.3905792236328125,8.104297637939453,140.1435546875,0.4256638288497925,0.534492164850235
543,2026-09-01 13:45:38,train,280,full_training,1.9475817680358887,0.03855268657207489,20.0,1,0,0.026896110008237883,3.744966506958008,2,32,1249,2368,relu,none,0.0,none,19984,orthogonal,3.9428090254465737,2.9643869400024414,linear,280,4,0.134,256,1.989320993423462,1.7628352187928262,0.023386327607154988,0.0,,gaussian,cpu,cpu,8,,float32,none,small,moderate,low,cpu,small_model__moderate_data__low_volume,0.02,32,adam,1e-05,orthogonal,68.3827133178711,7.422778606414795,-30.60057258605957,87.59159088134766,15.616401672363281,35.602667236328124,2.0708365440368652,1.9734069108963013,1.2315938472747803,2.7680816650390625,57.489051818847656,0.1771959513425827,0.0817076563835144
544,2026-09-01 13:45:38,test,281,full_training,1.8798929452896118,0.0389210470020771,67.0,1,0,0.08069078100379556,5.00598669052124,2,32,1249,2368,relu,none,0.0,none,19984,xavier,4.106595436731975,2.8521344661712646,nonlinear_interaction,281,4,0.092,256,1.7474722862243652,1.6980237011551704,0.04859547755977131,0.0,,gaussian,cpu,cpu,8,,float32,none,small,clean,low,cpu,small_model__clean_data__low_volume,0.02,32,adam,1e-05,xavier,88.71050262451172,8.08469009399414,-47.443946838378906,65.50079345703125,13.881037712097168,26.7918794631958,3.2958216667175293,3.2850754261016846,1.6510117053985596,3.1926472187042236,20.818248748779297,0.19102105498313904,0.10616705939173698
545,2026-09-01 13:45:38,test,281,full_training,3.6122405529022217,0.04744001850485802,58.0,1,0,0.06698814799892716,4.413181304931641,2,32,1249,2368,relu,none,0.0,none,19984,he,5.400059739748637,2.908212184906006,nonlinear_interaction,281,4,0.092,256,1.7474722862243652,1.6980237011551704,0.04859547755977131,0.0,,gaussian,cpu,cpu,8,,float32,none,small,clean,low,cpu,small_model__clean_data__low_volume,0.02,32,adam,1e-05,he,225.21484375,29.084821701049805,-605.5206298828125,65.50079345703125,13.881037712097168,78.0425796508789,3.2958219051361084,3.2850751876831055,3.502324342727661,9.028465270996094,194.7737274169922,0.40521687269210815,0.4777517318725586
546,2026-09-01 13:45:38,test,281,full_training,1.7742305994033813,0.04190659150481224,89.0,1,0,0.11254142699181102,5.410745143890381,2,32,1249,2368,relu,none,0.0,none,19984,orthogonal,3.9428090254465737,2.9643869400024414,nonlinear_interaction,281,4,0.092,256,1.7474722862243652,1.6980237011551704,0.04859547755977131,0.0,,gaussian,cpu,cpu,8,,float32,none,small,clean,low,cpu,small_model__clean_data__low_volume,0.02,32,adam,1e-05,orthogonal,68.3827133178711,7.647594451904297,-36.12587356567383,79.09121704101562,15.063032150268555,22.955651092529298,2.0648674964904785,1.963890790939331,1.2651193141937256,2.960287570953369,20.751178741455078,0.1763363555073738,0.08061087876558304
547,2026-09-01 13:45:39,train,282,full_training,12.240896224975586,0.4845351576805115,,0,0,0.9113825139938854,11.75747013092041,2,32,1217,2304,relu,none,0.0,none,19472,xavier,3.998493274052938,2.7725577354431152,nonlinear_product,282,3,0.282,768,7.304973602294922,2.4132162489782987,0.026708942165357737,0.0,,gaussian,cpu,cpu,8,,float32,none,small,noisy,high,cpu,small_model__noisy_data__high_volume,0.02,32,adam,1e-05,xavier,85.53611755371094,30.206050872802734,-461.68304443359375,54.355865478515625,11.66042709350586,34.12199149131775,2.432957410812378,2.254610538482666,1.3689701557159424,11.825270652770996,409.8583679199219,0.1510878950357437,0.07354395091533661
548,2026-09-01 13:45:40,train,282,full_training,11.444890975952148,0.04844367131590843,387.0,1,0,0.45249625301221386,9.229538917541504,2,32,1217,2304,relu,none,0.0,none,19472,he,5.3281480471293134,2.563436269760132,nonlinear_product,282,3,0.282,768,7.304973602294922,2.4132162489782987,0.026708942165357737,0.0,,gaussian,cpu,cpu,8,,float32,none,small,noisy,high,cpu,small_model__noisy_data__high_volume,0.02,32,adam,1e-05,he,247.24282836914062,80.91627502441406,-1964.783203125,54.355865478515625,11.660429954528809,173.49334030151368,2.432957410812378,2.2546112537384033,3.3063771724700928,24.817289352416992,1873.8631591796875,0.3649119436740875,0.429006427526474
549,2026-09-01 13:45:40,train,282,full_training,11.746068954467773,0.04774102941155434,673.0,1,0,0.7888043370039668,12.455316543579102,2,32,1217,2304,relu,none,0.0,none,19472,orthogonal,3.8164965311686196,3.016789674758911,nonlinear_product,282,3,0.282,768,7.304973602294922,2.4132162489782987,0.026708942165357737,0.0,,gaussian,cpu,cpu,8,,float32,none,small,noisy,high,cpu,small_model__noisy_data__high_volume,0.02,32,adam,1e-05,orthogonal,53.49358367919922,21.684978485107422,-251.9876708984375,49.503028869628906,12.02289867401123,2.4370906829833983,1.799777626991272,1.7139312028884888,1.2119468450546265,9.248922348022461,236.6236114501953,0.15376848727464676,0.0646727979183197
550,2026-09-01 13:45:41,test,283,full_training,1.7951748371124268,0.031171079725027084,18.0,1,0,0.02505289198597893,3.2664730548858643,2,32,1185,2240,relu,none,0.0,none,18960,xavier,3.9327030579249063,2.911090850830078,linear,283,2,0.041,512,2.087400197982788,1.7868982168298764,0.05506298699810374,0.0,,gaussian,cpu,cpu,8,,float32,none,small,clean,medium,cpu,small_model__clean_data__medium_volume,0.02,32,adam,1e-05,xavier,58.31831359863281,12.49468994140625,-53.972267150878906,-158.73294067382812,7.170668125152588,27.29768114089966,1.8821786642074585,1.468858242034912,1.2548381090164185,4.187618732452393,15.521625518798828,0.13691949844360352,0.07089661620557308
551,2026-09-01 13:45:41,test,283,full_training,1.3390671014785767,0.04973054677248001,15.0,1,0,0.018162971013225615,1.980444312095642,2,32,1185,2240,relu,none,0.0,none,18960,he,5.592296163241069,2.8417537212371826,linear,283,2,0.041,512,2.087400197982788,1.7868982168298764,0.05506298699810374,0.0,,gaussian,cpu,cpu,8,,float32,none,small,clean,medium,cpu,small_model__clean_data__medium_volume,0.02,32,adam,1e-05,he,203.48391723632812,27.52406120300293,-235.67556762695312,-158.73294067382812,7.1706671714782715,264.1957588195801,1.8821786642074585,1.4688584804534912,3.6584503650665283,8.901312828063965,72.9676742553711,0.39918550848960876,0.6026212871074677
552,2026-09-01 13:45:41,test,283,full_training,1.8354830741882324,0.02989133819937706,11.0,1,0,0.014822191005805507,2.8005433082580566,2,32,1185,2240,relu,none,0.0,none,18960,orthogonal,3.666666487852732,3.0912060737609863,linear,283,2,0.041,512,2.087400197982788,1.7868982168298764,0.05506298699810374,0.0,,gaussian,cpu,cpu,8,,float32,none,small,clean,medium,cpu,small_model__clean_data__medium_volume,0.02,32,adam,1e-05,orthogonal,35.72531509399414,8.537718772888184,-29.36044692993164,-181.99180603027344,7.285196304321289,-0.2706272125244141,1.3451733589172363,1.313296914100647,1.0661134719848633,2.9938089847564697,12.346991539001465,0.12324971333146095,0.05056268349289894
553,2026-09-01 13:45:41,train,284,full_training,2.3102378845214844,0.0415053591132164,256.0,1,0,0.4273558430140838,7.314175605773926,2,32,1249,2368,relu,none,0.0,none,19984,xavier,4.106595436731975,2.8521344661712646,nonlinear_interaction,284,4,0.246,512,2.1411972045898438,1.7996210902056147,0.03319802731728059,0.0,,gaussian,cpu,cpu,8,,float32,none,small,moderate,medium,cpu,small_model__moderate_data__medium_volume,0.02,32,adam,1e-05,xavier,88.71050262451172,8.921624183654785,-56.264495849609375,74.35491943359375,13.390137672424316,25.6133113861084,3.5169544219970703,3.307777166366577,1.643359899520874,3.767268180847168,117.84902954101562,0.22450506687164307,0.13938410580158234
554,2026-09-01 13:45:41,train,284,full_training,3.4897656440734863,0.047164447605609894,274.0,1,0,0.3273761320160702,7.2828898429870605,2,32,1249,2368,relu,none,0.0,none,19984,he,5.400059739748637,2.908212184906006,nonlinear_interaction,284,4,0.246,512,2.1411972045898438,1.7996210902056147,0.03319802731728059,0.0,,gaussian,cpu,cpu,8,,float32,none,small,moderate,medium,cpu,small_model__moderate_data__medium_volume,0.02,32,adam,1e-05,he,225.21484375,27.40154457092285,-567.310546875,74.35491943359375,13.390130996704102,98.68977966308594,3.5169544219970703,3.3077762126922607,3.4860928058624268,9.247376441955566,711.2739868164062,0.4762471467256546,0.6272284090518951
555,2026-09-01 13:45:42,train,284,full_training,2.397320508956909,0.049898937344551086,177.0,1,0,0.28280095499940217,6.975311756134033,2,32,1249,2368,relu,none,0.0,none,19984,orthogonal,3.9428090254465737,2.9643869400024414,nonlinear_interaction,284,4,0.246,512,2.1411972045898438,1.7996210902056147,0.03319802731728059,0.0,,gaussian,cpu,cpu,8,,float32,none,small,moderate,medium,cpu,small_model__moderate_data__medium_volume,0.02,32,adam,1e-05,orthogonal,68.3827133178711,9.051557540893555,-48.01883316040039,81.21658325195312,15.359713554382324,17.803811264038085,2.045872211456299,1.9774130582809448,1.251476526260376,3.5690414905548096,72.48249816894531,0.19980522245168686,0.093356404453516
556,2026-09-01 13:45:42,train,285,full_training,5.5887346267700195,0.048648010939359665,325.0,1,0,0.4769323710061144,8.745854377746582,2,32,1345,2560,relu,none,0.0,none,21520,xavier,4.824894110361735,2.6007485389709473,nonlinear_product,285,7,0.085,768,5.0219645500183105,2.2258491340914044,0.03227210510797175,0.0,,gaussian,cpu,cpu,8,,float32,none,small,clean,high,cpu,small_model__clean_data__high_volume,0.02,32,adam,1e-05,xavier,222.52198791503906,36.03805160522461,-747.3974609375,114.3078842163086,18.83527946472168,111.3707106590271,6.92949104309082,6.083799839019775,2.1326723098754883,11.459480285644531,343.61065673828125,0.289867103099823,0.21854396909475327
557,2026-09-01 13:45:43,train,285,full_training,11.668899536132812,0.04813643544912338,265.0,1,0,0.39485558099113405,7.483806133270264,2,32,1345,2560,relu,none,0.0,none,21520,he,6.084149400393168,3.0874176025390625,nonlinear_product,285,7,0.085,768,5.0219645500183105,2.2258491340914044,0.03227210510797175,0.0,,gaussian,cpu,cpu,8,,float32,none,small,clean,high,cpu,small_model__clean_data__high_volume,0.02,32,adam,1e-05,he,444.48486328125,102.23117065429688,-5052.24072265625,114.3078842163086,18.83527946472168,304.0380947113037,6.929491996765137,6.083802700042725,3.559528350830078,26.499235153198242,1735.8311767578125,0.48380154371261597,0.6088010668754578
558,2026-09-01 13:45:43,train,285,full_training,4.130321502685547,0.04188474267721176,337.0,1,0,0.5324651770060882,9.378324508666992,2,32,1345,2560,relu,none,0.0,none,21520,orthogonal,4.247219244639079,2.8800108432769775,nonlinear_product,285,7,0.085,768,5.0219645500183105,2.2258491340914044,0.03227210510797175,0.0,,gaussian,cpu,cpu,8,,float32,none,small,clean,high,cpu,small_model__clean_data__high_volume,0.02,32,adam,1e-05,orthogonal,111.43936157226562,18.517173767089844,-307.79766845703125,114.67186737060547,19.701255798339844,77.20364265441894,4.421950340270996,3.8379454612731934,1.538766622543335,8.014294624328613,167.1414794921875,0.24919618666172028,0.13177704066038132
559,2026-09-01 13:45:43,train,286,full_training,3.5126047134399414,0.017760608345270157,33.0,1,0,0.06409959000302479,4.7031121253967285,2,32,1281,2432,relu,none,0.0,none,20496,xavier,4.337605396906535,2.741262674331665,linear,286,5,0.022,256,2.198075771331787,1.812729697325003,0.03844260307830812,0.0,,gaussian,cpu,cpu,8,,float32,none,small,clean,low,cpu,small_model__clean_data__low_volume,0.02,32,adam,1e-05,xavier,116.72314453125,21.66618537902832,-253.06053161621094,100.44705963134766,16.807079315185547,74.17120552062988,3.84596586227417,3.4425039291381836,1.7742568254470825,6.466389179229736,102.19481658935547,0.24562828987836838,0.17113424837589264
560,2026-09-01 13:45:44,train,286,full_training,6.316000461578369,0.022118326276540756,33.0,1,0,0.04294292500708252,4.504728317260742,2,32,1281,2432,relu,none,0.0,none,20496,he,5.668473839759827,3.066263437271118,linear,286,5,0.022,256,2.198075771331787,1.812729697325003,0.03844260307830812,0.0,,gaussian,cpu,cpu,8,,float32,none,small,clean,low,cpu,small_model__clean_data__low_volume,0.02,32,adam,1e-05,he,268.70367431640625,71.18131256103516,-2468.232666015625,100.44705963134766,16.807085037231445,226.7048077583313,3.845966339111328,3.4425039291381836,3.412851095199585,17.98366928100586,695.0991821289062,0.47247549891471863,0.6331967711448669
561,2026-09-01 13:45:44,train,286,full_training,2.736663818359375,0.03604470193386078,23.0,1,0,0.02879255500738509,4.708852767944336,2,32,1281,2432,relu,none,0.0,none,20496,orthogonal,4.054092566172282,2.926488161087036,linear,286,5,0.022,256,2.198075771331787,1.812729697325003,0.03844260307830812,0.0,,gaussian,cpu,cpu,8,,float32,none,small,clean,low,cpu,small_model__clean_data__low_volume,0.02,32,adam,1e-05,orthogonal,84.57994079589844,11.716636657714844,-79.33763122558594,102.78997802734375,16.511886596679688,59.22219619750977,2.8063859939575195,2.6008784770965576,1.317872166633606,4.2783026695251465,98.76370239257812,0.2050669863820076,0.1140749417245388
562,2026-09-01 13:45:44,train,287,full_training,2.9204421043395996,0.038595471531152725,116.0,1,0,0.1881978879973758,5.728074550628662,2,32,1377,2624,relu,none,0.0,none,22032,xavier,4.944721817970276,2.613090753555298,nonlinear_interaction,287,8,0.007,512,1.8096377849578857,1.7155018864264207,0.030049168400097907,0.0,,gaussian,cpu,cpu,8,,float32,none,small,clean,medium,cpu,small_model__clean_data__medium_volume,0.02,32,adam,1e-05,xavier,284.1978759765625,25.491323471069336,-411.64837646484375,106.96111297607422,17.420581817626953,48.25616455078125,17.687955856323242,11.553955078125,2.3335025310516357,7.883660793304443,92.65122985839844,0.3382098525762558,0.32778288424015045
563,2026-09-01 13:45:44,train,287,full_training,4.660461902618408,0.03687969595193863,116.0,1,0,0.17872627297765575,5.567726135253906,2,32,1377,2624,relu,none,0.0,none,22032,he,6.131039500236511,3.138056993484497,nonlinear_interaction,287,8,0.007,512,1.8096377849578857,1.7155018864264207,0.030049168400097907,0.0,,gaussian,cpu,cpu,8,,float32,none,small,clean,medium,cpu,small_model__clean_data__medium_volume,0.02,32,adam,1e-05,he,537.7823486328125,69.71924591064453,-2778.82373046875,106.96111297607422,17.420578002929688,120.86816596984863,17.687978744506836,11.553949356079102,3.689591407775879,18.66615104675293,705.29638671875,0.5347567796707153,0.8194572031497955
564,2026-09-01 13:45:44,train,287,full_training,2.0095152854919434,0.04477902501821518,146.0,1,0,0.19693351100431755,6.248994827270508,2,32,1377,2624,relu,none,0.0,none,22032,orthogonal,4.333333333333333,2.8674416542053223,nonlinear_interaction,287,8,0.007,512,1.8096377849578857,1.7155018864264207,0.030049168400097907,0.0,,gaussian,cpu,cpu,8,,float32,none,small,clean,medium,cpu,small_model__clean_data__medium_volume,0.02,32,adam,1e-05,orthogonal,140.87918090820312,12.447892189025879,-126.85440063476562,124.96295166015625,18.9660587310791,71.08497505187988,6.395106315612793,5.413138389587402,1.5341174602508545,4.887978553771973,32.38679122924805,0.2803630232810974,0.18616453558206558
565,2026-09-01 13:45:46,train,288,full_training,7.723659515380859,0.16798801720142365,,0,0,1.2634050589986145,12.193359375,2,32,1281,2432,relu,none,0.0,none,20496,xavier,4.337605396906535,2.741262674331665,nonlinear_product,288,5,0.283,768,4.572140216827393,2.1789292402345275,0.028905462422119742,0.0,,gaussian,cpu,cpu,8,,float32,none,small,noisy,high,cpu,small_model__noisy_data__high_volume,0.02,32,adam,1e-05,xavier,116.72314453125,10.26677417755127,-18.94683074951172,96.90563201904297,17.005285263061523,60.96685638427734,3.811835765838623,3.8089282512664795,1.7537649869918823,4.105461597442627,100.08674621582031,0.2296895980834961,0.14552011340856552
566,2026-09-01 13:45:47,train,288,full_training,7.364223003387451,0.16072401404380798,,0,0,1.0229538480052724,11.96955680847168,2,32,1281,2432,relu,none,0.0,none,20496,he,5.668473839759827,3.066263437271118,nonlinear_product,288,5,0.283,768,4.572140216827393,2.1789292402345275,0.028905462422119742,0.0,,gaussian,cpu,cpu,8,,float32,none,small,noisy,high,cpu,small_model__noisy_data__high_volume,0.02,32,adam,1e-05,he,268.70367431640625,20.065988540649414,-98.61021423339844,96.90563201904297,17.005285263061523,192.7085754394531,3.8118362426757812,3.808928966522217,3.37343430519104,5.362870216369629,264.1483154296875,0.4418168067932129,0.538424476981163
567,2026-09-01 13:45:48,train,288,full_training,7.704590320587158,0.17490670084953308,,0,0,1.0002299290208612,10.90987491607666,2,32,1281,2432,relu,none,0.0,none,20496,orthogonal,4.054092566172282,2.926488161087036,nonlinear_product,288,5,0.283,768,4.572140216827393,2.1789292402345275,0.028905462422119742,0.0,,gaussian,cpu,cpu,8,,float32,none,small,noisy,high,cpu,small_model__noisy_data__high_volume,0.02,32,adam,1e-05,orthogonal,84.57994079589844,8.953786849975586,-35.223876953125,99.2219009399414,16.887245178222656,24.12450566291809,2.8210608959198,2.6759636402130127,1.314056634902954,4.247426986694336,69.91836547851562,0.19108550995588303,0.09710784256458282
568,2026-09-01 13:45:48,train,289,full_training,0.7812761068344116,0.037150122225284576,37.0,1,0,0.04558220200124197,3.8260631561279297,2,32,1249,2368,relu,none,0.0,none,19984,xavier,4.106595436731975,2.8521344661712646,linear,289,4,0.243,384,1.958388328552246,1.7549994600210623,0.02582458300544382,0.0,,gaussian,cpu,cpu,8,,float32,none,small,moderate,medium,cpu,small_model__moderate_data__medium_volume,0.02,32,adam,1e-05,xavier,88.71050262451172,7.2354583740234375,-29.540252685546875,67.23902130126953,13.57509708404541,34.72516632080078,3.3451571464538574,3.1744577884674072,1.6466295719146729,2.703019857406616,54.74911117553711,0.20816107094287872,0.12370176240801811
569,2026-09-01 13:45:48,train,289,full_training,0.9368444681167603,0.0471072718501091,62.0,1,0,0.08283220898010768,4.0647873878479,2,32,1249,2368,relu,none,0.0,none,19984,he,5.400059739748637,2.908212184906006,linear,289,4,0.243,384,1.958388328552246,1.7549994600210623,0.02582458300544382,0.0,,gaussian,cpu,cpu,8,,float32,none,small,moderate,medium,cpu,small_model__moderate_data__medium_volume,0.02,32,adam,1e-05,he,225.21484375,27.949806213378906,-578.7446899414062,67.23902130126953,13.57509708404541,108.17119140625,3.3451571464538574,3.1744565963745117,3.4930288791656494,7.922244548797607,124.34119415283203,0.4415763020515442,0.5566579103469849
570,2026-09-01 13:45:48,train,289,full_training,0.9645078182220459,0.04488633945584297,51.0,1,0,0.06364736700197682,4.028014659881592,2,32,1249,2368,relu,none,0.0,none,19984,orthogonal,3.9428090254465737,2.9643869400024414,linear,289,4,0.243,384,1.958388328552246,1.7549994600210623,0.02582458300544382,0.0,,gaussian,cpu,cpu,8,,float32,none,small,moderate,medium,cpu,small_model__moderate_data__medium_volume,0.02,32,adam,1e-05,orthogonal,68.3827133178711,6.903363227844238,-30.6239013671875,83.68987274169922,15.163224220275879,34.84068727493286,1.9571994543075562,1.8455909490585327,1.2398104667663574,2.692403793334961,52.855255126953125,0.19003211706876755,0.08709227293729782
571,2026-09-01 13:45:49,train,290,full_training,2.776292562484741,0.046591293066740036,340.0,1,0,0.49586041300790384,8.20373249053955,2,32,1377,2624,relu,none,0.0,none,22032,xavier,4.944721817970276,2.613090753555298,nonlinear_interaction,290,8,0.283,768,1.9868851900100708,1.7622226238705014,0.03346148591024935,0.0,,gaussian,cpu,cpu,8,,float32,none,small,noisy,high,cpu,small_model__noisy_data__high_volume,0.02,32,adam,1e-05,xavier,284.1978759765625,21.9179744720459,-251.2919464111328,108.67269134521484,17.164810180664062,70.2136450767517,1376229.875,12.438736915588379,2.448173761367798,6.0148234367370605,638.63037109375,0.37508949637413025,0.367694228887558
572,2026-09-01 13:45:50,train,290,full_training,5.073317050933838,0.04985390603542328,491.0,1,0,0.8676491810183506,8.212384223937988,2,32,1377,2624,relu,none,0.0,none,22032,he,6.131039500236511,3.138056993484497,nonlinear_interaction,290,8,0.283,768,1.9868851900100708,1.7622226238705014,0.03346148591024935,0.0,,gaussian,cpu,cpu,8,,float32,none,small,noisy,high,cpu,small_model__noisy_data__high_volume,0.02,32,adam,1e-05,he,537.7823486328125,59.30730438232422,-1797.3802490234375,108.67269134521484,17.164810180664062,150.1088312149048,1315128.25,12.438740730285645,3.8709027767181396,14.793344497680664,2082.962646484375,0.5930685997009277,0.9192355871200562
573,2026-09-01 13:45:50,train,290,full_training,2.0536866188049316,0.04585922509431839,490.0,1,0,0.6770451990014408,10.146678924560547,2,32,1377,2624,relu,none,0.0,none,22032,orthogonal,4.333333333333333,2.8674416542053223,nonlinear_interaction,290,8,0.283,768,1.9868851900100708,1.7622226238705014,0.03346148591024935,0.0,,gaussian,cpu,cpu,8,,float32,none,small,noisy,high,cpu,small_model__noisy_data__high_volume,0.02,32,adam,1e-05,orthogonal,140.87918090820312,8.814815521240234,-56.256378173828125,118.06177520751953,18.425554275512695,62.111606979370116,1715641.875,5.019831657409668,1.5542930364608765,3.181417465209961,218.4785919189453,0.30193066596984863,0.21031510829925537
574,2026-09-01 13:45:51,train,291,full_training,9.811931610107422,0.048957761377096176,143.0,1,0,0.1865015100047458,8.399759292602539,2,32,1313,2496,relu,none,0.0,none,21008,xavier,4.628277778625488,2.699293613433838,nonlinear_product,291,6,0.22,256,7.976123332977295,2.4571647809802633,0.06099392654899505,0.0,,gaussian,cpu,cpu,8,,float32,none,small,moderate,low,cpu,small_model__moderate_data__low_volume,0.02,32,adam,1e-05,xavier,180.12289428710938,16.390960693359375,-103.41963195800781,107.64667510986328,18.055402755737305,71.08455276489258,4.817446708679199,4.539742469787598,1.8237251043319702,5.647050380706787,64.83515167236328,0.26166027039289474,0.18750407546758652
575,2026-09-01 13:45:51,train,291,full_training,9.874785423278809,0.049078576266765594,225.0,1,0,0.28360356998746283,7.808348655700684,2,32,1313,2496,relu,none,0.0,none,21008,he,5.945054133733113,3.1431682109832764,nonlinear_product,291,6,0.22,256,7.976123332977295,2.4571647809802633,0.06099392654899505,0.0,,gaussian,cpu,cpu,8,,float32,none,small,moderate,low,cpu,small_model__moderate_data__low_volume,0.02,32,adam,1e-05,he,383.60638427734375,35.66026306152344,-403.2699279785156,107.64667510986328,18.05539894104004,145.58285217285157,4.817446708679199,4.539740085601807,3.24534273147583,9.910653114318848,361.6811218261719,0.46562787890434265,0.5937629193067551
576,2026-09-01 13:45:51,train,291,full_training,9.857088088989258,0.042988941073417664,286.0,1,0,0.3519365899846889,10.145963668823242,2,32,1313,2496,relu,none,0.0,none,21008,orthogonal,4.154700259367625,2.899160146713257,nonlinear_product,291,6,0.22,256,7.976123332977295,2.4571647809802633,0.06099392654899505,0.0,,gaussian,cpu,cpu,8,,float32,none,small,moderate,low,cpu,small_model__moderate_data__low_volume,0.02,32,adam,1e-05,orthogonal,108.75711059570312,11.613140106201172,-86.02796936035156,112.97989654541016,17.733640670776367,27.315532684326172,3.705435276031494,3.4835002422332764,1.4253616333007812,5.197266578674316,22.092252731323242,0.23081185668706894,0.13296645879745483
577,2026-09-01 13:45:51,train,292,full_training,1.112470269203186,0.04992470517754555,43.0,1,0,0.052404949004994705,3.77278208732605,2,32,1217,2304,relu,none,0.0,none,19472,xavier,3.998493274052938,2.7725577354431152,linear,292,3,0.23,384,2.0583584308624268,1.7798929266562422,0.03745381126534066,0.0,,gaussian,cpu,cpu,8,,float32,none,small,moderate,medium,cpu,small_model__moderate_data__medium_volume,0.02,32,adam,1e-05,xavier,85.53611755371094,9.470629692077637,-34.48677062988281,58.987918853759766,12.026766777038574,55.68181190490723,2.423686981201172,2.5323281288146973,1.29384183883667,2.9612843990325928,82.98737335205078,0.15841788053512573,0.07543337717652321
578,2026-09-01 13:45:51,train,292,full_training,0.6641759276390076,0.04495393857359886,36.0,1,0,0.048218705982435495,2.99018931388855,2,32,1217,2304,relu,none,0.0,none,19472,he,5.3281480471293134,2.563436269760132,linear,292,3,0.23,384,2.0583584308624268,1.7798929266562422,0.03745381126534066,0.0,,gaussian,cpu,cpu,8,,float32,none,small,moderate,medium,cpu,small_model__moderate_data__medium_volume,0.02,32,adam,1e-05,he,247.24282836914062,29.596967697143555,-291.6123352050781,58.987918853759766,12.026766777038574,221.41002655029297,2.423686981201172,2.5323283672332764,3.124925136566162,7.147522926330566,377.82025146484375,0.3826155811548233,0.4400281012058258
579,2026-09-01 13:45:52,train,292,full_training,1.171015739440918,0.047908343374729156,44.0,1,0,0.05423974400036968,4.676263332366943,2,32,1217,2304,relu,none,0.0,none,19472,orthogonal,3.8164965311686196,3.016789674758911,linear,292,3,0.23,384,2.0583584308624268,1.7798929266562422,0.03745381126534066,0.0,,gaussian,cpu,cpu,8,,float32,none,small,moderate,medium,cpu,small_model__moderate_data__medium_volume,0.02,32,adam,1e-05,orthogonal,53.49358367919922,8.532523155212402,-33.94573974609375,48.989341735839844,12.572010040283203,36.20269966125488,1.7788666486740112,1.7056983709335327,1.1858330965042114,2.8254711627960205,50.3170051574707,0.16129030287265778,0.06660345382988453
580,2026-09-01 13:45:52,train,293,full_training,4.2044358253479,0.03874880447983742,179.0,1,0,0.20123483502538875,6.970752239227295,2,32,1345,2560,relu,none,0.0,none,21520,xavier,4.824894110361735,2.6007485389709473,nonlinear_interaction,293,7,0.141,384,2.438977003097534,1.8647278783871888,0.04165714081559315,0.0,,gaussian,cpu,cpu,8,,float32,none,small,moderate,medium,cpu,small_model__moderate_data__medium_volume,0.02,32,adam,1e-05,xavier,222.52198791503906,39.81853485107422,-879.5462646484375,110.85348510742188,18.85652732849121,107.50404357910156,9.250699043273926,5.8445868492126465,2.0947604179382324,11.574199676513672,114.6715316772461,0.30577969551086426,0.25705405324697495
581,2026-09-01 13:45:52,train,293,full_training,7.749216556549072,0.044277969747781754,204.0,1,0,0.23983091599075124,6.30718994140625,2,32,1345,2560,relu,none,0.0,none,21520,he,6.084149400393168,3.0874176025390625,nonlinear_interaction,293,7,0.141,384,2.438977003097534,1.8647278783871888,0.04165714081559315,0.0,,gaussian,cpu,cpu,8,,float32,none,small,moderate,medium,cpu,small_model__moderate_data__medium_volume,0.02,32,adam,1e-05,he,444.48486328125,119.74684143066406,-6997.7275390625,110.85348510742188,18.856531143188477,321.1393478393555,9.250699043273926,5.844590187072754,3.496251344680786,29.848987579345703,1202.7445068359375,0.5103603601455688,0.7160792052745819
582,2026-09-01 13:45:52,train,293,full_training,3.0180327892303467,0.048205550760030746,173.0,1,0,0.1927032230014447,7.211504936218262,2,32,1345,2560,relu,none,0.0,none,21520,orthogonal,4.247219244639079,2.8800108432769775,nonlinear_interaction,293,7,0.141,384,2.438977003097534,1.8647278783871888,0.04165714081559315,0.0,,gaussian,cpu,cpu,8,,float32,none,small,moderate,medium,cpu,small_model__moderate_data__medium_volume,0.02,32,adam,1e-05,orthogonal,111.43936157226562,19.792844772338867,-360.35577392578125,119.17914581298828,19.109607696533203,86.2126522064209,4.098191738128662,3.9653215408325195,1.5469934940338135,7.945558071136475,41.95596694946289,0.2791449576616287,0.17725151032209396
583,2026-09-01 13:45:53,train,294,full_training,6.052199363708496,0.039582736790180206,137.0,1,0,0.15113704800023697,7.656021595001221,2,32,1249,2368,relu,none,0.0,none,19984,xavier,4.106595436731975,2.8521344661712646,nonlinear_product,294,4,0.01,384,4.40212869644165,2.159982642494246,0.038461250467814935,0.0,,gaussian,cpu,cpu,8,,float32,none,small,clean,medium,cpu,small_model__clean_data__medium_volume,0.02,32,adam,1e-05,xavier,88.71050262451172,18.80104637145996,-264.9974060058594,66.87654113769531,13.669032096862793,12.367759704589844,3.261967182159424,3.168255090713501,1.676149606704712,7.789888858795166,51.50572967529297,0.20284125953912735,0.11073901504278183
584,2026-09-01 13:45:53,train,294,full_training,9.423799514770508,0.04697643965482712,145.0,1,0,0.15882461000001058,6.940123081207275,2,32,1249,2368,relu,none,0.0,none,19984,he,5.400059739748637,2.908212184906006,nonlinear_product,294,4,0.01,384,4.40212869644165,2.159982642494246,0.038461250467814935,0.0,,gaussian,cpu,cpu,8,,float32,none,small,clean,medium,cpu,small_model__clean_data__medium_volume,0.02,32,adam,1e-05,he,225.21484375,62.25663757324219,-2440.97802734375,66.87654113769531,13.669032096862793,69.11183166503906,3.261967182159424,3.1682522296905518,3.555650472640991,19.589550018310547,412.145263671875,0.4302912950515747,0.49832554161548615
585,2026-09-01 13:45:53,train,294,full_training,5.153189182281494,0.03226318955421448,145.0,1,0,0.17294046300230548,7.690481185913086,2,32,1249,2368,relu,none,0.0,none,19984,orthogonal,3.9428090254465737,2.9643869400024414,nonlinear_product,294,4,0.01,384,4.40212869644165,2.159982642494246,0.038461250467814935,0.0,,gaussian,cpu,cpu,8,,float32,none,small,clean,medium,cpu,small_model__clean_data__medium_volume,0.02,32,adam,1e-05,orthogonal,68.3827133178711,13.709714889526367,-140.72235107421875,79.80335235595703,15.00429630279541,2.049359130859375,2.1526520252227783,2.0578157901763916,1.2726786136627197,6.223111152648926,26.428194046020508,0.18226483464241028,0.08005469292402267
586,2026-09-01 13:45:53,train,295,full_training,1.3904918432235718,0.04852064698934555,36.0,1,0,0.040934652992291376,3.7941815853118896,2,32,1249,2368,relu,none,0.0,none,19984,xavier,4.106595436731975,2.8521344661712646,linear,295,4,0.242,768,2.0432424545288086,1.7762075254697505,0.02362522583895463,0.0,,gaussian,cpu,cpu,8,,float32,none,small,moderate,high,cpu,small_model__moderate_data__high_volume,0.02,32,adam,1e-05,xavier,88.71050262451172,5.678436279296875,-11.693578720092773,66.2292251586914,13.538172721862793,37.06574821472168,3.295483112335205,3.0867481231689453,1.601905107498169,1.8384013175964355,14.715017318725586,0.20137424767017365,0.11530556157231331
587,2026-09-01 13:45:53,train,295,full_training,1.2282723188400269,0.0414448119699955,36.0,1,0,0.03366068901959807,3.809675693511963,2,32,1249,2368,relu,none,0.0,none,19984,he,5.400059739748637,2.908212184906006,linear,295,4,0.242,768,2.0432424545288086,1.7762075254697505,0.02362522583895463,0.0,,gaussian,cpu,cpu,8,,float32,none,small,moderate,high,cpu,small_model__moderate_data__high_volume,0.02,32,adam,1e-05,he,225.21484375,19.751502990722656,-317.6378479003906,66.2292251586914,13.538172721862793,105.90863494873047,3.295483112335205,3.0867483615875244,3.398153781890869,5.529423713684082,149.7063751220703,0.4271792620420456,0.5188749730587006
588,2026-09-01 13:45:53,train,295,full_training,1.79929780960083,0.047650448977947235,25.0,1,0,0.026519459002884105,3.798513412475586,2,32,1249,2368,relu,none,0.0,none,19984,orthogonal,3.9428090254465737,2.9643869400024414,linear,295,4,0.242,768,2.0432424545288086,1.7762075254697505,0.02362522583895463,0.0,,gaussian,cpu,cpu,8,,float32,none,small,moderate,high,cpu,small_model__moderate_data__high_volume,0.02,32,adam,1e-05,orthogonal,68.3827133178711,5.964605331420898,-15.56786823272705,82.81613159179688,15.514033317565918,33.636165618896484,2.007676601409912,1.9888958930969238,1.2639498710632324,2.0020010471343994,9.612144470214844,0.17879223078489304,0.07724370434880257
589,2026-09-01 13:45:53,train,296,full_training,1.1652960777282715,0.04681083559989929,230.0,1,0,0.24593952199211344,7.133320331573486,2,32,1249,2368,relu,none,0.0,none,19984,xavier,4.106595436731975,2.8521344661712646,nonlinear_interaction,296,4,0.283,512,1.9085450172424316,1.7421091235478006,0.044004023447835605,0.0,,gaussian,cpu,cpu,8,,float32,none,small,noisy,medium,cpu,small_model__noisy_data__medium_volume,0.02,32,adam,1e-05,xavier,88.71050262451172,8.805680274963379,-54.60472869873047,70.05239868164062,14.084922790527344,22.121160793304444,3.2821152210235596,3.1744577884674072,1.5924829244613647,3.358722686767578,33.67524337768555,0.18823184072971344,0.10516636073589325
590,2026-09-01 13:45:54,train,296,full_training,1.7208991050720215,0.0442800298333168,226.0,1,0,0.34786352299852297,6.325171947479248,2,32,1249,2368,relu,none,0.0,none,19984,he,5.400059739748637,2.908212184906006,nonlinear_interaction,296,4,0.283,512,1.9085450172424316,1.7421091235478006,0.044004023447835605,0.0,,gaussian,cpu,cpu,8,,float32,none,small,noisy,medium,cpu,small_model__noisy_data__medium_volume,0.02,32,adam,1e-05,he,225.21484375,31.488759994506836,-662.2798461914062,70.05239868164062,14.084922790527344,75.89502449035645,3.2821149826049805,3.1744565963745117,3.3781661987304688,9.574824333190918,266.0567626953125,0.3992999941110611,0.47324858605861664
591,2026-09-01 13:45:54,train,296,full_training,1.1901389360427856,0.04554455354809761,230.0,1,0,0.4425141520041507,7.111583232879639,2,32,1249,2368,relu,none,0.0,none,19984,orthogonal,3.9428090254465737,2.9643869400024414,nonlinear_interaction,296,4,0.283,512,1.9085450172424316,1.7421091235478006,0.044004023447835605,0.0,,gaussian,cpu,cpu,8,,float32,none,small,noisy,medium,cpu,small_model__noisy_data__medium_volume,0.02,32,adam,1e-05,orthogonal,68.3827133178711,7.451114654541016,-38.31745529174805,80.6595230102539,15.264867782592773,12.561065864562988,2.0538489818573,1.9441639184951782,1.2362260818481445,2.9051408767700195,21.06350326538086,0.16988462209701538,0.07633092254400253
592,2026-09-01 13:45:55,test,297,full_training,11.718138694763184,0.038814567029476166,314.0,1,0,0.4016526570194401,7.852266788482666,2,32,1345,2560,relu,none,0.0,none,21520,xavier,4.824894110361735,2.6007485389709473,nonlinear_product,297,7,0.11,768,3.9159767627716064,2.101470928570299,0.0442303326484331,0.0,,gaussian,cpu,cpu,8,,float32,none,small,moderate,high,cpu,small_model__moderate_data__high_volume,0.02,32,adam,1e-05,xavier,222.52198791503906,49.24260330200195,-1510.656982421875,113.96170043945312,17.952457427978516,113.88357763290405,8.278295516967773,6.610235214233398,2.084538698196411,16.448158264160156,1219.0181884765625,0.31187382340431213,0.2755402624607086
593,2026-09-01 13:45:55,test,297,full_training,16.9313907623291,0.04805055260658264,434.0,1,0,0.5612657179881353,7.879445552825928,2,32,1345,2560,relu,none,0.0,none,21520,he,6.084149400393168,3.0874176025390625,nonlinear_product,297,7,0.11,768,3.9159767627716064,2.101470928570299,0.0442303326484331,0.0,,gaussian,cpu,cpu,8,,float32,none,small,moderate,high,cpu,small_model__moderate_data__high_volume,0.02,32,adam,1e-05,he,444.48486328125,136.240966796875,-9641.5283203125,113.96170043945312,17.952457427978516,330.81403198242185,8.278297424316406,6.610235691070557,3.4791908264160156,37.19623947143555,4416.375,0.5205317586660385,0.7675764858722687
594,2026-09-01 13:45:56,test,297,full_training,10.183855056762695,0.04856797307729721,268.0,1,0,0.3139446089917328,8.469401359558105,2,32,1345,2560,relu,none,0.0,none,21520,orthogonal,4.247219244639079,2.8800108432769775,nonlinear_product,297,7,0.11,768,3.9159767627716064,2.101470928570299,0.0442303326484331,0.0,,gaussian,cpu,cpu,8,,float32,none,small,moderate,high,cpu,small_model__moderate_data__high_volume,0.02,32,adam,1e-05,orthogonal,111.43936157226562,25.552305221557617,-603.3191528320312,115.67963409423828,18.508949279785156,105.12427368164063,4.780645847320557,3.941706657409668,1.5394163131713867,11.239073753356934,719.121826171875,0.2689601480960846,0.17087385803461075
595,2026-09-01 13:45:56,train,298,full_training,0.7153024077415466,0.04510549455881119,29.0,1,0,0.0386220540094655,3.769444227218628,2,32,1217,2304,relu,none,0.0,none,19472,xavier,3.998493274052938,2.7725577354431152,linear,298,3,0.166,384,2.151732921600342,1.8020752969719631,0.05383914474466487,0.0,,gaussian,cpu,cpu,8,,float32,none,small,moderate,medium,cpu,small_model__moderate_data__medium_volume,0.02,32,adam,1e-05,xavier,85.53611755371094,9.927953720092773,-35.516029357910156,47.40074157714844,12.079587936401367,40.34161376953125,2.3509562015533447,2.322357177734375,1.296657681465149,3.1710925102233887,150.7904815673828,0.16516590863466263,0.07839944958686829
596,2026-09-01 13:45:56,train,298,full_training,0.4880448877811432,0.04676913470029831,19.0,1,0,0.01812757199513726,2.6376094818115234,2,32,1217,2304,relu,none,0.0,none,19472,he,5.3281480471293134,2.563436269760132,linear,298,3,0.166,384,2.151732921600342,1.8020752969719631,0.05383914474466487,0.0,,gaussian,cpu,cpu,8,,float32,none,small,moderate,medium,cpu,small_model__moderate_data__medium_volume,0.02,32,adam,1e-05,he,247.24282836914062,26.779037475585938,-195.7896728515625,47.40074157714844,12.079587936401367,177.18696136474608,2.3509559631347656,2.322356700897217,3.131725788116455,6.635800838470459,629.9047241210938,0.3989136070013046,0.4573301821947098
597,2026-09-01 13:45:56,train,298,full_training,0.7725937962532043,0.04869573563337326,29.0,1,0,0.030504390015266836,4.417761325836182,2,32,1217,2304,relu,none,0.0,none,19472,orthogonal,3.8164965311686196,3.016789674758911,linear,298,3,0.166,384,2.151732921600342,1.8020752969719631,0.05383914474466487,0.0,,gaussian,cpu,cpu,8,,float32,none,small,moderate,medium,cpu,small_model__moderate_data__medium_volume,0.02,32,adam,1e-05,orthogonal,53.49358367919922,8.680745124816895,-27.137638092041016,48.999717712402344,12.076998710632324,33.63740348815918,1.8679609298706055,1.7260966300964355,1.217704176902771,2.820396900177002,95.43408203125,0.17256196588277817,0.07152329385280609
598,2026-09-01 13:45:56,train,299,full_training,1.9762529134750366,0.044966958463191986,146.0,1,0,0.17749906799872406,6.0580010414123535,2,32,1313,2496,relu,none,0.0,none,21008,xavier,4.628277778625488,2.699293613433838,nonlinear_interaction,299,6,0.177,384,2.37312650680542,1.8510426766793668,0.02817409068491897,0.0,,gaussian,cpu,cpu,8,,float32,none,small,moderate,medium,cpu,small_model__moderate_data__medium_volume,0.02,32,adam,1e-05,xavier,180.12289428710938,12.267424583435059,-50.80876159667969,98.0293197631836,16.731779098510742,49.39994430541992,5.256872653961182,4.934629917144775,1.890556812286377,3.9117655754089355,114.92578887939453,0.2980329841375351,0.24844995886087418
599,2026-09-01 13:45:56,train,299,full_training,2.3516685962677,0.03943780064582825,146.0,1,0,0.16441760800080374,5.768643379211426,2,32,1313,2496,relu,none,0.0,none,21008,he,5.945054133733113,3.1431682109832764,nonlinear_interaction,299,6,0.177,384,2.37312650680542,1.8510426766793668,0.02817409068491897,0.0,,gaussian,cpu,cpu,8,,float32,none,small,moderate,medium,cpu,small_model__moderate_data__medium_volume,0.02,32,adam,1e-05,he,383.60638427734375,26.35101318359375,-155.93414306640625,98.0293197631836,16.731775283813477,133.18744246959687,5.256873607635498,4.934628009796143,3.3642709255218506,6.648930549621582,414.45233154296875,0.5303535908460617,0.7867582142353058
600,2026-09-01 13:45:57,train,299,full_training,1.9909709692001343,0.04714934527873993,147.0,1,0,0.16816865300643258,6.574611663818359,2,32,1313,2496,relu,none,0.0,none,21008,orthogonal,4.154700259367625,2.899160146713257,nonlinear_interaction,299,6,0.177,384,2.37312650680542,1.8510426766793668,0.02817409068491897,0.0,,gaussian,cpu,cpu,8,,float32,none,small,moderate,medium,cpu,small_model__moderate_data__medium_volume,0.02,32,adam,1e-05,orthogonal,108.75711059570312,9.714672088623047,-83.38444519042969,117.59090423583984,17.7468204498291,39.40875091552734,3.7622179985046387,3.7147059440612793,1.4450827836990356,4.4977946281433105,78.21259307861328,0.23627452552318573,0.14483138173818588
601,2026-09-01 13:45:57,train,300,full_training,8.182080268859863,0.04951914772391319,138.0,1,0,0.14821832100278698,6.831635475158691,2,32,1345,2560,relu,none,0.0,none,21520,xavier,4.824894110361735,2.6007485389709473,nonlinear_product,300,7,0.107,256,4.008393287658691,2.1131337755206236,0.055256810180124884,0.0,,gaussian,cpu,cpu,8,,float32,none,small,moderate,low,cpu,small_model__moderate_data__low_volume,0.02,32,adam,1e-05,xavier,222.52198791503906,47.50621032714844,-1341.5528564453125,107.17501831054688,18.117931365966797,103.79891662597656,7.732295989990234,6.510652542114258,2.241982936859131,15.406859397888184,1042.289306640625,0.28724104166030884,0.21062565594911575
602,2026-09-01 13:45:57,train,300,full_training,13.364463806152344,0.034503161907196045,185.0,1,0,0.20732985099311918,6.585085391998291,2,32,1345,2560,relu,none,0.0,none,21520,he,6.084149400393168,3.0874176025390625,nonlinear_product,300,7,0.107,256,4.008393287658691,2.1131337755206236,0.055256810180124884,0.0,,gaussian,cpu,cpu,8,,float32,none,small,moderate,low,cpu,small_model__moderate_data__low_volume,0.02,32,adam,1e-05,he,444.48486328125,131.21524047851562,-8814.458984375,107.17501831054688,18.117931365966797,295.73864250183107,7.732295989990234,6.510648727416992,3.7419722080230713,35.452293395996094,5512.5966796875,0.4794185608625412,0.5867429375648499
603,2026-09-01 13:45:57,train,300,full_training,6.840834617614746,0.044685013592243195,124.0,1,0,0.15529723299550824,7.3052897453308105,2,32,1345,2560,relu,none,0.0,none,21520,orthogonal,4.247219244639079,2.8800108432769775,nonlinear_product,300,7,0.107,256,4.008393287658691,2.1131337755206236,0.055256810180124884,0.0,,gaussian,cpu,cpu,8,,float32,none,small,moderate,low,cpu,small_model__moderate_data__low_volume,0.02,32,adam,1e-05,orthogonal,111.43936157226562,22.720537185668945,-481.5771484375,117.18585968017578,18.673933029174805,86.16772537231445,4.426316738128662,3.6430325508117676,1.5158865451812744,10.029764175415039,387.4368896484375,0.24756242334842682,0.1361578032374382
604,2026-09-01 13:45:57,train,301,full_training,3.7286176681518555,0.046547070145606995,32.0,1,0,0.03849883397924714,4.970829010009766,2,32,1281,2432,relu,none,0.0,none,20496,xavier,4.337605396906535,2.741262674331665,linear,301,5,0.188,768,1.8860927820205688,1.7361922222717137,0.0378481817434585,0.0,,gaussian,cpu,cpu,8,,float32,none,small,moderate,high,cpu,small_model__moderate_data__high_volume,0.02,32,adam,1e-05,xavier,116.72314453125,15.779985427856445,-163.55288696289062,95.28311157226562,17.145648956298828,77.34433670043946,3.6870503425598145,3.1470272541046143,1.6924809217453003,5.143313407897949,135.827392578125,0.24488801509141922,0.16803286969661713
605,2026-09-01 13:45:58,train,301,full_training,5.4043731689453125,0.04130516201257706,37.0,1,0,0.044942617998458445,4.737213611602783,2,32,1281,2432,relu,none,0.0,none,20496,he,5.668473839759827,3.066263437271118,linear,301,5,0.188,768,1.8860927820205688,1.7361922222717137,0.0378481817434585,0.0,,gaussian,cpu,cpu,8,,float32,none,small,moderate,high,cpu,small_model__moderate_data__high_volume,0.02,32,adam,1e-05,he,268.70367431640625,54.65108108520508,-1693.5863037109375,95.28311157226562,17.145652770996094,240.92873153686523,3.6870503425598145,3.147026538848877,3.255551815032959,14.770063400268555,1294.1141357421875,0.47105152904987335,0.6217216551303864
606,2026-09-01 13:45:58,train,301,full_training,3.1705851554870605,0.0361701101064682,32.0,1,0,0.03473290099645965,5.017881393432617,2,32,1281,2432,relu,none,0.0,none,20496,orthogonal,4.054092566172282,2.926488161087036,linear,301,5,0.188,768,1.8860927820205688,1.7361922222717137,0.0378481817434585,0.0,,gaussian,cpu,cpu,8,,float32,none,small,moderate,high,cpu,small_model__moderate_data__high_volume,0.02,32,adam,1e-05,orthogonal,84.57994079589844,8.02787971496582,-50.69651412963867,97.15812683105469,17.354900360107422,34.00096054077149,2.910778760910034,2.6565515995025635,1.3188769817352295,3.186110734939575,37.61273193359375,0.1978144496679306,0.10405222326517105
607,2026-09-01 13:45:58,train,302,full_training,3.776806354522705,0.04753852263092995,221.0,1,0,0.288772219006205,6.90415096282959,2,32,1377,2624,relu,none,0.0,none,22032,xavier,4.944721817970276,2.613090753555298,nonlinear_interaction,302,8,0.162,768,1.868015170097351,1.7313767636100732,0.035962502475791684,0.0,,gaussian,cpu,cpu,8,,float32,none,small,moderate,high,cpu,small_model__moderate_data__high_volume,0.02,32,adam,1e-05,xavier,284.1978759765625,20.676939010620117,-278.68890380859375,101.90222930908203,16.743408203125,71.13183135986328,349271.78125,12.48066234588623,2.4165987968444824,6.315962314605713,233.96575927734375,0.3323361277580261,0.32837289571762085
608,2026-09-01 13:45:58,train,302,full_training,6.072178840637207,0.029113348573446274,365.0,1,0,0.4015513650083449,6.983818054199219,2,32,1377,2624,relu,none,0.0,none,22032,he,6.131039500236511,3.138056993484497,nonlinear_interaction,302,8,0.162,768,1.868015170097351,1.7313767636100732,0.035962502475791684,0.0,,gaussian,cpu,cpu,8,,float32,none,small,moderate,high,cpu,small_model__moderate_data__high_volume,0.02,32,adam,1e-05,he,537.7823486328125,58.312095642089844,-1911.13916015625,101.90222930908203,16.743404388427734,166.38321838378906,668419.25,12.480666160583496,3.8209776878356934,15.29727554321289,931.6171875,0.5254695564508438,0.8209322690963745
609,2026-09-01 13:45:59,train,302,full_training,2.6860404014587402,0.047498442232608795,195.0,1,0,0.2325702419911977,7.4993181228637695,2,32,1377,2624,relu,none,0.0,none,22032,orthogonal,4.333333333333333,2.8674416542053223,nonlinear_interaction,302,8,0.162,768,1.868015170097351,1.7313767636100732,0.035962502475791684,0.0,,gaussian,cpu,cpu,8,,float32,none,small,moderate,high,cpu,small_model__moderate_data__high_volume,0.02,32,adam,1e-05,orthogonal,140.87918090820312,8.07715892791748,-67.73890686035156,117.3016357421875,18.340627670288086,54.56397247314453,5.6507439613342285,4.962747097015381,1.5557091236114502,3.263862133026123,100.8517074584961,0.27629709243774414,0.18141211569309235
610,2026-09-01 13:45:59,train,303,full_training,2.0583126544952393,0.04279070347547531,109.0,1,0,0.12998373500886373,5.924624919891357,2,32,1217,2304,relu,none,0.0,none,19472,xavier,3.998493274052938,2.7725577354431152,nonlinear_product,303,3,0.072,384,3.410736322402954,2.0324026323593105,0.07014672750168306,0.0,,gaussian,cpu,cpu,8,,float32,none,small,clean,medium,cpu,small_model__clean_data__medium_volume,0.02,32,adam,1e-05,xavier,85.53611755371094,20.114940643310547,-195.8242645263672,55.491329193115234,12.236180305480957,8.406103229522705,2.3947253227233887,2.232546091079712,1.326214075088501,7.847168445587158,555.8990478515625,0.15603794902563095,0.06766469590365887
611,2026-09-01 13:45:59,train,303,full_training,1.798842191696167,0.03395562246441841,168.0,1,0,0.18829550599912181,5.393573760986328,2,32,1217,2304,relu,none,0.0,none,19472,he,5.3281480471293134,2.563436269760132,nonlinear_product,303,3,0.072,384,3.410736322402954,2.0324026323593105,0.07014672750168306,0.0,,gaussian,cpu,cpu,8,,float32,none,small,clean,medium,cpu,small_model__clean_data__medium_volume,0.02,32,adam,1e-05,he,247.24282836914062,57.06798553466797,-948.9818115234375,55.491329193115234,12.236180305480957,107.3919031739235,2.3947253227233887,2.232545852661133,3.203111410140991,16.179405212402344,2528.369140625,0.37686747312545776,0.3947107791900635
612,2026-09-01 13:45:59,train,303,full_training,1.8066847324371338,0.045104652643203735,108.0,1,0,0.12538986597792245,6.39976167678833,2,32,1217,2304,relu,none,0.0,none,19472,orthogonal,3.8164965311686196,3.016789674758911,nonlinear_product,303,3,0.072,384,3.410736322402954,2.0324026323593105,0.07014672750168306,0.0,,gaussian,cpu,cpu,8,,float32,none,small,clean,medium,cpu,small_model__clean_data__medium_volume,0.02,32,adam,1e-05,orthogonal,53.49358367919922,13.270021438598633,-84.02373504638672,52.626182556152344,12.326587677001953,0.6564433097839355,1.833181381225586,1.6928859949111938,1.2109612226486206,5.997015953063965,352.0415344238281,0.1606481894850731,0.062274858355522156
613,2026-09-01 13:45:59,test,304,full_training,1.2949154376983643,0.04011387750506401,22.0,1,0,0.0297251169977244,3.5628867149353027,2,32,1217,2304,relu,none,0.0,none,19472,xavier,3.998493274052938,2.7725577354431152,linear,304,3,0.062,768,1.9430575370788574,1.7510699244308796,0.027755368920975482,0.0,,gaussian,cpu,cpu,8,,float32,none,small,clean,high,cpu,small_model__clean_data__high_volume,0.02,32,adam,1e-05,xavier,85.53611755371094,10.951130867004395,-36.44700622558594,55.35078430175781,12.270515441894531,49.60285110473633,2.3792998790740967,2.157667398452759,1.354344367980957,3.648022174835205,46.7640380859375,0.16273102909326553,0.07608214020729065
614,2026-09-01 13:45:59,test,304,full_training,0.839556097984314,0.044306691735982895,17.0,1,0,0.020706379000330344,2.530905246734619,2,32,1217,2304,relu,none,0.0,none,19472,he,5.3281480471293134,2.563436269760132,linear,304,3,0.062,768,1.9430575370788574,1.7510699244308796,0.027755368920975482,0.0,,gaussian,cpu,cpu,8,,float32,none,small,clean,high,cpu,small_model__clean_data__high_volume,0.02,32,adam,1e-05,he,247.24282836914062,22.71590805053711,-32.57199478149414,55.35078430175781,12.270515441894531,211.01932067871093,2.3792998790740967,2.157667636871338,3.271052360534668,5.442744731903076,60.405601501464844,0.3930327594280243,0.4438125491142273
615,2026-09-01 13:45:59,test,304,full_training,1.864306926727295,0.020232541486620903,13.0,1,0,0.01416799399885349,3.6801812648773193,2,32,1217,2304,relu,none,0.0,none,19472,orthogonal,3.8164965311686196,3.016789674758911,linear,304,3,0.062,768,1.9430575370788574,1.7510699244308796,0.027755368920975482,0.0,,gaussian,cpu,cpu,8,,float32,none,small,clean,high,cpu,small_model__clean_data__high_volume,0.02,32,adam,1e-05,orthogonal,53.49358367919922,10.764148712158203,-34.83650588989258,51.26555252075195,12.161158561706543,38.05620193481445,1.7597308158874512,1.657699704170227,1.2355875968933105,3.348966360092163,58.24881362915039,0.17139554768800735,0.07269657775759697
616,2026-09-01 13:46:00,train,305,full_training,5.226459503173828,0.04355889558792114,146.0,1,0,0.18855403299676254,6.051189422607422,2,32,1281,2432,relu,none,0.0,none,20496,xavier,4.337605396906535,2.741262674331665,nonlinear_interaction,305,5,0.172,768,2.1843440532684326,1.8095963227163574,0.023760503463882247,0.0,,gaussian,cpu,cpu,8,,float32,none,small,moderate,high,cpu,small_model__moderate_data__high_volume,0.02,32,adam,1e-05,xavier,116.72314453125,8.351186752319336,-42.89509963989258,94.06421661376953,16.35795021057129,47.31236267089844,3.8199715614318848,3.782947063446045,1.7720000743865967,2.3254995346069336,42.25432586669922,0.23769158124923706,0.1457626074552536
617,2026-09-01 13:46:00,train,305,full_training,6.479779243469238,0.04668254032731056,146.0,1,0,0.203044260997558,5.98333215713501,2,32,1281,2432,relu,none,0.0,none,20496,he,5.668473839759827,3.066263437271118,nonlinear_interaction,305,5,0.172,768,2.1843440532684326,1.8095963227163574,0.023760503463882247,0.0,,gaussian,cpu,cpu,8,,float32,none,small,moderate,high,cpu,small_model__moderate_data__high_volume,0.02,32,adam,1e-05,he,268.70367431640625,35.09714889526367,-764.7103881835938,94.06421661376953,16.357954025268555,159.74849853515624,3.8199713230133057,3.7829456329345703,3.408510208129883,8.869365692138672,319.71075439453125,0.45720888674259186,0.5393216609954834
618,2026-09-01 13:46:00,train,305,full_training,5.449371337890625,0.029748324304819107,140.0,1,0,0.17382085497956723,6.122683048248291,2,32,1281,2432,relu,none,0.0,none,20496,orthogonal,4.054092566172282,2.926488161087036,nonlinear_interaction,305,5,0.172,768,2.1843440532684326,1.8095963227163574,0.023760503463882247,0.0,,gaussian,cpu,cpu,8,,float32,none,small,moderate,high,cpu,small_model__moderate_data__high_volume,0.02,32,adam,1e-05,orthogonal,84.57994079589844,3.7201955318450928,-5.510919094085693,100.59046936035156,17.524869918823242,29.644929122924804,2.9414689540863037,2.7693159580230713,1.3060712814331055,1.3147869110107422,38.3323860168457,0.18688669800758362,0.08614890649914742
619,2026-09-01 13:46:00,train,306,full_training,2.773775577545166,0.04889920726418495,176.0,1,0,0.2133583009999711,6.7219014167785645,2,32,1313,2496,relu,none,0.0,none,21008,xavier,4.628277778625488,2.699293613433838,nonlinear_product,306,6,0.275,384,3.139256715774536,1.9909315617933352,0.02881350641752378,0.0,,gaussian,cpu,cpu,8,,float32,none,small,noisy,medium,cpu,small_model__noisy_data__medium_volume,0.02,32,adam,1e-05,xavier,180.12289428710938,23.04146385192871,-241.56240844726562,103.52513122558594,17.560487747192383,99.97717247009277,4.977898120880127,4.354230880737305,1.8867297172546387,8.733870506286621,56.476478576660156,0.2666650712490082,0.19221067428588867
620,2026-09-01 13:46:01,train,306,full_training,3.2075655460357666,0.039732933044433594,209.0,1,0,0.24459745798958465,6.566379070281982,2,32,1313,2496,relu,none,0.0,none,21008,he,5.945054133733113,3.1431682109832764,nonlinear_product,306,6,0.275,384,3.139256715774536,1.9909315617933352,0.02881350641752378,0.0,,gaussian,cpu,cpu,8,,float32,none,small,noisy,medium,cpu,small_model__noisy_data__medium_volume,0.02,32,adam,1e-05,he,383.60638427734375,46.45442199707031,-753.0570068359375,103.52513122558594,17.560483932495117,189.91326980590821,4.977898597717285,4.3542304039001465,3.357459545135498,14.643259048461914,335.2784423828125,0.47453397512435913,0.6086671501398087
621,2026-09-01 13:46:01,train,306,full_training,2.6438848972320557,0.04884592816233635,77.0,1,0,0.09744992599007674,6.106120586395264,2,32,1313,2496,relu,none,0.0,none,21008,orthogonal,4.154700259367625,2.899160146713257,nonlinear_product,306,6,0.275,384,3.139256715774536,1.9909315617933352,0.02881350641752378,0.0,,gaussian,cpu,cpu,8,,float32,none,small,noisy,medium,cpu,small_model__noisy_data__medium_volume,0.02,32,adam,1e-05,orthogonal,108.75711059570312,15.932696342468262,-173.28640747070312,109.33123016357422,18.020212173461914,44.84695587158203,3.3727807998657227,3.110395908355713,1.4494496583938599,7.440755844116211,42.12002944946289,0.21839945018291473,0.12202154472470284
622,2026-09-01 13:46:01,test,307,full_training,2.6046109199523926,0.04598599672317505,25.0,1,0,0.03276931997970678,4.425885200500488,2,32,1313,2496,relu,none,0.0,none,21008,xavier,4.628277778625488,2.699293613433838,linear,307,6,0.09,512,2.0538136959075928,1.7787877353692254,0.029119127019726944,0.0,,gaussian,cpu,cpu,8,,float32,none,small,clean,medium,cpu,small_model__clean_data__medium_volume,0.02,32,adam,1e-05,xavier,180.12289428710938,12.725785255432129,-45.11526107788086,107.84819793701172,17.973623275756836,26.041910552978514,5.0292205810546875,4.6141862869262695,1.8578414916992188,3.596996545791626,216.74551391601562,0.2882751077413559,0.24033846706151962
623,2026-09-01 13:46:01,test,307,full_training,3.018604278564453,0.040092602372169495,28.0,1,0,0.03850953700020909,4.280527114868164,2,32,1313,2496,relu,none,0.0,none,21008,he,5.945054133733113,3.1431682109832764,linear,307,6,0.09,512,2.0538136959075928,1.7787877353692254,0.029119127019726944,0.0,,gaussian,cpu,cpu,8,,float32,none,small,clean,medium,cpu,small_model__clean_data__medium_volume,0.02,32,adam,1e-05,he,383.60638427734375,25.64421272277832,-126.6527328491211,107.84819793701172,17.973623275756836,82.37105865478516,5.029221534729004,4.614186763763428,3.3060529232025146,6.1217193603515625,513.5512084960938,0.5129893273115158,0.7610718011856079
624,2026-09-01 13:46:01,test,307,full_training,2.8551292419433594,0.029486311599612236,17.0,1,0,0.018901891016867012,4.146172523498535,2,32,1313,2496,relu,none,0.0,none,21008,orthogonal,4.154700259367625,2.899160146713257,linear,307,6,0.09,512,2.0538136959075928,1.7787877353692254,0.029119127019726944,0.0,,gaussian,cpu,cpu,8,,float32,none,small,clean,medium,cpu,small_model__clean_data__medium_volume,0.02,32,adam,1e-05,orthogonal,108.75711059570312,10.492181777954102,-77.68519592285156,115.01341247558594,18.046253204345703,21.38613796234131,3.600648880004883,3.375089645385742,1.4045919179916382,4.20383882522583,252.7299041748047,0.24459001421928406,0.15825209021568298
625,2026-09-01 13:46:01,train,308,full_training,3.457357406616211,0.045428596436977386,52.0,1,0,0.07012505002785474,5.410968780517578,2,32,1281,2432,relu,none,0.0,none,20496,xavier,4.337605396906535,2.741262674331665,nonlinear_interaction,308,5,0.044,768,1.7409496307373047,1.6961538977759492,0.027169975855513777,0.0,,gaussian,cpu,cpu,8,,float32,none,small,clean,high,cpu,small_model__clean_data__high_volume,0.02,32,adam,1e-05,xavier,116.72314453125,11.926172256469727,-83.22972869873047,97.22435760498047,15.874359130859375,57.32090797424316,4.210490703582764,3.991521120071411,1.7747666835784912,3.6282894611358643,27.437362670898438,0.2318616658449173,0.16085772961378098
626,2026-09-01 13:46:01,train,308,full_training,5.426219940185547,0.04438263177871704,147.0,1,0,0.21408650299417786,5.8486647605896,2,32,1281,2432,relu,none,0.0,none,20496,he,5.668473839759827,3.066263437271118,nonlinear_interaction,308,5,0.044,768,1.7409496307373047,1.6961538977759492,0.027169975855513777,0.0,,gaussian,cpu,cpu,8,,float32,none,small,clean,high,cpu,small_model__clean_data__high_volume,0.02,32,adam,1e-05,he,268.70367431640625,40.38859176635742,-1037.21240234375,97.22435760498047,15.874359130859375,181.41134223937988,4.210491180419922,3.9915244579315186,3.413831949234009,11.134182929992676,388.3965759277344,0.4459947943687439,0.5951735973358154
627,2026-09-01 13:46:02,train,308,full_training,3.0345940589904785,0.046573132276535034,127.0,1,0,0.18837438197806478,6.130200386047363,2,32,1281,2432,relu,none,0.0,none,20496,orthogonal,4.054092566172282,2.926488161087036,nonlinear_interaction,308,5,0.044,768,1.7409496307373047,1.6961538977759492,0.027169975855513777,0.0,,gaussian,cpu,cpu,8,,float32,none,small,clean,high,cpu,small_model__clean_data__high_volume,0.02,32,adam,1e-05,orthogonal,84.57994079589844,5.880555629730225,-12.202980995178223,106.01139068603516,17.03599739074707,31.209693717956544,2.9213151931762695,2.737635374069214,1.3591082096099854,1.8614792823791504,8.603935241699219,0.1839878037571907,0.09326722845435143
628,2026-09-01 13:46:02,train,309,full_training,4.251861572265625,0.0337001234292984,190.0,1,0,0.2746829300012905,8.070157051086426,2,32,1217,2304,relu,none,0.0,none,19472,xavier,3.998493274052938,2.7725577354431152,nonlinear_product,309,3,0.089,384,4.8885087966918945,2.2123821869188984,0.06425770954901999,0.0,,gaussian,cpu,cpu,8,,float32,none,small,clean,medium,cpu,small_model__clean_data__medium_volume,0.02,32,adam,1e-05,xavier,85.53611755371094,24.53127670288086,-249.50442504882812,64.70358276367188,12.429580688476562,19.12315535545349,2.3685550689697266,2.232546091079712,1.2950226068496704,8.953925132751465,450.2149353027344,0.15750648081302643,0.07202068716287613
629,2026-09-01 13:46:02,train,309,full_training,4.640432357788086,0.048047468066215515,217.0,1,0,0.3314417310175486,7.139474391937256,2,32,1217,2304,relu,none,0.0,none,19472,he,5.3281480471293134,2.563436269760132,nonlinear_product,309,3,0.089,384,4.8885087966918945,2.2123821869188984,0.06425770954901999,0.0,,gaussian,cpu,cpu,8,,float32,none,small,clean,medium,cpu,small_model__clean_data__medium_volume,0.02,32,adam,1e-05,he,247.24282836914062,67.18449401855469,-1107.64697265625,64.70358276367188,12.429580688476562,131.02606582641602,2.3685548305511475,2.232545852661133,3.127777099609375,18.373153686523438,2171.957763671875,0.38041432201862335,0.4201207309961319
630,2026-09-01 13:46:03,train,309,full_training,3.591350555419922,0.03232341259717941,163.0,1,0,0.2202393660263624,8.307025909423828,2,32,1217,2304,relu,none,0.0,none,19472,orthogonal,3.8164965311686196,3.016789674758911,nonlinear_product,309,3,0.089,384,4.8885087966918945,2.2123821869188984,0.06425770954901999,0.0,,gaussian,cpu,cpu,8,,float32,none,small,clean,medium,cpu,small_model__clean_data__medium_volume,0.02,32,adam,1e-05,orthogonal,53.49358367919922,16.674335479736328,-111.0255126953125,40.36282730102539,12.375505447387695,5.3306882858276365,1.8473416566848755,1.7018386125564575,1.2057667970657349,6.923590660095215,266.40057373046875,0.16787076741456985,0.06691763550043106
631,2026-09-01 13:46:03,train,310,full_training,2.812117576599121,0.043605986982584,24.0,1,0,0.03881477302638814,4.320782661437988,2,32,1313,2496,relu,none,0.0,none,21008,xavier,4.628277778625488,2.699293613433838,linear,310,6,0.02,512,2.083621025085449,1.7859921619983665,0.030674802809215317,0.0,,gaussian,cpu,cpu,8,,float32,none,small,clean,medium,cpu,small_model__clean_data__medium_volume,0.02,32,adam,1e-05,xavier,180.12289428710938,14.6770658493042,-73.93867492675781,109.34439086914062,17.488969802856445,20.060709381103514,5.1931376457214355,4.573535919189453,1.8404282331466675,4.027389049530029,41.737911224365234,0.28231431543827057,0.21990443021059036
632,2026-09-01 13:46:03,train,310,full_training,3.503980875015259,0.044079095125198364,26.0,1,0,0.0435936129943002,4.0358567237854,2,32,1313,2496,relu,none,0.0,none,21008,he,5.945054133733113,3.1431682109832764,linear,310,6,0.02,512,2.083621025085449,1.7859921619983665,0.030674802809215317,0.0,,gaussian,cpu,cpu,8,,float32,none,small,clean,medium,cpu,small_model__clean_data__medium_volume,0.02,32,adam,1e-05,he,383.60638427734375,36.44791793823242,-399.98095703125,109.34439086914062,17.488969802856445,85.41188278198243,5.193138122558594,4.573537349700928,3.2750658988952637,8.355229377746582,128.4803009033203,0.5023820400238037,0.6963640749454498
633,2026-09-01 13:46:03,train,310,full_training,3.0696024894714355,0.040202319622039795,27.0,1,0,0.033643578994087875,4.696229457855225,2,32,1313,2496,relu,none,0.0,none,21008,orthogonal,4.154700259367625,2.899160146713257,linear,310,6,0.02,512,2.083621025085449,1.7859921619983665,0.030674802809215317,0.0,,gaussian,cpu,cpu,8,,float32,none,small,clean,medium,cpu,small_model__clean_data__medium_volume,0.02,32,adam,1e-05,orthogonal,108.75711059570312,9.829127311706543,-50.909576416015625,116.05388641357422,18.063068389892578,15.160218715667725,3.5640058517456055,3.4194650650024414,1.409285068511963,3.4965744018554688,76.08942413330078,0.23280852288007736,0.1385440155863762
634,2026-09-01 13:46:03,train,311,full_training,2.0289435386657715,0.03970920294523239,94.0,1,0,0.11375502301962115,6.216355323791504,2,32,1313,2496,relu,none,0.0,none,21008,xavier,4.628277778625488,2.699293613433838,nonlinear_interaction,311,6,0.077,256,2.3526744842529297,1.846714912925311,0.05113405292184902,0.0,,gaussian,cpu,cpu,8,,float32,none,small,clean,low,cpu,small_model__clean_data__low_volume,0.02,32,adam,1e-05,xavier,180.12289428710938,11.964279174804688,-38.34621047973633,108.04413604736328,17.339717864990234,36.15318222045899,5.252230644226074,4.966455936431885,1.9025843143463135,3.399808645248413,452.7402648925781,0.2784850001335144,0.22260894626379013
635,2026-09-01 13:46:03,train,311,full_training,2.787137031555176,0.045411087572574615,113.0,1,0,0.1374477010103874,6.062296390533447,2,32,1313,2496,relu,none,0.0,none,21008,he,5.945054133733113,3.1431682109832764,nonlinear_interaction,311,6,0.077,256,2.3526744842529297,1.846714912925311,0.05113405292184902,0.0,,gaussian,cpu,cpu,8,,float32,none,small,clean,low,cpu,small_model__clean_data__low_volume,0.02,32,adam,1e-05,he,383.60638427734375,25.053485870361328,-130.40740966796875,108.04413604736328,17.3397216796875,108.17441062927246,5.252231121063232,4.966455459594727,3.385673761367798,5.8631181716918945,1191.4576416015625,0.4955676198005676,0.7049283087253571
636,2026-09-01 13:46:03,train,311,full_training,1.565858244895935,0.048701606690883636,77.0,1,0,0.09882262200699188,5.740274429321289,2,32,1313,2496,relu,none,0.0,none,21008,orthogonal,4.154700259367625,2.899160146713257,nonlinear_interaction,311,6,0.077,256,2.3526744842529297,1.846714912925311,0.05113405292184902,0.0,,gaussian,cpu,cpu,8,,float32,none,small,clean,low,cpu,small_model__clean_data__low_volume,0.02,32,adam,1e-05,orthogonal,108.75711059570312,8.991371154785156,-45.77324295043945,107.97769165039062,17.508777618408203,26.33745746612549,3.4033658504486084,3.339747905731201,1.4355641603469849,3.3957245349884033,412.79058837890625,0.22983475029468536,0.13745810091495514
637,2026-09-01 13:46:04,train,312,full_training,8.66180419921875,0.03315393999218941,209.0,1,0,0.26576116899377666,10.251449584960938,2,32,1249,2368,relu,none,0.0,none,19984,xavier,4.106595436731975,2.8521344661712646,nonlinear_product,312,4,0.197,256,8.168662071228027,2.469091100349666,0.027202262906869723,0.0,,gaussian,cpu,cpu,8,,float32,none,small,moderate,low,cpu,small_model__moderate_data__low_volume,0.02,32,adam,1e-05,xavier,88.71050262451172,21.363323211669922,-269.17926025390625,63.33710479736328,13.90829086303711,28.819548988342284,3.3348922729492188,3.0662989616394043,1.5962995290756226,8.643290519714355,163.0231170654297,0.2078389674425125,0.11775310710072517
638,2026-09-01 13:46:04,train,312,full_training,11.888426780700684,0.04667125642299652,209.0,1,0,0.3033219500211999,8.786340713500977,2,32,1249,2368,relu,none,0.0,none,19984,he,5.400059739748637,2.908212184906006,nonlinear_product,312,4,0.197,256,8.168662071228027,2.469091100349666,0.027202262906869723,0.0,,gaussian,cpu,cpu,8,,float32,none,small,moderate,low,cpu,small_model__moderate_data__low_volume,0.02,32,adam,1e-05,he,225.21484375,61.34423065185547,-1785.2353515625,63.33710479736328,13.90829086303711,106.34341497421265,3.3348917961120605,3.0662992000579834,3.3862621784210205,18.524662017822266,986.0030517578125,0.4408930242061615,0.529888927936554
639,2026-09-01 13:46:04,train,312,full_training,8.005934715270996,0.049717340618371964,233.0,1,0,0.29218903798027895,10.257731437683105,2,32,1249,2368,relu,none,0.0,none,19984,orthogonal,3.9428090254465737,2.9643869400024414,nonlinear_product,312,4,0.197,256,8.168662071228027,2.469091100349666,0.027202262906869723,0.0,,gaussian,cpu,cpu,8,,float32,none,small,moderate,low,cpu,small_model__moderate_data__low_volume,0.02,32,adam,1e-05,orthogonal,68.3827133178711,17.295949935913086,-185.6397247314453,81.86739349365234,15.306267738342285,3.3844348907470705,2.006845235824585,2.0050857067108154,1.2564893960952759,7.53054666519165,99.07417297363281,0.19368385523557663,0.08686414733529091
640,2026-09-01 13:46:04,train,313,full_training,1.451900601387024,0.038935594260692596,24.0,1,0,0.03231372102163732,4.424539089202881,2,32,1313,2496,relu,none,0.0,none,21008,xavier,4.628277778625488,2.699293613433838,linear,313,6,0.049,768,1.9687749147415161,1.757644272513939,0.024554932257664756,0.0,,gaussian,cpu,cpu,8,,float32,none,small,clean,high,cpu,small_model__clean_data__high_volume,0.02,32,adam,1e-05,xavier,180.12289428710938,9.178229331970215,-23.954341888427734,92.12104797363281,17.640321731567383,33.88209533691406,5.262325763702393,4.817882537841797,1.862710952758789,2.5069515705108643,61.6142692565918,0.28323185443878174,0.2114531323313713
641,2026-09-01 13:46:04,train,313,full_training,1.5845484733581543,0.04248185455799103,37.0,1,0,0.049860942002851516,4.425788879394531,2,32,1313,2496,relu,none,0.0,none,21008,he,5.945054133733113,3.1431682109832764,linear,313,6,0.049,768,1.9687749147415161,1.757644272513939,0.024554932257664756,0.0,,gaussian,cpu,cpu,8,,float32,none,small,clean,high,cpu,small_model__clean_data__high_volume,0.02,32,adam,1e-05,he,383.60638427734375,20.403064727783203,-110.48076629638672,92.12104797363281,17.640321731567383,98.91145277023315,5.262325763702393,4.817878723144531,3.314718246459961,4.656494140625,221.40847778320312,0.5040148049592972,0.6696015894412994
642,2026-09-01 13:46:05,train,313,full_training,1.6429723501205444,0.04602699354290962,16.0,1,0,0.01884211300057359,4.129169464111328,2,32,1313,2496,relu,none,0.0,none,21008,orthogonal,4.154700259367625,2.899160146713257,linear,313,6,0.049,768,1.9687749147415161,1.757644272513939,0.024554932257664756,0.0,,gaussian,cpu,cpu,8,,float32,none,small,clean,high,cpu,small_model__clean_data__high_volume,0.02,32,adam,1e-05,orthogonal,108.75711059570312,7.5843505859375,-30.154918670654297,111.86460876464844,17.52369499206543,20.302299213409423,3.6490063667297363,3.4107682704925537,1.4518070220947266,2.6018154621124268,45.34000015258789,0.22833795845508575,0.12835261970758438
643,2026-09-01 13:46:05,train,314,full_training,2.8427257537841797,0.043565768748521805,113.0,1,0,0.16452632698928937,5.950207233428955,2,32,1281,2432,relu,none,0.0,none,20496,xavier,4.337605396906535,2.741262674331665,nonlinear_interaction,314,5,0.137,384,1.7062746286392212,1.6860947403118063,0.03628079761591918,0.0,,gaussian,cpu,cpu,8,,float32,none,small,moderate,medium,cpu,small_model__moderate_data__medium_volume,0.02,32,adam,1e-05,xavier,116.72314453125,10.170351028442383,-49.20881652832031,101.97039031982422,16.513896942138672,51.17974739074707,3.8109030723571777,3.42366623878479,1.7070692777633667,2.9214975833892822,309.88739013671875,0.2302086129784584,0.16110194474458694
644,2026-09-01 13:46:05,train,314,full_training,4.695282936096191,0.0473741851747036,108.0,1,0,0.14114530899678357,5.609156131744385,2,32,1281,2432,relu,none,0.0,none,20496,he,5.668473839759827,3.066263437271118,nonlinear_interaction,314,5,0.137,384,1.7062746286392212,1.6860947403118063,0.03628079761591918,0.0,,gaussian,cpu,cpu,8,,float32,none,small,moderate,medium,cpu,small_model__moderate_data__medium_volume,0.02,32,adam,1e-05,he,268.70367431640625,35.137367248535156,-645.6882934570312,101.97039031982422,16.51390266418457,156.43467330932617,3.8109025955200195,3.4236671924591064,3.283613443374634,8.761163711547852,1739.944091796875,0.4428150951862335,0.5960772335529327
645,2026-09-01 13:46:05,train,314,full_training,2.187732696533203,0.03448833152651787,85.0,1,0,0.10104803598369472,5.974869728088379,2,32,1281,2432,relu,none,0.0,none,20496,orthogonal,4.054092566172282,2.926488161087036,nonlinear_interaction,314,5,0.137,384,1.7062746286392212,1.6860947403118063,0.03628079761591918,0.0,,gaussian,cpu,cpu,8,,float32,none,small,moderate,medium,cpu,small_model__moderate_data__medium_volume,0.02,32,adam,1e-05,orthogonal,84.57994079589844,6.088691711425781,-17.453702926635742,98.09262084960938,16.83010482788086,36.94963493347168,2.829252243041992,2.6423683166503906,1.313850998878479,2.255009889602661,97.65095520019531,0.19054530560970306,0.10064898431301117
646,2026-09-01 13:46:06,test,315,full_training,3.6238291263580322,0.04674992710351944,322.0,1,0,0.38754543600953184,8.794118881225586,2,32,1313,2496,relu,none,0.0,none,21008,xavier,4.628277778625488,2.699293613433838,nonlinear_product,315,6,0.207,512,5.096816062927246,2.2332465548977773,0.042393094956746695,0.0,,gaussian,cpu,cpu,8,,float32,none,small,moderate,medium,cpu,small_model__moderate_data__medium_volume,0.02,32,adam,1e-05,xavier,180.12289428710938,31.531145095825195,-532.65283203125,92.3530044555664,17.15615463256836,112.6411289215088,4.948779106140137,4.764404773712158,1.899680256843567,11.782299041748047,1798.3966064453125,0.30835413932800293,0.24646929651498795
647,2026-09-01 13:46:06,test,315,full_training,3.6821272373199463,0.0498504564166069,386.0,1,0,0.49216525300289504,8.279117584228516,2,32,1313,2496,relu,none,0.0,none,21008,he,5.945054133733113,3.1431682109832764,nonlinear_product,315,6,0.207,512,5.096816062927246,2.2332465548977773,0.042393094956746695,0.0,,gaussian,cpu,cpu,8,,float32,none,small,moderate,medium,cpu,small_model__moderate_data__medium_volume,0.02,32,adam,1e-05,he,383.60638427734375,69.75545501708984,-2196.8935546875,92.3530044555664,17.15614891052246,236.19909439086913,4.948780059814453,4.764400959014893,3.3805055618286133,22.205684661865234,6921.91015625,0.5487201809883118,0.780486136674881
648,2026-09-01 13:46:07,test,315,full_training,3.7177677154541016,0.04891873896121979,326.0,1,0,0.40870319699752145,9.229878425598145,2,32,1313,2496,relu,none,0.0,none,21008,orthogonal,4.154700259367625,2.899160146713257,nonlinear_product,315,6,0.207,512,5.096816062927246,2.2332465548977773,0.042393094956746695,0.0,,gaussian,cpu,cpu,8,,float32,none,small,moderate,medium,cpu,small_model__moderate_data__medium_volume,0.02,32,adam,1e-05,orthogonal,108.75711059570312,19.464860916137695,-263.1783752441406,110.60029602050781,17.81208038330078,44.65445175170898,3.610306739807129,3.518113613128662,1.4519940614700317,8.746672630310059,682.0402221679688,0.24878527969121933,0.14418862015008926
649,2026-09-01 13:46:07,train,316,full_training,1.6826090812683105,0.03419889137148857,30.0,1,0,0.03428184101358056,3.458376169204712,2,32,1185,2240,relu,none,0.0,none,18960,xavier,3.9327030579249063,2.911090850830078,linear,316,2,0.242,256,2.0993363857269287,1.7897491772006764,0.0026220454400246165,0.0,,gaussian,cpu,cpu,8,,float32,none,small,moderate,low,cpu,small_model__moderate_data__low_volume,0.02,32,adam,1e-05,xavier,58.31831359863281,13.356010437011719,-55.729862213134766,-142.7099609375,6.884670257568359,15.572653102874757,1.691116213798523,1.343788981437683,1.2524667978286743,4.38743782043457,32.250755310058594,0.14011679589748383,0.07184004783630371
650,2026-09-01 13:46:07,train,316,full_training,1.6257611513137817,0.04705139249563217,38.0,1,0,0.05381189001491293,2.8238954544067383,2,32,1185,2240,relu,none,0.0,none,18960,he,5.592296163241069,2.8417537212371826,linear,316,2,0.242,256,2.0993363857269287,1.7897491772006764,0.0026220454400246165,0.0,,gaussian,cpu,cpu,8,,float32,none,small,moderate,low,cpu,small_model__moderate_data__low_volume,0.02,32,adam,1e-05,he,203.48391723632812,27.96870994567871,-178.51174926757812,-142.7099609375,6.884668350219727,256.44172859191895,1.691116213798523,1.3437888622283936,3.6515369415283203,8.584169387817383,309.950927734375,0.4085071384906769,0.6106404364109039
651,2026-09-01 13:46:07,train,316,full_training,1.7035421133041382,0.02816665917634964,30.0,1,0,0.05030969300423749,3.6941583156585693,2,32,1185,2240,relu,none,0.0,none,18960,orthogonal,3.666666487852732,3.0912060737609863,linear,316,2,0.242,256,2.0993363857269287,1.7897491772006764,0.0026220454400246165,0.0,,gaussian,cpu,cpu,8,,float32,none,small,moderate,low,cpu,small_model__moderate_data__low_volume,0.02,32,adam,1e-05,orthogonal,35.72531509399414,9.330195426940918,-36.72149658203125,-181.009033203125,7.119359016418457,-10.605212020874024,1.3571083545684814,1.3335318565368652,1.089568018913269,3.299870491027832,21.185285568237305,0.1244485042989254,0.05003981664776802
652,2026-09-01 13:46:07,train,317,full_training,3.4078173637390137,0.027674734592437744,170.0,1,0,0.2146889469877351,6.580578804016113,2,32,1345,2560,relu,none,0.0,none,21520,xavier,4.824894110361735,2.6007485389709473,nonlinear_interaction,317,7,0.006,768,1.9492472410202026,1.7526601671050472,0.0260303462047354,0.0,,gaussian,cpu,cpu,8,,float32,none,small,clean,high,cpu,small_model__clean_data__high_volume,0.02,32,adam,1e-05,xavier,222.52198791503906,32.9803466796875,-635.9324951171875,113.78118896484375,18.262813568115234,134.6227336883545,7.752516269683838,6.170149326324463,2.125405788421631,9.520748138427734,496.45050048828125,0.3038807362318039,0.24702145159244537
653,2026-09-01 13:46:07,train,317,full_training,6.852402687072754,0.04918390512466431,101.0,1,0,0.14573954700608738,5.6986165046691895,2,32,1345,2560,relu,none,0.0,none,21520,he,6.084149400393168,3.0874176025390625,nonlinear_interaction,317,7,0.006,768,1.9492472410202026,1.7526601671050472,0.0260303462047354,0.0,,gaussian,cpu,cpu,8,,float32,none,small,clean,high,cpu,small_model__clean_data__high_volume,0.02,32,adam,1e-05,he,444.48486328125,103.64601135253906,-5514.154296875,113.78118896484375,18.2628173828125,368.67059168815615,7.752516746520996,6.170145034790039,3.5473999977111816,25.700531005859375,3236.027587890625,0.5071909427642822,0.6881312429904938
654,2026-09-01 13:46:08,train,317,full_training,2.366821527481079,0.038855575025081635,142.0,1,0,0.1913162260025274,6.628618240356445,2,32,1345,2560,relu,none,0.0,none,21520,orthogonal,4.247219244639079,2.8800108432769775,nonlinear_interaction,317,7,0.006,768,1.9492472410202026,1.7526601671050472,0.0260303462047354,0.0,,gaussian,cpu,cpu,8,,float32,none,small,clean,high,cpu,small_model__clean_data__high_volume,0.02,32,adam,1e-05,orthogonal,111.43936157226562,14.398298263549805,-197.55929565429688,115.17676544189453,18.958261489868164,77.12336044311523,4.2387542724609375,4.0867838859558105,1.5092923641204834,5.750962734222412,128.6077880859375,0.25675293058156967,0.14476503431797028
655,2026-09-01 13:46:08,train,318,full_training,3.2225520610809326,0.04583423212170601,159.0,1,0,0.20506263099377975,6.169216632843018,2,32,1217,2304,relu,none,0.0,none,19472,xavier,3.998493274052938,2.7725577354431152,nonlinear_product,318,3,0.136,768,4.377342700958252,2.1571594587041765,0.017837691131925255,0.0,,gaussian,cpu,cpu,8,,float32,none,small,moderate,high,cpu,small_model__moderate_data__high_volume,0.02,32,adam,1e-05,xavier,85.53611755371094,19.22569465637207,-157.64187622070312,58.7371826171875,12.279119491577148,16.6657865524292,2.3928728103637695,2.296313762664795,1.3327527046203613,7.4182448387146,156.49398803710938,0.14084386825561523,0.055135270580649376
656,2026-09-01 13:46:08,train,318,full_training,2.630774974822998,0.0494685173034668,175.0,1,0,0.2066095430054702,5.785114288330078,2,32,1217,2304,relu,none,0.0,none,19472,he,5.3281480471293134,2.563436269760132,nonlinear_product,318,3,0.136,768,4.377342700958252,2.1571594587041765,0.017837691131925255,0.0,,gaussian,cpu,cpu,8,,float32,none,small,moderate,high,cpu,small_model__moderate_data__high_volume,0.02,32,adam,1e-05,he,247.24282836914062,50.880393981933594,-599.4926147460938,58.7371826171875,12.279119491577148,117.10366725921631,2.3928725719451904,2.2963130474090576,3.2189037799835205,14.301753997802734,637.0809936523438,0.340170294046402,0.32162246108055115
657,2026-09-01 13:46:08,train,318,full_training,3.0428762435913086,0.04683419317007065,175.0,1,0,0.22247218099073507,6.8491926193237305,2,32,1217,2304,relu,none,0.0,none,19472,orthogonal,3.8164965311686196,3.016789674758911,nonlinear_product,318,3,0.136,768,4.377342700958252,2.1571594587041765,0.017837691131925255,0.0,,gaussian,cpu,cpu,8,,float32,none,small,moderate,high,cpu,small_model__moderate_data__high_volume,0.02,32,adam,1e-05,orthogonal,53.49358367919922,13.43673324584961,-83.96875762939453,55.10671615600586,12.34525203704834,-1.3014436721801759,1.7668484449386597,1.7496557235717773,1.209549069404602,6.045869827270508,91.27664947509766,0.14659740030765533,0.05013331584632397
658,2026-09-01 13:46:08,train,319,full_training,1.2228893041610718,0.0389072522521019,85.0,1,0,0.11870474301395006,4.064120292663574,2,32,1217,2304,relu,none,0.0,none,19472,xavier,3.998493274052938,2.7725577354431152,linear,319,3,0.271,256,2.068953037261963,1.782459883318364,0.05278512221711598,0.0,,gaussian,cpu,cpu,8,,float32,none,small,noisy,low,cpu,small_model__noisy_data__low_volume,0.02,32,adam,1e-05,xavier,85.53611755371094,10.624072074890137,-35.1094970703125,58.93122482299805,12.211198806762695,48.06440811157226,2.5112497806549072,2.464813470840454,1.3517640829086304,3.2087626457214355,37.19816970825195,0.1653929129242897,0.07228560000658035
659,2026-09-01 13:46:09,train,319,full_training,0.899668276309967,0.04849093407392502,52.0,1,0,0.06271264000679366,3.1659324169158936,2,32,1217,2304,relu,none,0.0,none,19472,he,5.3281480471293134,2.563436269760132,linear,319,3,0.271,256,2.068953037261963,1.782459883318364,0.05278512221711598,0.0,,gaussian,cpu,cpu,8,,float32,none,small,noisy,low,cpu,small_model__noisy_data__low_volume,0.02,32,adam,1e-05,he,247.24282836914062,27.69363021850586,-141.7034149169922,58.93122482299805,12.211198806762695,190.96667556762696,2.5112497806549072,2.4648141860961914,3.2648208141326904,6.317135334014893,102.67061614990234,0.39946185052394867,0.42166605591773987
660,2026-09-01 13:46:09,train,319,full_training,1.3684147596359253,0.0445423498749733,52.0,1,0,0.06228119900333695,4.695828914642334,2,32,1217,2304,relu,none,0.0,none,19472,orthogonal,3.8164965311686196,3.016789674758911,linear,319,3,0.271,256,2.068953037261963,1.782459883318364,0.05278512221711598,0.0,,gaussian,cpu,cpu,8,,float32,none,small,noisy,low,cpu,small_model__noisy_data__low_volume,0.02,32,adam,1e-05,orthogonal,53.49358367919922,9.609367370605469,-36.764652252197266,51.8236198425293,12.322809219360352,31.26667423248291,1.7885700464248657,1.7696789503097534,1.1817960739135742,3.07653546333313,31.015026092529297,0.17042196542024612,0.06846082583069801
661,2026-09-01 13:46:09,train,320,full_training,3.6280221939086914,0.04842963069677353,97.0,1,0,0.1382002540049143,6.207167148590088,2,32,1345,2560,relu,none,0.0,none,21520,xavier,4.824894110361735,2.6007485389709473,nonlinear_interaction,320,7,0.153,256,2.382401466369629,1.8529930324288915,0.03919667842984774,0.0,,gaussian,cpu,cpu,8,,float32,none,small,moderate,low,cpu,small_model__moderate_data__low_volume,0.02,32,adam,1e-05,xavier,222.52198791503906,32.02708435058594,-590.42041015625,114.99259948730469,18.5150089263916,111.8587432861328,7.6043195724487305,6.528626441955566,2.039055109024048,9.300639152526855,181.22386169433594,0.29616060853004456,0.2550857216119766
662,2026-09-01 13:46:09,train,320,full_training,6.956854820251465,0.0441562756896019,90.0,1,0,0.12065605100360699,5.449061393737793,2,32,1345,2560,relu,none,0.0,none,21520,he,6.084149400393168,3.0874176025390625,nonlinear_interaction,320,7,0.153,256,2.382401466369629,1.8529930324288915,0.03919667842984774,0.0,,gaussian,cpu,cpu,8,,float32,none,small,moderate,low,cpu,small_model__moderate_data__low_volume,0.02,32,adam,1e-05,he,444.48486328125,98.68048858642578,-5073.0859375,114.99259948730469,18.5150146484375,324.12668957710264,7.604320526123047,6.528626918792725,3.4032764434814453,24.896377563476562,1139.4638671875,0.49430568516254425,0.710595965385437
663,2026-09-01 13:46:09,train,320,full_training,3.08316969871521,0.04107441380620003,73.0,1,0,0.11777233399334364,5.866957187652588,2,32,1345,2560,relu,none,0.0,none,21520,orthogonal,4.247219244639079,2.8800108432769775,nonlinear_interaction,320,7,0.153,256,2.382401466369629,1.8529930324288915,0.03919667842984774,0.0,,gaussian,cpu,cpu,8,,float32,none,small,moderate,low,cpu,small_model__moderate_data__low_volume,0.02,32,adam,1e-05,orthogonal,111.43936157226562,13.493471145629883,-184.99615478515625,112.6209945678711,19.07958984375,68.8536880493164,4.516310214996338,4.03146505355835,1.5283699035644531,5.643911361694336,94.49440002441406,0.2650788798928261,0.16521179676055908
664,2026-09-01 13:46:09,train,321,full_training,1.509193778038025,0.049488455057144165,150.0,1,0,0.21450582798570395,7.6537957191467285,2,32,1281,2432,relu,none,0.0,none,20496,xavier,4.337605396906535,2.741262674331665,nonlinear_product,321,5,0.117,512,3.3151907920837402,2.018196121282034,0.0330576352110059,0.0,,gaussian,cpu,cpu,8,,float32,none,small,moderate,medium,cpu,small_model__moderate_data__medium_volume,0.02,32,adam,1e-05,xavier,116.72314453125,15.60776424407959,-62.44319152832031,92.52320861816406,16.7940616607666,61.26757049560547,4.013494491577148,3.7637016773223877,1.8007466793060303,6.2556376457214355,77.21314239501953,0.23034082353115082,0.15202169120311737
665,2026-09-01 13:46:10,train,321,full_training,1.9444775581359863,0.047893013805150986,136.0,1,0,0.17346586199710146,7.003026485443115,2,32,1281,2432,relu,none,0.0,none,20496,he,5.668473839759827,3.066263437271118,nonlinear_product,321,5,0.117,512,3.3151907920837402,2.018196121282034,0.0330576352110059,0.0,,gaussian,cpu,cpu,8,,float32,none,small,moderate,medium,cpu,small_model__moderate_data__medium_volume,0.02,32,adam,1e-05,he,268.70367431640625,30.375564575195312,-101.17140197753906,92.52320861816406,16.794065475463867,204.23069915771484,4.01349401473999,3.7636985778808594,3.463805675506592,7.871939182281494,147.6662139892578,0.4430694431066513,0.5624803155660629
666,2026-09-01 13:46:10,train,321,full_training,1.5186634063720703,0.04963554069399834,136.0,1,0,0.18754469900159165,6.668697834014893,2,32,1281,2432,relu,none,0.0,none,20496,orthogonal,4.054092566172282,2.926488161087036,nonlinear_product,321,5,0.117,512,3.3151907920837402,2.018196121282034,0.0330576352110059,0.0,,gaussian,cpu,cpu,8,,float32,none,small,moderate,medium,cpu,small_model__moderate_data__medium_volume,0.02,32,adam,1e-05,orthogonal,84.57994079589844,11.403013229370117,-61.59539031982422,105.87937927246094,16.991065979003906,11.356667137145996,2.916855573654175,2.63289475440979,1.2844371795654297,5.573671340942383,50.10919952392578,0.1865730658173561,0.0979667380452156
667,2026-09-01 13:46:10,test,322,full_training,4.885427951812744,0.030132973566651344,28.0,1,0,0.03578778199153021,4.410750865936279,2,32,1281,2432,relu,none,0.0,none,20496,xavier,4.337605396906535,2.741262674331665,linear,322,5,0.047,384,2.167330503463745,1.805686646965096,0.052549691302468116,0.0,,gaussian,cpu,cpu,8,,float32,none,small,clean,medium,cpu,small_model__clean_data__medium_volume,0.02,32,adam,1e-05,xavier,116.72314453125,16.024261474609375,-151.85198974609375,90.90497589111328,16.83348846435547,64.1225513458252,3.8386852741241455,3.6773672103881836,1.732487440109253,4.993960380554199,222.6584014892578,0.23490840196609497,0.1508457362651825
668,2026-09-01 13:46:10,test,322,full_training,8.30377197265625,0.049496497958898544,34.0,1,0,0.06338872201740742,4.366233825683594,2,32,1281,2432,relu,none,0.0,none,20496,he,5.668473839759827,3.066263437271118,linear,322,5,0.047,384,2.167330503463745,1.805686646965096,0.052549691302468116,0.0,,gaussian,cpu,cpu,8,,float32,none,small,clean,medium,cpu,small_model__clean_data__medium_volume,0.02,32,adam,1e-05,he,268.70367431640625,53.06219482421875,-1520.89111328125,90.90497589111328,16.833484649658203,190.6417007446289,3.8386855125427246,3.6773667335510254,3.3325061798095703,14.038108825683594,1448.720947265625,0.4518553465604782,0.5581292659044266
669,2026-09-01 13:46:10,test,322,full_training,3.8816134929656982,0.04861971363425255,27.0,1,0,0.03631582600064576,4.573311805725098,2,32,1281,2432,relu,none,0.0,none,20496,orthogonal,4.054092566172282,2.926488161087036,linear,322,5,0.047,384,2.167330503463745,1.805686646965096,0.052549691302468116,0.0,,gaussian,cpu,cpu,8,,float32,none,small,clean,medium,cpu,small_model__clean_data__medium_volume,0.02,32,adam,1e-05,orthogonal,84.57994079589844,8.67387580871582,-45.985958099365234,101.53006744384766,16.811676025390625,40.6128345489502,2.8096256256103516,2.660559892654419,1.3203425407409668,3.204991102218628,69.41966247558594,0.1901199147105217,0.09587441384792328
670,2026-09-01 13:46:10,train,323,full_training,0.6011857986450195,0.04885219782590866,98.0,1,0,0.14169016599771567,6.0098466873168945,2,32,1249,2368,relu,none,0.0,none,19984,xavier,4.106595436731975,2.8521344661712646,nonlinear_interaction,323,4,0.041,512,1.7446560859680176,1.6972172586173537,0.04711013033690714,0.0,,gaussian,cpu,cpu,8,,float32,none,small,clean,medium,cpu,small_model__clean_data__medium_volume,0.02,32,adam,1e-05,xavier,88.71050262451172,13.005422592163086,-97.99209594726562,75.7711410522461,14.075418472290039,30.158608055114748,3.262415885925293,3.128264904022217,1.6715028285980225,4.78848123550415,141.55714416503906,0.21399059891700745,0.13227848708629608
671,2026-09-01 13:46:11,train,323,full_training,1.3848321437835693,0.03808172792196274,67.0,1,0,0.09589188199606724,5.223738193511963,2,32,1249,2368,relu,none,0.0,none,19984,he,5.400059739748637,2.908212184906006,nonlinear_interaction,323,4,0.041,512,1.7446560859680176,1.6972172586173537,0.04711013033690714,0.0,,gaussian,cpu,cpu,8,,float32,none,small,clean,medium,cpu,small_model__clean_data__medium_volume,0.02,32,adam,1e-05,he,225.21484375,42.40180587768555,-969.2787475585938,75.7711410522461,14.07541561126709,114.1899570465088,3.2624149322509766,3.1282644271850586,3.545792818069458,12.141816139221191,929.7415771484375,0.4539426118135452,0.5952531397342682
672,2026-09-01 13:46:11,train,323,full_training,0.6379033327102661,0.049709051847457886,105.0,1,0,0.14757339100469835,5.982203006744385,2,32,1249,2368,relu,none,0.0,none,19984,orthogonal,3.9428090254465737,2.9643869400024414,nonlinear_interaction,323,4,0.041,512,1.7446560859680176,1.6972172586173537,0.04711013033690714,0.0,,gaussian,cpu,cpu,8,,float32,none,small,clean,medium,cpu,small_model__clean_data__medium_volume,0.02,32,adam,1e-05,orthogonal,68.3827133178711,10.703974723815918,-73.90110778808594,81.35794830322266,14.8950834274292,13.402193450927735,1.980059027671814,1.9103368520736694,1.2669425010681152,4.319038391113281,108.5112075805664,0.19637098163366318,0.10074141249060631
673,2026-09-01 13:46:11,train,324,full_training,22.330629348754883,0.040025241672992706,243.0,1,0,0.3513213530241046,7.55362606048584,2,32,1345,2560,relu,none,0.0,none,21520,xavier,4.824894110361735,2.6007485389709473,nonlinear_product,324,7,0.05,768,3.841409921646118,2.0918582663574905,0.03626401654022311,0.0,,gaussian,cpu,cpu,8,,float32,none,small,clean,high,cpu,small_model__clean_data__high_volume,0.02,32,adam,1e-05,xavier,222.52198791503906,47.90793228149414,-1384.81787109375,112.23979949951172,17.643239974975586,135.9104169845581,7.8063063621521,7.010954856872559,2.1313741207122803,15.40816879272461,1723.4822998046875,0.2956996113061905,0.2510526701807976
674,2026-09-01 13:46:12,train,324,full_training,32.31489562988281,0.04811147600412369,219.0,1,0,0.3062439600180369,6.805159091949463,2,32,1345,2560,relu,none,0.0,none,21520,he,6.084149400393168,3.0874176025390625,nonlinear_product,324,7,0.05,768,3.841409921646118,2.0918582663574905,0.03626401654022311,0.0,,gaussian,cpu,cpu,8,,float32,none,small,clean,high,cpu,small_model__clean_data__high_volume,0.02,32,adam,1e-05,he,444.48486328125,134.48341369628906,-9685.1943359375,112.23979949951172,17.643239974975586,354.21698608398435,7.806305408477783,7.010953903198242,3.557361125946045,36.47050476074219,10400.458984375,0.49353618919849396,0.6993610262870789
675,2026-09-01 13:46:12,train,324,full_training,19.202892303466797,0.03363053500652313,353.0,1,0,0.44559500998002477,9.014714241027832,2,32,1345,2560,relu,none,0.0,none,21520,orthogonal,4.247219244639079,2.8800108432769775,nonlinear_product,324,7,0.05,768,3.841409921646118,2.0918582663574905,0.03626401654022311,0.0,,gaussian,cpu,cpu,8,,float32,none,small,clean,high,cpu,small_model__clean_data__high_volume,0.02,32,adam,1e-05,orthogonal,111.43936157226562,25.50701141357422,-600.7744140625,112.96126556396484,18.699947357177734,126.88472290039063,4.329278945922852,3.98427677154541,1.5168466567993164,10.988102912902832,882.819580078125,0.2647116184234619,0.1625165492296219
676,2026-09-01 13:46:12,train,325,full_training,2.0092337131500244,0.04951702058315277,42.0,1,0,0.055433897010516375,4.652012348175049,2,32,1313,2496,relu,none,0.0,none,21008,xavier,4.628277778625488,2.699293613433838,linear,325,6,0.256,256,1.9242373704910278,1.7462033922395344,0.06702392314675239,0.0,,gaussian,cpu,cpu,8,,float32,none,small,noisy,low,cpu,small_model__noisy_data__low_volume,0.02,32,adam,1e-05,xavier,180.12289428710938,11.737213134765625,-44.98966979980469,95.28455352783203,17.696401596069336,39.79100227355957,5.002151966094971,4.60927152633667,1.7859854698181152,3.1818385124206543,147.6697998046875,0.28125690668821335,0.22296098619699478
677,2026-09-01 13:46:12,train,325,full_training,2.2893993854522705,0.045329779386520386,52.0,1,0,0.091594489000272,4.768253803253174,2,32,1313,2496,relu,none,0.0,none,21008,he,5.945054133733113,3.1431682109832764,linear,325,6,0.256,256,1.9242373704910278,1.7462033922395344,0.06702392314675239,0.0,,gaussian,cpu,cpu,8,,float32,none,small,noisy,low,cpu,small_model__noisy_data__low_volume,0.02,32,adam,1e-05,he,383.60638427734375,27.932445526123047,-224.55906677246094,95.28455352783203,17.6964054107666,109.43404235839844,5.002152442932129,4.609273910522461,3.1781845092773438,6.452468395233154,640.6294555664062,0.500500351190567,0.706043154001236
678,2026-09-01 13:46:12,train,325,full_training,2.3255414962768555,0.049573831260204315,57.0,1,0,0.07658822098164819,5.192976474761963,2,32,1313,2496,relu,none,0.0,none,21008,orthogonal,4.154700259367625,2.899160146713257,linear,325,6,0.256,256,1.9242373704910278,1.7462033922395344,0.06702392314675239,0.0,,gaussian,cpu,cpu,8,,float32,none,small,noisy,low,cpu,small_model__noisy_data__low_volume,0.02,32,adam,1e-05,orthogonal,108.75711059570312,9.746003150939941,-46.93843460083008,110.80345153808594,17.460330963134766,16.561038732528687,3.7851805686950684,3.5381596088409424,1.41181218624115,3.231715440750122,83.25936889648438,0.23788414150476456,0.14615102857351303
679,2026-09-01 13:46:13,test,326,full_training,2.4286885261535645,0.046107739210128784,73.0,1,0,0.09172621500329114,5.358654975891113,2,32,1249,2368,relu,none,0.0,none,19984,xavier,4.106595436731975,2.8521344661712646,nonlinear_interaction,326,4,0.142,256,1.9134483337402344,1.7433920455043879,0.04528798593524936,0.0,,gaussian,cpu,cpu,8,,float32,none,small,moderate,low,cpu,small_model__moderate_data__low_volume,0.02,32,adam,1e-05,xavier,88.71050262451172,12.556174278259277,-151.8915557861328,76.54100799560547,13.52553939819336,10.741963577270507,3.366579055786133,3.2669780254364014,1.6585969924926758,5.392148494720459,148.67088317871094,0.21026233583688736,0.12796727940440178
680,2026-09-01 13:46:13,test,326,full_training,4.557236194610596,0.0481191948056221,73.0,1,0,0.09231493997504003,4.764529228210449,2,32,1249,2368,relu,none,0.0,none,19984,he,5.400059739748637,2.908212184906006,nonlinear_interaction,326,4,0.142,256,1.9134483337402344,1.7433920455043879,0.04528798593524936,0.0,,gaussian,cpu,cpu,8,,float32,none,small,moderate,low,cpu,small_model__moderate_data__low_volume,0.02,32,adam,1e-05,he,225.21484375,45.02562713623047,-1855.23046875,76.54100799560547,13.52553939819336,68.57188568115234,3.366579294204712,3.2669782638549805,3.5184154510498047,15.943432807922363,879.4032592773438,0.4460337460041046,0.5758527219295502
681,2026-09-01 13:46:13,test,326,full_training,2.458207130432129,0.0486585758626461,77.0,1,0,0.12877425499027595,5.1179046630859375,2,32,1249,2368,relu,none,0.0,none,19984,orthogonal,3.9428090254465737,2.9643869400024414,nonlinear_interaction,326,4,0.142,256,1.9134483337402344,1.7433920455043879,0.04528798593524936,0.0,,gaussian,cpu,cpu,8,,float32,none,small,moderate,low,cpu,small_model__moderate_data__low_volume,0.02,32,adam,1e-05,orthogonal,68.3827133178711,10.149529457092285,-69.00898742675781,85.26109313964844,15.540928840637207,12.156194686889648,2.064793825149536,1.9830119609832764,1.2172472476959229,4.022916316986084,75.76596069335938,0.1875406578183174,0.08721679449081421
682,2026-09-01 13:46:14,train,327,full_training,5.499246597290039,0.15760354697704315,,0,0,1.0031621459929738,10.861767768859863,2,32,1217,2304,relu,none,0.0,none,19472,xavier,3.998493274052938,2.7725577354431152,nonlinear_product,327,3,0.251,768,5.626786708831787,2.282707800594744,0.03070711145436043,0.0,,gaussian,cpu,cpu,8,,float32,none,small,noisy,high,cpu,small_model__noisy_data__high_volume,0.02,32,adam,1e-05,xavier,85.53611755371094,33.671573638916016,-576.5336303710938,54.85258865356445,11.714460372924805,48.96890735626221,2.433202028274536,2.4164445400238037,1.298852562904358,13.272939682006836,96.80076599121094,0.16258499026298523,0.07870771735906601
683,2026-09-01 13:46:14,train,327,full_training,4.420692443847656,0.04164829105138779,392.0,1,0,0.4684332169999834,8.678519248962402,2,32,1217,2304,relu,none,0.0,none,19472,he,5.3281480471293134,2.563436269760132,nonlinear_product,327,3,0.251,768,5.626786708831787,2.282707800594744,0.03070711145436043,0.0,,gaussian,cpu,cpu,8,,float32,none,small,noisy,high,cpu,small_model__noisy_data__high_volume,0.02,32,adam,1e-05,he,247.24282836914062,90.30602264404297,-2438.322265625,54.85258865356445,11.714457511901855,188.68951911926268,2.4332022666931152,2.4164443016052246,3.1370272636413574,28.094867706298828,405.6813049316406,0.3926801085472107,0.45912839472293854
684,2026-09-01 13:46:15,train,327,full_training,4.810049533843994,0.04943122714757919,422.0,1,0,0.4022475050005596,10.531344413757324,2,32,1217,2304,relu,none,0.0,none,19472,orthogonal,3.8164965311686196,3.016789674758911,nonlinear_product,327,3,0.251,768,5.626786708831787,2.282707800594744,0.03070711145436043,0.0,,gaussian,cpu,cpu,8,,float32,none,small,noisy,high,cpu,small_model__noisy_data__high_volume,0.02,32,adam,1e-05,orthogonal,53.49358367919922,23.96183967590332,-317.98199462890625,46.251617431640625,12.231565475463867,2.3152692794799803,1.8283758163452148,1.7797876596450806,1.2151257991790771,10.533889770507812,44.434043884277344,0.17369086295366287,0.07097688689827919
685,2026-09-01 13:46:15,train,328,full_training,2.3794822692871094,0.04327445477247238,49.0,1,0,0.04105224201339297,4.731749057769775,2,32,1313,2496,relu,none,0.0,none,21008,xavier,4.628277778625488,2.699293613433838,linear,328,6,0.226,768,1.9967126846313477,1.7646896184988357,0.033779200760335804,0.0,,gaussian,cpu,cpu,8,,float32,none,small,moderate,high,cpu,small_model__moderate_data__high_volume,0.02,32,adam,1e-05,xavier,180.12289428710938,10.626313209533691,-34.1187744140625,104.88153839111328,17.374065399169922,26.667019653320313,5.068389415740967,4.801863193511963,1.8297172784805298,2.7835981845855713,39.02790451049805,0.26745394617319107,0.2034796103835106
686,2026-09-01 13:46:15,train,328,full_training,2.7601256370544434,0.04868905246257782,56.0,1,0,0.05623232398647815,4.5779643058776855,2,32,1313,2496,relu,none,0.0,none,21008,he,5.945054133733113,3.1431682109832764,linear,328,6,0.226,768,1.9967126846313477,1.7646896184988357,0.033779200760335804,0.0,,gaussian,cpu,cpu,8,,float32,none,small,moderate,high,cpu,small_model__moderate_data__high_volume,0.02,32,adam,1e-05,he,383.60638427734375,26.002582550048828,-209.38919067382812,104.88153839111328,17.374065399169922,83.6171760559082,5.068388938903809,4.801860332489014,3.2560060024261475,5.769408702850342,215.63072204589844,0.47593776881694794,0.6443521082401276
687,2026-09-01 13:46:15,train,328,full_training,2.5977439880371094,0.041154347360134125,87.0,1,0,0.07645407898235135,5.4282612800598145,2,32,1313,2496,relu,none,0.0,none,21008,orthogonal,4.154700259367625,2.899160146713257,linear,328,6,0.226,768,1.9967126846313477,1.7646896184988357,0.033779200760335804,0.0,,gaussian,cpu,cpu,8,,float32,none,small,moderate,high,cpu,small_model__moderate_data__high_volume,0.02,32,adam,1e-05,orthogonal,108.75711059570312,8.261038780212402,-37.627803802490234,111.46585845947266,17.576936721801758,13.309302711486817,3.535111665725708,3.3291687965393066,1.4012421369552612,2.9383351802825928,25.758888244628906,0.22390127182006836,0.12973792105913162
688,2026-09-01 13:46:15,test,329,full_training,3.558833122253418,0.0464501827955246,108.0,1,0,0.09395396601757966,6.014566421508789,2,32,1345,2560,relu,none,0.0,none,21520,xavier,4.824894110361735,2.6007485389709473,nonlinear_interaction,329,7,0.093,512,1.8561837673187256,1.728199854217951,0.03942163651238796,0.0,,gaussian,cpu,cpu,8,,float32,none,small,clean,medium,cpu,small_model__clean_data__medium_volume,0.02,32,adam,1e-05,xavier,222.52198791503906,36.39859390258789,-953.3980102539062,110.47808837890625,17.017173767089844,138.76368522644043,8.178567886352539,6.309109687805176,2.273787021636963,11.32278060913086,276.08636474609375,0.3274307996034622,0.2890189588069916
689,2026-09-01 13:46:15,test,329,full_training,6.685232162475586,0.048854053020477295,160.0,1,0,0.13463805298670195,6.107140064239502,2,32,1345,2560,relu,none,0.0,none,21520,he,6.084149400393168,3.0874176025390625,nonlinear_interaction,329,7,0.093,512,1.8561837673187256,1.728199854217951,0.03942163651238796,0.0,,gaussian,cpu,cpu,8,,float32,none,small,clean,medium,cpu,small_model__clean_data__medium_volume,0.02,32,adam,1e-05,he,444.48486328125,119.93251037597656,-8888.212890625,110.47808837890625,17.01717758178711,391.57535018920896,8.178566932678223,6.309108734130859,3.7950544357299805,31.972463607788086,2188.7021484375,0.5464970171451569,0.8051242530345917
690,2026-09-01 13:46:16,test,329,full_training,2.877384901046753,0.03241822496056557,117.0,1,0,0.10783336599706672,6.748551845550537,2,32,1345,2560,relu,none,0.0,none,21520,orthogonal,4.247219244639079,2.8800108432769775,nonlinear_interaction,329,7,0.093,512,1.8561837673187256,1.728199854217951,0.03942163651238796,0.0,,gaussian,cpu,cpu,8,,float32,none,small,clean,medium,cpu,small_model__clean_data__medium_volume,0.02,32,adam,1e-05,orthogonal,111.43936157226562,15.113973617553711,-238.17678833007812,114.46123504638672,18.705717086791992,89.53339424133301,4.085362434387207,3.8924787044525146,1.5748555660247803,6.254936695098877,84.42631530761719,0.26993638277053833,0.16116894036531448
691,2026-09-01 13:46:16,train,330,full_training,8.090058326721191,0.04674079269170761,108.0,1,0,0.09965531699708663,7.0101189613342285,2,32,1345,2560,relu,none,0.0,none,21520,xavier,4.824894110361735,2.6007485389709473,nonlinear_product,330,7,0.021,256,4.666233062744141,2.1891145939566807,0.05954845578668916,0.0,,gaussian,cpu,cpu,8,,float32,none,small,clean,low,cpu,small_model__clean_data__low_volume,0.02,32,adam,1e-05,xavier,222.52198791503906,62.119667053222656,-2059.4931640625,113.30317687988281,17.798757553100586,147.79703845977784,6.156223297119141,5.604894161224365,2.2033467292785645,18.423860549926758,676.2147216796875,0.33777061104774475,0.28862464427948
692,2026-09-01 13:46:16,train,330,full_training,15.062468528747559,0.04355582594871521,126.0,1,0,0.11090406600851566,6.579449653625488,2,32,1345,2560,relu,none,0.0,none,21520,he,6.084149400393168,3.0874176025390625,nonlinear_product,330,7,0.021,256,4.666233062744141,2.1891145939566807,0.05954845578668916,0.0,,gaussian,cpu,cpu,8,,float32,none,small,clean,low,cpu,small_model__clean_data__low_volume,0.02,32,adam,1e-05,he,444.48486328125,177.28211975097656,-14745.02734375,113.30317687988281,17.798763275146484,408.5389892578125,6.156223773956299,5.604889869689941,3.6774871349334717,44.691429138183594,4075.942138671875,0.5637546479701996,0.8040258288383484
693,2026-09-01 13:46:16,train,330,full_training,6.0878190994262695,0.04977693781256676,145.0,1,0,0.1230579320108518,8.300457954406738,2,32,1345,2560,relu,none,0.0,none,21520,orthogonal,4.247219244639079,2.8800108432769775,nonlinear_product,330,7,0.021,256,4.666233062744141,2.1891145939566807,0.05954845578668916,0.0,,gaussian,cpu,cpu,8,,float32,none,small,clean,low,cpu,small_model__clean_data__low_volume,0.02,32,adam,1e-05,orthogonal,111.43936157226562,27.893566131591797,-706.9332275390625,109.59519958496094,18.47713851928711,104.03357391357422,4.0311198234558105,3.742687463760376,1.5919725894927979,11.730949401855469,224.0438995361328,0.29205700755119324,0.18165207654237747
694,2026-09-01 13:46:16,train,331,full_training,1.4477425813674927,0.0497513972222805,39.0,1,0,0.03416343400022015,3.6745259761810303,2,32,1249,2368,relu,none,0.0,none,19984,xavier,4.106595436731975,2.8521344661712646,linear,331,4,0.261,384,1.837422490119934,1.7231204176884245,0.06864887983179412,0.0,,gaussian,cpu,cpu,8,,float32,none,small,noisy,medium,cpu,small_model__noisy_data__medium_volume,0.02,32,adam,1e-05,xavier,88.71050262451172,7.451138973236084,-16.98186492919922,58.553916931152344,13.603099822998047,29.487383079528808,3.4878485202789307,3.3742191791534424,1.64449942111969,2.3296730518341064,59.97481155395508,0.19980576634407043,0.11715394258499146
695,2026-09-01 13:46:16,train,331,full_training,1.3098056316375732,0.04777103289961815,39.0,1,0,0.03567450199625455,3.8086702823638916,2,32,1249,2368,relu,none,0.0,none,19984,he,5.400059739748637,2.908212184906006,linear,331,4,0.261,384,1.837422490119934,1.7231204176884245,0.06864887983179412,0.0,,gaussian,cpu,cpu,8,,float32,none,small,noisy,medium,cpu,small_model__noisy_data__medium_volume,0.02,32,adam,1e-05,he,225.21484375,23.777259826660156,-418.7068176269531,58.553916931152344,13.603099822998047,83.78500366210938,3.4878482818603516,3.3742189407348633,3.4885098934173584,6.464202404022217,399.9422912597656,0.42385201156139374,0.5271927118301392
696,2026-09-01 13:46:16,train,331,full_training,1.90411376953125,0.04646718502044678,29.0,1,0,0.04809433899936266,3.894117832183838,2,32,1249,2368,relu,none,0.0,none,19984,orthogonal,3.9428090254465737,2.9643869400024414,linear,331,4,0.261,384,1.837422490119934,1.7231204176884245,0.06864887983179412,0.0,,gaussian,cpu,cpu,8,,float32,none,small,noisy,medium,cpu,small_model__noisy_data__medium_volume,0.02,32,adam,1e-05,orthogonal,68.3827133178711,7.132554531097412,-17.661766052246094,88.27921295166016,15.25765323638916,29.427117347717285,2.0463435649871826,1.935718297958374,1.2552249431610107,2.302809476852417,58.95804214477539,0.17757540941238403,0.08505698665976524
697,2026-09-01 13:46:17,train,332,full_training,1.4234578609466553,0.04003226011991501,141.0,1,0,0.18717999500222504,6.207004070281982,2,32,1281,2432,relu,none,0.0,none,20496,xavier,4.337605396906535,2.741262674331665,nonlinear_interaction,332,5,0.156,768,2.061025381088257,1.7805403415901715,0.027722957488268675,0.0,,gaussian,cpu,cpu,8,,float32,none,small,moderate,high,cpu,small_model__moderate_data__high_volume,0.02,32,adam,1e-05,xavier,116.72314453125,9.03713321685791,-3.7350635528564453,90.56461334228516,15.352450370788574,68.72298889160156,4.203167915344238,3.8379127979278564,1.7828049659729004,2.550732374191284,192.4456787109375,0.2546845003962517,0.19240152835845947
698,2026-09-01 13:46:17,train,332,full_training,2.123812437057495,0.043932583183050156,192.0,1,0,0.23854482400929555,6.500027179718018,2,32,1281,2432,relu,none,0.0,none,20496,he,5.668473839759827,3.066263437271118,nonlinear_interaction,332,5,0.156,768,2.061025381088257,1.7805403415901715,0.027722957488268675,0.0,,gaussian,cpu,cpu,8,,float32,none,small,moderate,high,cpu,small_model__moderate_data__high_volume,0.02,32,adam,1e-05,he,268.70367431640625,24.12982749938965,-520.4957275390625,90.56461334228516,15.352450370788574,221.65331802368163,4.2031683921813965,3.837913751602173,3.429293632507324,6.353816032409668,881.4329833984375,0.48989544808864594,0.7118857204914093
699,2026-09-01 13:46:17,train,332,full_training,1.415789008140564,0.04469253495335579,153.0,1,0,0.20612369099399075,6.734924793243408,2,32,1281,2432,relu,none,0.0,none,20496,orthogonal,4.054092566172282,2.926488161087036,nonlinear_interaction,332,5,0.156,768,2.061025381088257,1.7805403415901715,0.027722957488268675,0.0,,gaussian,cpu,cpu,8,,float32,none,small,moderate,high,cpu,small_model__moderate_data__high_volume,0.02,32,adam,1e-05,orthogonal,84.57994079589844,8.142983436584473,-21.22858428955078,90.62649536132812,16.312755584716797,30.48146390914917,2.860111713409424,2.700340509414673,1.3225841522216797,2.965212345123291,118.810791015625,0.20132485777139664,0.11453832685947418
700,2026-09-01 13:46:17,train,333,full_training,7.499170303344727,0.04637758433818817,169.0,1,0,0.17663446301594377,7.665043354034424,2,32,1345,2560,relu,none,0.0,none,21520,xavier,4.824894110361735,2.6007485389709473,nonlinear_product,333,7,0.105,384,4.805999279022217,2.2038710268537134,0.041193759603665565,0.0,,gaussian,cpu,cpu,8,,float32,none,small,moderate,medium,cpu,small_model__moderate_data__medium_volume,0.02,32,adam,1e-05,xavier,222.52198791503906,57.63052749633789,-1794.7752685546875,114.3917465209961,17.927696228027344,166.39360580444335,6.789482116699219,5.572230815887451,2.2202653884887695,17.177499771118164,821.9971923828125,0.3261766731739044,0.28661272674798965
701,2026-09-01 13:46:18,train,333,full_training,12.560324668884277,0.03971210494637489,212.0,1,0,0.224871909013018,7.120878219604492,2,32,1345,2560,relu,none,0.0,none,21520,he,6.084149400393168,3.0874176025390625,nonlinear_product,333,7,0.105,384,4.805999279022217,2.2038710268537134,0.041193759603665565,0.0,,gaussian,cpu,cpu,8,,float32,none,small,moderate,medium,cpu,small_model__moderate_data__medium_volume,0.02,32,adam,1e-05,he,444.48486328125,164.9079132080078,-13054.173828125,114.3917465209961,17.927692413330078,460.2436828613281,6.789482116699219,5.572230339050293,3.7057249546051025,41.81841278076172,5076.7216796875,0.5444037914276123,0.7984212040901184
702,2026-09-01 13:46:18,train,333,full_training,6.1599931716918945,0.034410685300827026,219.0,1,0,0.2570428430044558,8.253671646118164,2,32,1345,2560,relu,none,0.0,none,21520,orthogonal,4.247219244639079,2.8800108432769775,nonlinear_product,333,7,0.105,384,4.805999279022217,2.2038710268537134,0.041193759603665565,0.0,,gaussian,cpu,cpu,8,,float32,none,small,moderate,medium,cpu,small_model__moderate_data__medium_volume,0.02,32,adam,1e-05,orthogonal,111.43936157226562,25.58644676208496,-577.19970703125,114.84254455566406,18.998083114624023,108.10236015319825,4.161326885223389,3.9948902130126953,1.5707955360412598,10.74439525604248,222.21348571777344,0.2802419066429138,0.16652369499206543
703,2026-09-01 13:46:18,train,334,full_training,1.2747291326522827,0.03433223441243172,26.0,1,0,0.030650564993266016,3.6873409748077393,2,32,1217,2304,relu,none,0.0,none,19472,xavier,3.998493274052938,2.7725577354431152,linear,334,3,0.166,768,1.9622634649276733,1.7559878511971843,0.017809296815104462,0.0,,gaussian,cpu,cpu,8,,float32,none,small,moderate,high,cpu,small_model__moderate_data__high_volume,0.02,32,adam,1e-05,xavier,85.53611755371094,9.828557968139648,-31.40935707092285,53.01494598388672,12.999756813049316,41.955855178833005,2.3678336143493652,2.3180489540100098,1.315660834312439,3.11613130569458,52.62055587768555,0.15143267810344696,0.06527930125594139
704,2026-09-01 13:46:18,train,334,full_training,0.9051179885864258,0.044152483344078064,31.0,1,0,0.034845519985537976,3.1664578914642334,2,32,1217,2304,relu,none,0.0,none,19472,he,5.3281480471293134,2.563436269760132,linear,334,3,0.166,768,1.9622634649276733,1.7559878511971843,0.017809296815104462,0.0,,gaussian,cpu,cpu,8,,float32,none,small,moderate,high,cpu,small_model__moderate_data__high_volume,0.02,32,adam,1e-05,he,247.24282836914062,23.922094345092773,-87.39864349365234,53.01494598388672,12.999753952026367,165.986181640625,2.3678336143493652,2.318049430847168,3.1776230335235596,5.599884033203125,139.66661071777344,0.3657447099685669,0.3807959705591202
705,2026-09-01 13:46:18,train,334,full_training,1.6094932556152344,0.04866175353527069,23.0,1,0,0.027265440992778167,4.295223236083984,2,32,1217,2304,relu,none,0.0,none,19472,orthogonal,3.8164965311686196,3.016789674758911,linear,334,3,0.166,768,1.9622634649276733,1.7559878511971843,0.017809296815104462,0.0,,gaussian,cpu,cpu,8,,float32,none,small,moderate,high,cpu,small_model__moderate_data__high_volume,0.02,32,adam,1e-05,orthogonal,53.49358367919922,9.587297439575195,-45.50092697143555,47.95363998413086,12.53026294708252,33.376363849639894,1.80157470703125,1.7149380445480347,1.2041699886322021,3.2854812145233154,63.036258697509766,0.16069741547107697,0.06344092451035976
706,2026-09-01 13:46:18,train,335,full_training,2.240324020385742,0.03666962310671806,106.0,1,0,0.12202543701278046,5.81594181060791,2,32,1281,2432,relu,none,0.0,none,20496,xavier,4.337605396906535,2.741262674331665,nonlinear_interaction,335,5,0.0,768,1.9223276376724243,1.7457069147403994,0.03590030816352878,0.0,,gaussian,cpu,cpu,8,,float32,none,small,clean,high,cpu,small_model__clean_data__high_volume,0.02,32,adam,1e-05,xavier,116.72314453125,8.270349502563477,-31.029592514038086,94.44489288330078,16.893510818481445,54.814663314819335,3.7975664138793945,3.546739101409912,1.7068045139312744,2.546034574508667,138.28900146484375,0.2299637645483017,0.15167274326086044
707,2026-09-01 13:46:18,train,335,full_training,3.702967643737793,0.033810000866651535,112.0,1,0,0.13524370998493396,5.486276149749756,2,32,1281,2432,relu,none,0.0,none,20496,he,5.668473839759827,3.066263437271118,nonlinear_interaction,335,5,0.0,768,1.9223276376724243,1.7457069147403994,0.03590030816352878,0.0,,gaussian,cpu,cpu,8,,float32,none,small,clean,high,cpu,small_model__clean_data__high_volume,0.02,32,adam,1e-05,he,268.70367431640625,28.676246643066406,-408.9560546875,94.44489288330078,16.893510818481445,180.01303281784058,3.7975666522979736,3.5467371940612793,3.283104181289673,7.04997444152832,641.029052734375,0.4423440992832184,0.5611891746520996
708,2026-09-01 13:46:19,train,335,full_training,1.8694181442260742,0.04102034121751785,106.0,1,0,0.12435071199433878,6.021341800689697,2,32,1281,2432,relu,none,0.0,none,20496,orthogonal,4.054092566172282,2.926488161087036,nonlinear_interaction,335,5,0.0,768,1.9223276376724243,1.7457069147403994,0.03590030816352878,0.0,,gaussian,cpu,cpu,8,,float32,none,small,clean,high,cpu,small_model__clean_data__high_volume,0.02,32,adam,1e-05,orthogonal,84.57994079589844,5.769828796386719,-15.866532325744629,97.46489715576172,16.443649291992188,37.15372886657715,2.7275242805480957,2.6586179733276367,1.3390048742294312,2.379755973815918,69.66577911376953,0.19346429407596588,0.10035480931401253
709,2026-09-01 13:46:19,train,336,full_training,2.6543831825256348,0.03548078611493111,310.0,1,0,0.3080741290177684,8.120119094848633,2,32,1217,2304,relu,none,0.0,none,19472,xavier,3.998493274052938,2.7725577354431152,nonlinear_product,336,3,0.232,384,3.6615936756134033,2.067887774772869,0.016325477414266692,0.0,,gaussian,cpu,cpu,8,,float32,none,small,moderate,medium,cpu,small_model__moderate_data__medium_volume,0.02,32,adam,1e-05,xavier,85.53611755371094,22.3392276763916,-235.435546875,65.66817474365234,12.379622459411621,14.545926475524903,2.3924365043640137,2.4411826133728027,1.3409887552261353,8.787574768066406,368.8080139160156,0.14789821207523346,0.0635361410677433
710,2026-09-01 13:46:19,train,336,full_training,3.0292811393737793,0.047793567180633545,260.0,1,0,0.22699693302274682,6.215089797973633,2,32,1217,2304,relu,none,0.0,none,19472,he,5.3281480471293134,2.563436269760132,nonlinear_product,336,3,0.232,384,3.6615936756134033,2.067887774772869,0.016325477414266692,0.0,,gaussian,cpu,cpu,8,,float32,none,small,moderate,medium,cpu,small_model__moderate_data__medium_volume,0.02,32,adam,1e-05,he,247.24282836914062,62.12047576904297,-1112.2099609375,65.66817474365234,12.379619598388672,115.33789710998535,2.3924367427825928,2.44118332862854,3.238795757293701,17.93268585205078,1981.034423828125,0.35720813274383545,0.3706275373697281
711,2026-09-01 13:46:19,train,336,full_training,2.2721502780914307,0.04981745779514313,297.0,1,0,0.2594573739916086,8.831995964050293,2,32,1217,2304,relu,none,0.0,none,19472,orthogonal,3.8164965311686196,3.016789674758911,nonlinear_product,336,3,0.232,384,3.6615936756134033,2.067887774772869,0.016325477414266692,0.0,,gaussian,cpu,cpu,8,,float32,none,small,moderate,medium,cpu,small_model__moderate_data__medium_volume,0.02,32,adam,1e-05,orthogonal,53.49358367919922,15.488517761230469,-112.96640014648438,34.22161865234375,12.293807029724121,-4.848292255401612,1.7353415489196777,1.613214135169983,1.224095344543457,6.98338508605957,242.37680053710938,0.1571059450507164,0.06030590459704399
712,2026-09-01 13:46:20,train,337,full_training,1.0743569135665894,0.039027806371450424,10.0,1,0,0.008351213007699698,2.746659517288208,2,32,1217,2304,relu,none,0.0,none,19472,xavier,3.998493274052938,2.7725577354431152,linear,337,3,0.15,512,1.9156272411346436,1.743961088237284,0.04271158073716235,0.0,,gaussian,cpu,cpu,8,,float32,none,small,moderate,medium,cpu,small_model__moderate_data__medium_volume,0.02,32,adam,1e-05,xavier,85.53611755371094,6.908035755157471,-17.64890480041504,67.33052062988281,12.70336627960205,32.59932117462158,2.475207805633545,2.537161111831665,1.3035025596618652,2.3027827739715576,43.13603210449219,0.12733658775687218,0.047264017164707184
713,2026-09-01 13:46:20,train,337,full_training,0.7027714848518372,0.0463714525103569,21.0,1,0,0.021148439001990482,2.644489288330078,2,32,1217,2304,relu,none,0.0,none,19472,he,5.3281480471293134,2.563436269760132,linear,337,3,0.15,512,1.9156272411346436,1.743961088237284,0.04271158073716235,0.0,,gaussian,cpu,cpu,8,,float32,none,small,moderate,medium,cpu,small_model__moderate_data__medium_volume,0.02,32,adam,1e-05,he,247.24282836914062,18.04813575744629,-66.05205535888672,67.33052062988281,12.703363418579102,123.68648986816406,2.475207805633545,2.537160873413086,3.1482577323913574,4.345583438873291,170.0250701904297,0.30754709243774414,0.27570681273937225
714,2026-09-01 13:46:20,train,337,full_training,1.3304758071899414,0.047494444996118546,21.0,1,0,0.021040188992628828,4.219238758087158,2,32,1217,2304,relu,none,0.0,none,19472,orthogonal,3.8164965311686196,3.016789674758911,linear,337,3,0.15,512,1.9156272411346436,1.743961088237284,0.04271158073716235,0.0,,gaussian,cpu,cpu,8,,float32,none,small,moderate,medium,cpu,small_model__moderate_data__medium_volume,0.02,32,adam,1e-05,orthogonal,53.49358367919922,6.97158670425415,-21.85101318359375,24.92333984375,12.422840118408203,26.834642505645753,1.9055488109588623,1.898960828781128,1.1605689525604248,2.3886022567749023,30.115100860595703,0.13704697042703629,0.046218905597925186
715,2026-09-01 13:46:20,train,338,full_training,1.8348207473754883,0.040227312594652176,105.0,1,0,0.11317707400303334,5.7700066566467285,2,32,1249,2368,relu,none,0.0,none,19984,xavier,4.106595436731975,2.8521344661712646,nonlinear_interaction,338,4,0.124,768,1.9266834259033203,1.7468385794767134,0.019659206729454117,0.0,,gaussian,cpu,cpu,8,,float32,none,small,moderate,high,cpu,small_model__moderate_data__high_volume,0.02,32,adam,1e-05,xavier,88.71050262451172,9.957440376281738,-68.68323516845703,75.11637878417969,14.23226547241211,15.742846870422364,3.1607556343078613,3.055799722671509,1.6357089281082153,3.645540237426758,82.7665023803711,0.1920563206076622,0.09945879504084587
716,2026-09-01 13:46:20,train,338,full_training,2.6257424354553223,0.04177099093794823,118.0,1,0,0.11719364498276263,5.177419662475586,2,32,1249,2368,relu,none,0.0,none,19984,he,5.400059739748637,2.908212184906006,nonlinear_interaction,338,4,0.124,768,1.9266834259033203,1.7468385794767134,0.019659206729454117,0.0,,gaussian,cpu,cpu,8,,float32,none,small,moderate,high,cpu,small_model__moderate_data__high_volume,0.02,32,adam,1e-05,he,225.21484375,37.166526794433594,-838.3684692382812,75.11637878417969,14.23226547241211,64.51104536056519,3.1607558727264404,3.055799722671509,3.469862937927246,10.560198783874512,884.441162109375,0.40741294622421265,0.4475645273923874
717,2026-09-01 13:46:20,train,338,full_training,1.707917332649231,0.049614086747169495,97.0,1,0,0.08898006600793451,5.6714091300964355,2,32,1249,2368,relu,none,0.0,none,19984,orthogonal,3.9428090254465737,2.9643869400024414,nonlinear_interaction,338,4,0.124,768,1.9266834259033203,1.7468385794767134,0.019659206729454117,0.0,,gaussian,cpu,cpu,8,,float32,none,small,moderate,high,cpu,small_model__moderate_data__high_volume,0.02,32,adam,1e-05,orthogonal,68.3827133178711,7.732905864715576,-45.321205139160156,78.95577239990234,15.146632194519043,13.967632484436034,2.0077521800994873,1.9460703134536743,1.2546277046203613,3.1257216930389404,44.422264099121094,0.18015028536319733,0.07854992151260376
718,2026-09-01 13:46:20,train,339,full_training,4.996968746185303,0.046483758836984634,398.0,1,0,0.34882192697841674,10.14035701751709,2,32,1249,2368,relu,none,0.0,none,19984,xavier,4.106595436731975,2.8521344661712646,nonlinear_product,339,4,0.25,384,4.799082279205322,2.203150887105739,0.04119447285609367,0.0,,gaussian,cpu,cpu,8,,float32,none,small,noisy,medium,cpu,small_model__noisy_data__medium_volume,0.02,32,adam,1e-05,xavier,88.71050262451172,18.97918701171875,-225.78175354003906,82.67548370361328,14.071248054504395,10.25837516784668,3.30584454536438,3.2721028327941895,1.6165077686309814,7.460270881652832,383.7457580566406,0.20076511800289154,0.12178387120366096
719,2026-09-01 13:46:21,train,339,full_training,8.367278099060059,0.04382831230759621,446.0,1,0,0.38408669899217784,9.560615539550781,2,32,1249,2368,relu,none,0.0,none,19984,he,5.400059739748637,2.908212184906006,nonlinear_product,339,4,0.25,384,4.799082279205322,2.203150887105739,0.04119447285609367,0.0,,gaussian,cpu,cpu,8,,float32,none,small,noisy,medium,cpu,small_model__noisy_data__medium_volume,0.02,32,adam,1e-05,he,225.21484375,60.267425537109375,-1825.849853515625,82.67548370361328,14.07125186920166,74.24844360351562,3.30584454536438,3.2721033096313477,3.4291305541992188,17.6337890625,2114.401123046875,0.4258870929479599,0.548027366399765
720,2026-09-01 13:46:21,train,339,full_training,4.1997456550598145,0.0493844710290432,357.0,1,0,0.3239982030063402,10.173095703125,2,32,1249,2368,relu,none,0.0,none,19984,orthogonal,3.9428090254465737,2.9643869400024414,nonlinear_product,339,4,0.25,384,4.799082279205322,2.203150887105739,0.04119447285609367,0.0,,gaussian,cpu,cpu,8,,float32,none,small,noisy,medium,cpu,small_model__noisy_data__medium_volume,0.02,32,adam,1e-05,orthogonal,68.3827133178711,14.937137603759766,-161.71826171875,82.04931640625,14.732288360595703,-1.7956103801727294,2.0709452629089355,1.9649475812911987,1.2857664823532104,6.572819232940674,203.1478729248047,0.18902934342622757,0.09794410690665245
721,2026-09-01 13:46:21,train,340,full_training,2.1504483222961426,0.029464107006788254,32.0,1,0,0.027440796984592453,4.617738723754883,2,32,1281,2432,relu,none,0.0,none,20496,xavier,4.337605396906535,2.741262674331665,linear,340,5,0.173,256,2.041004180908203,1.7756594993478065,0.07179306872421483,0.0,,gaussian,cpu,cpu,8,,float32,none,small,moderate,low,cpu,small_model__moderate_data__low_volume,0.02,32,adam,1e-05,xavier,116.72314453125,18.207178115844727,-220.4614715576172,96.05110931396484,17.010520935058594,66.66817665100098,4.0524139404296875,3.749063491821289,1.7852669954299927,5.8039116859436035,89.63372802734375,0.25311657041311264,0.18314428627490997
722,2026-09-01 13:46:21,train,340,full_training,3.9720406532287598,0.04314802214503288,30.0,1,0,0.02794049200019799,4.511830806732178,2,32,1281,2432,relu,none,0.0,none,20496,he,5.668473839759827,3.066263437271118,linear,340,5,0.173,256,2.041004180908203,1.7756594993478065,0.07179306872421483,0.0,,gaussian,cpu,cpu,8,,float32,none,small,moderate,low,cpu,small_model__moderate_data__low_volume,0.02,32,adam,1e-05,he,268.70367431640625,64.12837982177734,-2441.038818359375,96.05110931396484,17.010520935058594,210.34445400238036,4.0524139404296875,3.749066114425659,3.4340295791625977,17.42741584777832,717.2346801757812,0.48687946796417236,0.6776338517665863
723,2026-09-01 13:46:21,train,340,full_training,1.6996346712112427,0.04979700595140457,30.0,1,0,0.02519104100065306,4.711097717285156,2,32,1281,2432,relu,none,0.0,none,20496,orthogonal,4.054092566172282,2.926488161087036,linear,340,5,0.173,256,2.041004180908203,1.7756594993478065,0.07179306872421483,0.0,,gaussian,cpu,cpu,8,,float32,none,small,moderate,low,cpu,small_model__moderate_data__low_volume,0.02,32,adam,1e-05,orthogonal,84.57994079589844,9.450508117675781,-61.0130500793457,98.45805358886719,17.1686954498291,48.94738578796387,2.7816152572631836,2.6339104175567627,1.3324079513549805,3.507772922515869,38.8349494934082,0.20662610232830048,0.11407915875315666
724,2026-09-01 13:46:22,test,341,full_training,2.9512856006622314,0.04763101041316986,113.0,1,0,0.20507011699373834,5.746798038482666,2,32,1377,2624,relu,none,0.0,none,22032,xavier,4.944721817970276,2.613090753555298,nonlinear_interaction,341,8,0.089,384,1.9127446413040161,1.7432081309844611,0.03867896729873318,0.0,,gaussian,cpu,cpu,8,,float32,none,small,clean,medium,cpu,small_model__clean_data__medium_volume,0.02,32,adam,1e-05,xavier,284.1978759765625,17.407222747802734,-215.84983825683594,112.0361099243164,17.238723754882812,57.724690437316895,4643627.5,13.578369140625,2.2458765506744385,5.511041164398193,251.79901123046875,0.3133832514286041,0.297512486577034
725,2026-09-01 13:46:22,test,341,full_training,5.066341400146484,0.048359449952840805,121.0,1,0,0.12511627399362624,5.532952785491943,2,32,1377,2624,relu,none,0.0,none,22032,he,6.131039500236511,3.138056993484497,nonlinear_interaction,341,8,0.089,384,1.9127446413040161,1.7432081309844611,0.03867896729873318,0.0,,gaussian,cpu,cpu,8,,float32,none,small,clean,medium,cpu,small_model__clean_data__medium_volume,0.02,32,adam,1e-05,he,537.7823486328125,51.144752502441406,-1573.7010498046875,112.0361099243164,17.238727569580078,132.0501922607422,3482416.5,13.578352928161621,3.5510430335998535,13.657364845275879,992.1320190429688,0.49550242722034454,0.7437812089920044
726,2026-09-01 13:46:22,test,341,full_training,2.310422420501709,0.0432044118642807,129.0,1,0,0.20763390499632806,6.589924335479736,2,32,1377,2624,relu,none,0.0,none,22032,orthogonal,4.333333333333333,2.8674416542053223,nonlinear_interaction,341,8,0.089,384,1.9127446413040161,1.7432081309844611,0.03867896729873318,0.0,,gaussian,cpu,cpu,8,,float32,none,small,clean,medium,cpu,small_model__clean_data__medium_volume,0.02,32,adam,1e-05,orthogonal,140.87918090820312,6.986563205718994,-44.769020080566406,120.9761962890625,18.898889541625977,53.57742919921875,13.643667221069336,5.677107334136963,1.4918596744537354,2.8063395023345947,99.13689422607422,0.2540535479784012,0.1677045226097107
727,2026-09-01 13:46:22,train,342,full_training,1.5262951850891113,0.04679393023252487,155.0,1,0,0.1560962999938056,7.94106388092041,2,32,1217,2304,relu,none,0.0,none,19472,xavier,3.998493274052938,2.7725577354431152,nonlinear_product,342,3,0.063,256,8.878734588623047,2.5107680559889816,0.04005682639972365,0.0,,gaussian,cpu,cpu,8,,float32,none,small,clean,low,cpu,small_model__clean_data__low_volume,0.02,32,adam,1e-05,xavier,85.53611755371094,22.866039276123047,-236.17913818359375,44.39387512207031,12.355293273925781,16.2403205871582,2.443096876144409,2.3644213676452637,1.3310341835021973,8.675703048706055,82.18829345703125,0.1479877158999443,0.06543866358697414
728,2026-09-01 13:46:22,train,342,full_training,1.2993903160095215,0.04222884401679039,188.0,1,0,0.17075266200117767,7.527098655700684,2,32,1217,2304,relu,none,0.0,none,19472,he,5.3281480471293134,2.563436269760132,nonlinear_product,342,3,0.063,256,8.878734588623047,2.5107680559889816,0.04005682639972365,0.0,,gaussian,cpu,cpu,8,,float32,none,small,clean,low,cpu,small_model__clean_data__low_volume,0.02,32,adam,1e-05,he,247.24282836914062,62.6781005859375,-1010.4532470703125,44.39387512207031,12.355290412902832,117.21704139709473,2.443096876144409,2.3644213676452637,3.2147533893585205,17.725086212158203,574.3121948242188,0.357424333691597,0.38172557950019836
729,2026-09-01 13:46:23,train,342,full_training,1.1675540208816528,0.04018678516149521,155.0,1,0,0.14492012400296517,8.374909400939941,2,32,1217,2304,relu,none,0.0,none,19472,orthogonal,3.8164965311686196,3.016789674758911,nonlinear_product,342,3,0.063,256,8.878734588623047,2.5107680559889816,0.04005682639972365,0.0,,gaussian,cpu,cpu,8,,float32,none,small,clean,low,cpu,small_model__clean_data__low_volume,0.02,32,adam,1e-05,orthogonal,53.49358367919922,16.11199951171875,-115.73568725585938,47.56365203857422,12.020611763000488,4.494124031066894,1.8893486261367798,1.7964112758636475,1.1795556545257568,6.86283540725708,39.96083068847656,0.15571604669094086,0.06334862671792507
730,2026-09-01 13:46:23,train,343,full_training,1.4647502899169922,0.03714606538414955,14.0,1,0,0.013734211010159925,2.8781416416168213,2,32,1217,2304,relu,none,0.0,none,19472,xavier,3.998493274052938,2.7725577354431152,linear,343,3,0.15,384,1.752484679222107,1.6994558320282156,0.04816894745686332,0.0,,gaussian,cpu,cpu,8,,float32,none,small,moderate,medium,cpu,small_model__moderate_data__medium_volume,0.02,32,adam,1e-05,xavier,85.53611755371094,6.885434150695801,-18.112123489379883,57.25646209716797,12.499768257141113,38.6435510635376,2.4623684883117676,2.365144968032837,1.3055211305618286,2.325683116912842,53.34097671508789,0.14533957093954086,0.05891812779009342
731,2026-09-01 13:46:23,train,343,full_training,0.8973796963691711,0.04312742501497269,32.0,1,0,0.03779441799269989,3.0900332927703857,2,32,1217,2304,relu,none,0.0,none,19472,he,5.3281480471293134,2.563436269760132,linear,343,3,0.15,384,1.752484679222107,1.6994558320282156,0.04816894745686332,0.0,,gaussian,cpu,cpu,8,,float32,none,small,moderate,medium,cpu,small_model__moderate_data__medium_volume,0.02,32,adam,1e-05,he,247.24282836914062,19.01751136779785,-97.31307983398438,57.25646209716797,12.499773979187012,167.75772018432616,2.4623684883117676,2.3651440143585205,3.1531331539154053,4.61456298828125,202.29942321777344,0.3510283827781677,0.34368911385536194
732,2026-09-01 13:46:23,train,343,full_training,1.627098560333252,0.03174951672554016,14.0,1,0,0.018454311997629702,3.645636796951294,2,32,1217,2304,relu,none,0.0,none,19472,orthogonal,3.8164965311686196,3.016789674758911,linear,343,3,0.15,384,1.752484679222107,1.6994558320282156,0.04816894745686332,0.0,,gaussian,cpu,cpu,8,,float32,none,small,moderate,medium,cpu,small_model__moderate_data__medium_volume,0.02,32,adam,1e-05,orthogonal,53.49358367919922,6.851184844970703,-15.256145477294922,49.47995376586914,12.482667922973633,27.746550369262696,1.8009474277496338,1.7403463125228882,1.2071068286895752,2.1519510746002197,48.963340759277344,0.14944958686828613,0.054197242483496666
733,2026-09-01 13:46:23,test,344,full_training,3.6923868656158447,0.04957551509141922,183.0,1,0,0.2168943870055955,6.489651679992676,2,32,1345,2560,relu,none,0.0,none,21520,xavier,4.824894110361735,2.6007485389709473,nonlinear_interaction,344,7,0.115,512,2.226196765899658,1.8190858548702689,0.029974614545265024,0.0,,gaussian,cpu,cpu,8,,float32,none,small,moderate,medium,cpu,small_model__moderate_data__medium_volume,0.02,32,adam,1e-05,xavier,222.52198791503906,27.974365234375,-498.07623291015625,110.64706420898438,18.28140640258789,135.23268432617186,14.787246704101562,6.12190055847168,2.1978702545166016,7.829803466796875,723.6387329101562,0.3223239779472351,0.2663639336824417
734,2026-09-01 13:46:23,test,344,full_training,8.106717109680176,0.04557717964053154,199.0,1,0,0.26812367199454457,6.387612819671631,2,32,1345,2560,relu,none,0.0,none,21520,he,6.084149400393168,3.0874176025390625,nonlinear_interaction,344,7,0.115,512,2.226196765899658,1.8190858548702689,0.029974614545265024,0.0,,gaussian,cpu,cpu,8,,float32,none,small,moderate,medium,cpu,small_model__moderate_data__medium_volume,0.02,32,adam,1e-05,he,444.48486328125,98.30766296386719,-5135.38525390625,110.64706420898438,18.281410217285156,384.28624725341797,14.787331581115723,6.1219000816345215,3.668346643447876,23.723691940307617,3375.166748046875,0.537973552942276,0.7420138120651245
735,2026-09-01 13:46:23,test,344,full_training,2.8325929641723633,0.04449686035513878,52.0,1,0,0.08333044502069242,5.51403284072876,2,32,1345,2560,relu,none,0.0,none,21520,orthogonal,4.247219244639079,2.8800108432769775,nonlinear_interaction,344,7,0.115,512,2.226196765899658,1.8190858548702689,0.029974614545265024,0.0,,gaussian,cpu,cpu,8,,float32,none,small,moderate,medium,cpu,small_model__moderate_data__medium_volume,0.02,32,adam,1e-05,orthogonal,111.43936157226562,10.841707229614258,-119.27613830566406,115.21876525878906,18.5574893951416,87.57551851272584,4.09048318862915,3.762993335723877,1.5563336610794067,4.11490535736084,378.0240173339844,0.27883756160736084,0.16597125679254532
736,2026-09-01 13:46:24,train,345,full_training,10.771926879882812,0.0469878613948822,223.0,1,0,0.3288753219821956,8.55769157409668,2,32,1281,2432,relu,none,0.0,none,20496,xavier,4.337605396906535,2.741262674331665,nonlinear_product,345,5,0.002,768,4.140625,2.129361904517948,0.025213033057975114,0.0,,gaussian,cpu,cpu,8,,float32,none,small,clean,high,cpu,small_model__clean_data__high_volume,0.02,32,adam,1e-05,xavier,116.72314453125,21.434200286865234,-175.33921813964844,107.99901580810547,17.618398666381836,55.874012565612794,3.935560464859009,3.886127471923828,1.7241441011428833,8.639922142028809,379.2992858886719,0.23760399222373962,0.15003804489970207
737,2026-09-01 13:46:24,train,345,full_training,8.051599502563477,0.04992321506142616,184.0,1,0,0.2201656120014377,7.320504665374756,2,32,1281,2432,relu,none,0.0,none,20496,he,5.668473839759827,3.066263437271118,nonlinear_product,345,5,0.002,768,4.140625,2.129361904517948,0.025213033057975114,0.0,,gaussian,cpu,cpu,8,,float32,none,small,clean,high,cpu,small_model__clean_data__high_volume,0.02,32,adam,1e-05,he,268.70367431640625,39.748992919921875,-289.318115234375,107.99901580810547,17.618398666381836,181.83883819580078,3.9355599880218506,3.8861258029937744,3.3164572715759277,12.760631561279297,961.3900756835938,0.45704036951065063,0.5551408231258392
738,2026-09-01 13:46:24,train,345,full_training,12.039175033569336,0.02314724773168564,223.0,1,0,0.29459411499556154,7.882624626159668,2,32,1281,2432,relu,none,0.0,none,20496,orthogonal,4.054092566172282,2.926488161087036,nonlinear_product,345,5,0.002,768,4.140625,2.129361904517948,0.025213033057975114,0.0,,gaussian,cpu,cpu,8,,float32,none,small,clean,high,cpu,small_model__clean_data__high_volume,0.02,32,adam,1e-05,orthogonal,84.57994079589844,16.826568603515625,-151.9813995361328,95.1233139038086,17.200000762939453,14.979444599151611,3.178619384765625,2.9811506271362305,1.3197391033172607,7.9698805809021,262.12176513671875,0.20118774473667145,0.1021961122751236
739,2026-09-01 13:46:25,train,346,full_training,1.4126813411712646,0.04896250739693642,28.0,1,0,0.0362397060089279,4.443918704986572,2,32,1313,2496,relu,none,0.0,none,21008,xavier,4.628277778625488,2.699293613433838,linear,346,6,0.058,256,2.013869285583496,1.7689674778556983,0.05748132656867814,0.0,,gaussian,cpu,cpu,8,,float32,none,small,clean,low,cpu,small_model__clean_data__low_volume,0.02,32,adam,1e-05,xavier,180.12289428710938,11.407278060913086,-39.001197814941406,104.93601989746094,16.66333770751953,12.867716407775879,5.121885776519775,4.754910469055176,1.8744045495986938,3.5662715435028076,94.39236450195312,0.28510458767414093,0.23427710682153702
740,2026-09-01 13:46:25,train,346,full_training,1.4536831378936768,0.03836362808942795,31.0,1,0,0.0436897850013338,4.134125232696533,2,32,1313,2496,relu,none,0.0,none,21008,he,5.945054133733113,3.1431682109832764,linear,346,6,0.058,256,2.013869285583496,1.7689674778556983,0.05748132656867814,0.0,,gaussian,cpu,cpu,8,,float32,none,small,clean,low,cpu,small_model__clean_data__low_volume,0.02,32,adam,1e-05,he,383.60638427734375,23.052221298217773,-140.45620727539062,104.93601989746094,16.663330078125,76.6514892578125,5.121885299682617,4.754907131195068,3.3355274200439453,5.891669273376465,360.2057800292969,0.507347360253334,0.7418774962425232
741,2026-09-01 13:46:25,train,346,full_training,1.8895541429519653,0.029733428731560707,23.0,1,0,0.03717009100364521,4.35209846496582,2,32,1313,2496,relu,none,0.0,none,21008,orthogonal,4.154700259367625,2.899160146713257,linear,346,6,0.058,256,2.013869285583496,1.7689674778556983,0.05748132656867814,0.0,,gaussian,cpu,cpu,8,,float32,none,small,clean,low,cpu,small_model__clean_data__low_volume,0.02,32,adam,1e-05,orthogonal,108.75711059570312,8.58369255065918,-42.73046875,117.71102905273438,17.402462005615234,5.917076683044433,3.5158896446228027,3.4872360229492188,1.4525279998779297,3.334824800491333,46.766685485839844,0.22837665677070618,0.13497494161128998
742,2026-09-01 13:46:25,train,347,full_training,1.5043030977249146,0.04653283581137657,158.0,1,0,0.3945706360100303,6.952679634094238,2,32,1313,2496,relu,none,0.0,none,21008,xavier,4.628277778625488,2.699293613433838,nonlinear_interaction,347,6,0.18,512,1.9021446704864502,1.7404295449678346,0.030037770191053473,0.0,,gaussian,cpu,cpu,8,,float32,none,small,moderate,medium,cpu,small_model__moderate_data__medium_volume,0.02,32,adam,1e-05,xavier,180.12289428710938,11.213247299194336,-58.754207611083984,112.96929931640625,17.527639389038086,42.514290237426756,5.038486957550049,4.78372859954834,1.8145785331726074,3.6986496448516846,46.42551040649414,0.27875519543886185,0.21453846246004105
743,2026-09-01 13:46:26,train,347,full_training,2.0776829719543457,0.03739312291145325,207.0,1,0,0.4856049320078455,6.35543155670166,2,32,1313,2496,relu,none,0.0,none,21008,he,5.945054133733113,3.1431682109832764,nonlinear_interaction,347,6,0.18,512,1.9021446704864502,1.7404295449678346,0.030037770191053473,0.0,,gaussian,cpu,cpu,8,,float32,none,small,moderate,medium,cpu,small_model__moderate_data__medium_volume,0.02,32,adam,1e-05,he,383.60638427734375,27.114545822143555,-327.3765869140625,112.96929931640625,17.527639389038086,114.36681299209594,5.038486480712891,4.783727645874023,3.2290666103363037,7.660928726196289,153.6463623046875,0.4960485249757767,0.6793718338012695
744,2026-09-01 13:46:26,train,347,full_training,1.3224478960037231,0.04837865009903908,147.0,1,0,0.40875989000778645,6.68686056137085,2,32,1313,2496,relu,none,0.0,none,21008,orthogonal,4.154700259367625,2.899160146713257,nonlinear_interaction,347,6,0.18,512,1.9021446704864502,1.7404295449678346,0.030037770191053473,0.0,,gaussian,cpu,cpu,8,,float32,none,small,moderate,medium,cpu,small_model__moderate_data__medium_volume,0.02,32,adam,1e-05,orthogonal,108.75711059570312,8.02107048034668,-36.49143600463867,108.23326110839844,17.313093185424805,27.27810754776001,3.7226414680480957,3.650526523590088,1.4145017862319946,3.203494071960449,73.22300720214844,0.22925785183906555,0.12961933761835098
745,2026-09-01 13:46:27,test,348,full_training,2.0266621112823486,0.04225948080420494,188.0,1,0,0.689029886998469,7.27424955368042,2,32,1281,2432,relu,none,0.0,none,20496,xavier,4.337605396906535,2.741262674331665,nonlinear_product,348,5,0.23,384,2.9486682415008545,1.9596153456353596,0.03480070560288404,0.0,,gaussian,cpu,cpu,8,,float32,none,small,moderate,medium,cpu,small_model__moderate_data__medium_volume,0.02,32,adam,1e-05,xavier,116.72314453125,22.064973831176758,-137.11070251464844,106.06746673583984,17.055919647216797,61.60086441040039,3.999237537384033,3.809687852859497,1.7164793014526367,8.074150085449219,152.26724243164062,0.2433212697505951,0.15821253508329391
746,2026-09-01 13:46:28,test,348,full_training,2.2236595153808594,0.04534108564257622,170.0,1,0,0.38884776199120097,6.815333843231201,2,32,1281,2432,relu,none,0.0,none,20496,he,5.668473839759827,3.066263437271118,nonlinear_product,348,5,0.23,384,2.9486682415008545,1.9596153456353596,0.03480070560288404,0.0,,gaussian,cpu,cpu,8,,float32,none,small,moderate,medium,cpu,small_model__moderate_data__medium_volume,0.02,32,adam,1e-05,he,268.70367431640625,38.303070068359375,-76.71713256835938,106.06746673583984,17.055923461914062,225.19505004882814,3.999237537384033,3.8096883296966553,3.3017139434814453,10.933786392211914,523.5748901367188,0.46803781390190125,0.5853863954544067
747,2026-09-01 13:46:28,test,348,full_training,1.8585506677627563,0.04252525791525841,188.0,1,0,0.34309783100616187,7.1955246925354,2,32,1281,2432,relu,none,0.0,none,20496,orthogonal,4.054092566172282,2.926488161087036,nonlinear_product,348,5,0.23,384,2.9486682415008545,1.9596153456353596,0.03480070560288404,0.0,,gaussian,cpu,cpu,8,,float32,none,small,moderate,medium,cpu,small_model__moderate_data__medium_volume,0.02,32,adam,1e-05,orthogonal,84.57994079589844,15.587785720825195,-123.3415298461914,99.78436279296875,17.034011840820312,16.28638925552368,2.977506160736084,2.6216492652893066,1.332074522972107,7.142027854919434,115.70277404785156,0.1998877450823784,0.10153774172067642
748,2026-09-01 13:46:29,train,349,full_training,3.8570353984832764,0.04625904560089111,33.0,1,0,0.07438168697990477,4.72398042678833,2,32,1281,2432,relu,none,0.0,none,20496,xavier,4.337605396906535,2.741262674331665,linear,349,5,0.151,512,2.062623977661133,1.7809280071053215,0.03864254021357085,0.0,,gaussian,cpu,cpu,8,,float32,none,small,moderate,medium,cpu,small_model__moderate_data__medium_volume,0.02,32,adam,1e-05,xavier,116.72314453125,10.478185653686523,-54.10048294067383,100.29403686523438,16.95452880859375,57.54168014526367,3.9429097175598145,3.475228786468506,1.6923469305038452,3.036705255508423,204.61155700683594,0.2247188538312912,0.14556755870580673
749,2026-09-01 13:46:29,train,349,full_training,6.3046369552612305,0.04968976974487305,26.0,1,0,0.06690103499568067,4.461298942565918,2,32,1281,2432,relu,none,0.0,none,20496,he,5.668473839759827,3.066263437271118,linear,349,5,0.151,512,2.062623977661133,1.7809280071053215,0.03864254021357085,0.0,,gaussian,cpu,cpu,8,,float32,none,small,moderate,medium,cpu,small_model__moderate_data__medium_volume,0.02,32,adam,1e-05,he,268.70367431640625,34.76308822631836,-570.978759765625,100.29403686523438,16.95452880859375,172.95553741455078,3.9429092407226562,3.475228786468506,3.2552943229675293,8.476298332214355,878.0873413085938,0.4322553426027298,0.5385999977588654
750,2026-09-01 13:46:29,train,349,full_training,2.8595120906829834,0.042452313005924225,26.0,1,0,0.06001285999082029,4.5318121910095215,2,32,1281,2432,relu,none,0.0,none,20496,orthogonal,4.054092566172282,2.926488161087036,linear,349,5,0.151,512,2.062623977661133,1.7809280071053215,0.03864254021357085,0.0,,gaussian,cpu,cpu,8,,float32,none,small,moderate,medium,cpu,small_model__moderate_data__medium_volume,0.02,32,adam,1e-05,orthogonal,84.57994079589844,6.844943523406982,-26.340450286865234,94.73458862304688,16.771879196166992,44.735098648071286,3.1230642795562744,2.8048887252807617,1.3012688159942627,2.450199604034424,155.00086975097656,0.18792030215263367,0.09669801965355873
751,2026-09-01 13:46:30,test,350,full_training,2.3701980113983154,0.048072945326566696,485.0,1,0,1.0037564280210063,9.375785827636719,2,32,1313,2496,relu,none,0.0,none,21008,xavier,4.628277778625488,2.699293613433838,nonlinear_interaction,350,6,0.241,768,2.1267337799072266,1.7962322162750495,0.02207161529885153,0.0,,gaussian,cpu,cpu,8,,float32,none,small,moderate,high,cpu,small_model__moderate_data__high_volume,0.02,32,adam,1e-05,xavier,180.12289428710938,9.553768157958984,-27.145652770996094,102.05522155761719,17.528053283691406,36.67014274597168,5.164758682250977,4.799646854400635,1.818513035774231,3.0683541297912598,70.19393157958984,0.26808103919029236,0.20799922943115234
752,2026-09-01 13:46:31,test,350,full_training,2.8842082023620605,0.04772418364882469,526.0,1,0,1.3670505939808208,9.029457092285156,2,32,1313,2496,relu,none,0.0,none,21008,he,5.945054133733113,3.1431682109832764,nonlinear_interaction,350,6,0.241,768,2.1267337799072266,1.7962322162750495,0.02207161529885153,0.0,,gaussian,cpu,cpu,8,,float32,none,small,moderate,high,cpu,small_model__moderate_data__high_volume,0.02,32,adam,1e-05,he,383.60638427734375,19.237077713012695,-106.18236541748047,102.05522155761719,17.528053283691406,99.73781681060791,5.164758682250977,4.799648284912109,3.2360682487487793,5.121758460998535,374.39630126953125,0.4770537167787552,0.6586642265319824
753,2026-09-01 13:46:32,test,350,full_training,2.542257308959961,0.04512377083301544,267.0,1,0,0.568154352979036,8.091381072998047,2,32,1313,2496,relu,none,0.0,none,21008,orthogonal,4.154700259367625,2.899160146713257,nonlinear_interaction,350,6,0.241,768,2.1267337799072266,1.7962322162750495,0.02207161529885153,0.0,,gaussian,cpu,cpu,8,,float32,none,small,moderate,high,cpu,small_model__moderate_data__high_volume,0.02,32,adam,1e-05,orthogonal,108.75711059570312,7.504765510559082,-48.28193664550781,114.58785247802734,17.41814422607422,24.874001216888427,3.756929397583008,3.487544536590576,1.4205292463302612,3.4559860229492188,47.852657318115234,0.22654131054878235,0.13477157056331635
754,2026-09-01 13:46:33,train,351,full_training,7.441338539123535,0.04999632388353348,481.0,1,0,0.7307429340144154,10.371603965759277,2,32,1345,2560,relu,none,0.0,none,21520,xavier,4.824894110361735,2.6007485389709473,nonlinear_product,351,7,0.173,512,5.112286567687988,2.2347619198776676,0.034233787674511955,0.0,,gaussian,cpu,cpu,8,,float32,none,small,moderate,medium,cpu,small_model__moderate_data__medium_volume,0.02,32,adam,1e-05,xavier,222.52198791503906,47.550437927246094,-1422.505126953125,112.88651275634766,17.755598068237305,135.36873893737794,7.398373126983643,6.268214702606201,2.26558256149292,15.064984321594238,218.31289672851562,0.3103729784488678,0.24778205901384354
755,2026-09-01 13:46:34,train,351,full_training,12.45503044128418,0.04350804537534714,499.0,1,0,0.7353623670060188,9.263107299804688,2,32,1345,2560,relu,none,0.0,none,21520,he,6.084149400393168,3.0874176025390625,nonlinear_product,351,7,0.173,512,5.112286567687988,2.2347619198776676,0.034233787674511955,0.0,,gaussian,cpu,cpu,8,,float32,none,small,moderate,medium,cpu,small_model__moderate_data__medium_volume,0.02,32,adam,1e-05,he,444.48486328125,138.17898559570312,-10591.9404296875,112.88651275634766,17.755598068237305,370.1638671875,7.398373603820801,6.268218040466309,3.7813613414764404,37.36491012573242,1073.366943359375,0.5180267542600632,0.690250039100647
756,2026-09-01 13:46:35,train,351,full_training,6.077993392944336,0.04179861396551132,619.0,1,0,0.9192071320139803,12.334212303161621,2,32,1345,2560,relu,none,0.0,none,21520,orthogonal,4.247219244639079,2.8800108432769775,nonlinear_product,351,7,0.173,512,5.112286567687988,2.2347619198776676,0.034233787674511955,0.0,,gaussian,cpu,cpu,8,,float32,none,small,moderate,medium,cpu,small_model__moderate_data__medium_volume,0.02,32,adam,1e-05,orthogonal,111.43936157226562,20.481210708618164,-401.1150817871094,116.70085906982422,19.301502227783203,99.72495765686035,4.1412882804870605,4.011820316314697,1.5619035959243774,8.808131217956543,44.756893157958984,0.2599989175796509,0.1446295902132988
757,2026-09-01 13:46:35,test,352,full_training,1.407179832458496,0.040049873292446136,11.0,1,0,0.0145626490120776,2.7058780193328857,2,32,1249,2368,relu,none,0.0,none,19984,xavier,4.106595436731975,2.8521344661712646,linear,352,4,0.043,256,1.6425350904464722,1.6670589508021623,0.05333657519219246,0.0,,gaussian,cpu,cpu,8,,float32,none,small,clean,low,cpu,small_model__clean_data__low_volume,0.02,32,adam,1e-05,xavier,88.71050262451172,8.108027458190918,-23.45921516418457,62.528831481933594,13.803382873535156,36.54915866851807,3.3903589248657227,3.3613603115081787,1.6206144094467163,2.927398681640625,24.34838104248047,0.20362898707389832,0.11283737421035767
758,2026-09-01 13:46:35,test,352,full_training,1.2468384504318237,0.037231333553791046,21.0,1,0,0.027095566008938476,3.2085840702056885,2,32,1249,2368,relu,none,0.0,none,19984,he,5.400059739748637,2.908212184906006,linear,352,4,0.043,256,1.6425350904464722,1.6670589508021623,0.05333657519219246,0.0,,gaussian,cpu,cpu,8,,float32,none,small,clean,low,cpu,small_model__clean_data__low_volume,0.02,32,adam,1e-05,he,225.21484375,18.75870132446289,-116.21068572998047,62.528831481933594,13.803382873535156,105.61014404296876,3.3903589248657227,3.3613600730895996,3.4378421306610107,5.109979152679443,45.8092155456543,0.43196234107017517,0.5077681243419647
759,2026-09-01 13:46:35,test,352,full_training,1.7202470302581787,0.032132118940353394,11.0,1,0,0.013418522023130208,2.882506847381592,2,32,1249,2368,relu,none,0.0,none,19984,orthogonal,3.9428090254465737,2.9643869400024414,linear,352,4,0.043,256,1.6425350904464722,1.6670589508021623,0.05333657519219246,0.0,,gaussian,cpu,cpu,8,,float32,none,small,clean,low,cpu,small_model__clean_data__low_volume,0.02,32,adam,1e-05,orthogonal,68.3827133178711,8.301513671875,-35.874969482421875,77.42627716064453,15.602059364318848,35.43262815475464,2.001166820526123,1.9051004648208618,1.2268662452697754,3.0255939960479736,28.545352935791016,0.1863163858652115,0.08234383538365364
760,2026-09-01 13:46:35,train,353,full_training,1.7584798336029053,0.03959250822663307,64.0,1,0,0.07762433699099347,5.227506637573242,2,32,1249,2368,relu,none,0.0,none,19984,xavier,4.106595436731975,2.8521344661712646,nonlinear_interaction,353,4,0.027,256,1.6257133483886719,1.661911884744861,0.04027886910375448,0.0,,gaussian,cpu,cpu,8,,float32,none,small,clean,low,cpu,small_model__clean_data__low_volume,0.02,32,adam,1e-05,xavier,88.71050262451172,14.412618637084961,-172.3731689453125,57.62750244140625,13.11952018737793,34.48549032211304,3.258162498474121,3.075822114944458,1.7162383794784546,5.420462608337402,94.59281158447266,0.23429396748542786,0.15235600620508194
761,2026-09-01 13:46:35,train,353,full_training,2.7726261615753174,0.049002449959516525,64.0,1,0,0.0720668809954077,4.49137020111084,2,32,1249,2368,relu,none,0.0,none,19984,he,5.400059739748637,2.908212184906006,nonlinear_interaction,353,4,0.027,256,1.6257133483886719,1.661911884744861,0.04027886910375448,0.0,,gaussian,cpu,cpu,8,,float32,none,small,clean,low,cpu,small_model__clean_data__low_volume,0.02,32,adam,1e-05,he,225.21484375,57.70677947998047,-2349.39013671875,57.62750244140625,13.11951732635498,115.50149784088134,3.258162260055542,3.075822114944458,3.6406912803649902,17.35211944580078,634.9808959960938,0.49701255559921265,0.6856019794940948
762,2026-09-01 13:46:35,train,353,full_training,1.6815061569213867,0.044264208525419235,56.0,1,0,0.06743495399132371,5.077164649963379,2,32,1249,2368,relu,none,0.0,none,19984,orthogonal,3.9428090254465737,2.9643869400024414,nonlinear_interaction,353,4,0.027,256,1.6257133483886719,1.661911884744861,0.04027886910375448,0.0,,gaussian,cpu,cpu,8,,float32,none,small,clean,low,cpu,small_model__clean_data__low_volume,0.02,32,adam,1e-05,orthogonal,68.3827133178711,10.873432159423828,-77.12999725341797,80.52957916259766,14.83222770690918,28.049853515625,1.9606897830963135,1.8814702033996582,1.2825355529785156,3.974830150604248,55.592201232910156,0.2105909138917923,0.10964599624276161
763,2026-09-01 13:46:35,train,354,full_training,15.658774375915527,0.04104151949286461,123.0,1,0,0.12309877498773858,9.654824256896973,2,32,1249,2368,relu,none,0.0,none,19984,xavier,4.106595436731975,2.8521344661712646,nonlinear_product,354,4,0.059,256,6.813675880432129,2.378404408902959,0.06910462495574943,0.0,,gaussian,cpu,cpu,8,,float32,none,small,clean,low,cpu,small_model__clean_data__low_volume,0.02,32,adam,1e-05,xavier,88.71050262451172,19.030736923217773,-263.1119384765625,62.7580451965332,13.212976455688477,14.266100406646729,3.377257823944092,3.2669780254364014,1.6621730327606201,7.820495128631592,53.64158248901367,0.20654694736003876,0.1231319010257721
764,2026-09-01 13:46:36,train,354,full_training,19.323116302490234,0.04701560363173485,118.0,1,0,0.11535884600016288,8.4965181350708,2,32,1249,2368,relu,none,0.0,none,19984,he,5.400059739748637,2.908212184906006,nonlinear_product,354,4,0.059,256,6.813675880432129,2.378404408902959,0.06910462495574943,0.0,,gaussian,cpu,cpu,8,,float32,none,small,clean,low,cpu,small_model__clean_data__low_volume,0.02,32,adam,1e-05,he,225.21484375,64.06683349609375,-2370.3466796875,62.7580451965332,13.212979316711426,87.18769302368165,3.377258062362671,3.2669782638549805,3.526001214981079,19.486717224121094,594.8618774414062,0.4381522238254547,0.5540935099124908
765,2026-09-01 13:46:36,train,354,full_training,14.49357795715332,0.025784576311707497,133.0,1,0,0.1258762149955146,9.234831809997559,2,32,1249,2368,relu,none,0.0,none,19984,orthogonal,3.9428090254465737,2.9643869400024414,nonlinear_product,354,4,0.059,256,6.813675880432129,2.378404408902959,0.06910462495574943,0.0,,gaussian,cpu,cpu,8,,float32,none,small,clean,low,cpu,small_model__clean_data__low_volume,0.02,32,adam,1e-05,orthogonal,68.3827133178711,14.242918014526367,-157.60293579101562,85.675048828125,14.337435722351074,-7.225050210952759,2.099377155303955,2.031198501586914,1.287927508354187,6.438441753387451,28.190147399902344,0.18586187064647675,0.08824886009097099
766,2026-09-01 13:46:36,train,355,full_training,1.6574664115905762,0.047654639929533005,17.0,1,0,0.016973852005321532,3.346052646636963,2,32,1217,2304,relu,none,0.0,none,19472,xavier,3.998493274052938,2.7725577354431152,linear,355,3,0.033,768,1.9185543060302734,1.7447245016094093,0.02975675158962396,0.0,,gaussian,cpu,cpu,8,,float32,none,small,clean,high,cpu,small_model__clean_data__high_volume,0.02,32,adam,1e-05,xavier,85.53611755371094,6.960221290588379,-15.004180908203125,46.83208084106445,11.878066062927246,40.687053489685056,2.2679028511047363,2.111985921859741,1.3203279972076416,2.3483335971832275,51.201904296875,0.16108529269695282,0.07276275381445885
767,2026-09-01 13:46:36,train,355,full_training,1.2635643482208252,0.04715698957443237,13.0,1,0,0.01402573598898016,2.250687599182129,2,32,1217,2304,relu,none,0.0,none,19472,he,5.3281480471293134,2.563436269760132,linear,355,3,0.033,768,1.9185543060302734,1.7447245016094093,0.02975675158962396,0.0,,gaussian,cpu,cpu,8,,float32,none,small,clean,high,cpu,small_model__clean_data__high_volume,0.02,32,adam,1e-05,he,247.24282836914062,17.680400848388672,-73.16134643554688,46.83208084106445,11.878066062927246,186.2108367919922,2.2679028511047363,2.1119866371154785,3.1888954639434814,4.107723236083984,153.8035125732422,0.3890579491853714,0.42444944381713867
768,2026-09-01 13:46:36,train,355,full_training,2.07665753364563,0.04262969642877579,12.0,1,0,0.014764249004656449,3.57330060005188,2,32,1217,2304,relu,none,0.0,none,19472,orthogonal,3.8164965311686196,3.016789674758911,linear,355,3,0.033,768,1.9185543060302734,1.7447245016094093,0.02975675158962396,0.0,,gaussian,cpu,cpu,8,,float32,none,small,clean,high,cpu,small_model__clean_data__high_volume,0.02,32,adam,1e-05,orthogonal,53.49358367919922,6.631729602813721,-12.737951278686523,46.9446907043457,12.138103485107422,30.615638542175294,1.7376946210861206,1.6335937976837158,1.227576732635498,2.126803159713745,46.982765197753906,0.1678582951426506,0.06787429749965668
769,2026-09-01 13:46:36,train,356,full_training,2.205278158187866,0.03141448646783829,116.0,1,0,0.12832553099724464,5.794772148132324,2,32,1249,2368,relu,none,0.0,none,19984,xavier,4.106595436731975,2.8521344661712646,nonlinear_interaction,356,4,0.141,512,2.058342218399048,1.7798889884385383,0.025909171705040753,0.0,,gaussian,cpu,cpu,8,,float32,none,small,moderate,medium,cpu,small_model__moderate_data__medium_volume,0.02,32,adam,1e-05,xavier,88.71050262451172,9.348450660705566,-95.54905700683594,72.38623809814453,13.852324485778809,12.197075080871581,3.497487783432007,3.4089040756225586,1.6215925216674805,4.241420269012451,59.95186233520508,0.1940532624721527,0.10542997717857361
770,2026-09-01 13:46:36,train,356,full_training,3.178622007369995,0.03810139372944832,116.0,1,0,0.11670746200252324,5.090972900390625,2,32,1249,2368,relu,none,0.0,none,19984,he,5.400059739748637,2.908212184906006,nonlinear_interaction,356,4,0.141,512,2.058342218399048,1.7798889884385383,0.025909171705040753,0.0,,gaussian,cpu,cpu,8,,float32,none,small,moderate,medium,cpu,small_model__moderate_data__medium_volume,0.02,32,adam,1e-05,he,225.21484375,36.1164665222168,-1204.826171875,72.38623809814453,13.852320671081543,62.60720806121826,3.4974875450134277,3.4089033603668213,3.4399166107177734,12.718474388122559,544.370849609375,0.4116491228342056,0.47443485260009766
771,2026-09-01 13:46:36,train,356,full_training,2.247833490371704,0.040661077946424484,108.0,1,0,0.10020721299224533,5.8308258056640625,2,32,1249,2368,relu,none,0.0,none,19984,orthogonal,3.9428090254465737,2.9643869400024414,nonlinear_interaction,356,4,0.141,512,2.058342218399048,1.7798889884385383,0.025909171705040753,0.0,,gaussian,cpu,cpu,8,,float32,none,small,moderate,medium,cpu,small_model__moderate_data__medium_volume,0.02,32,adam,1e-05,orthogonal,68.3827133178711,7.6175360679626465,-40.29829406738281,86.59512329101562,15.073116302490234,14.691984939575196,2.101801633834839,2.029003858566284,1.2725605964660645,3.012756586074829,30.320186614990234,0.178782619535923,0.08063827455043793
772,2026-09-01 13:46:36,train,357,full_training,5.647738933563232,0.044545188546180725,58.0,1,0,0.05566993201500736,6.549514293670654,2,32,1249,2368,relu,none,0.0,none,19984,xavier,4.106595436731975,2.8521344661712646,nonlinear_product,357,4,0.112,256,3.8166565895080566,2.0886259337172164,0.039345813702676376,0.0,,gaussian,cpu,cpu,8,,float32,none,small,moderate,low,cpu,small_model__moderate_data__low_volume,0.02,32,adam,1e-05,xavier,88.71050262451172,14.396596908569336,-139.09872436523438,76.97579956054688,13.690779685974121,8.011102104187012,3.381199598312378,3.2256927490234375,1.6316630840301514,6.196509838104248,72.32487487792969,0.17893987149000168,0.08791834861040115
773,2026-09-01 13:46:37,train,357,full_training,7.557662010192871,0.04354060813784599,94.0,1,0,0.09360869199736044,6.130080223083496,2,32,1249,2368,relu,none,0.0,none,19984,he,5.400059739748637,2.908212184906006,nonlinear_product,357,4,0.112,256,3.8166565895080566,2.0886259337172164,0.039345813702676376,0.0,,gaussian,cpu,cpu,8,,float32,none,small,moderate,low,cpu,small_model__moderate_data__low_volume,0.02,32,adam,1e-05,he,225.21484375,43.738162994384766,-1052.577880859375,76.97579956054688,13.69078254699707,57.61192932128906,3.381199836730957,3.225691556930542,3.461280345916748,13.677582740783691,426.84820556640625,0.3795887678861618,0.3956325352191925
774,2026-09-01 13:46:37,train,357,full_training,5.313891410827637,0.03927129879593849,85.0,1,0,0.08452689301338978,6.7038068771362305,2,32,1249,2368,relu,none,0.0,none,19984,orthogonal,3.9428090254465737,2.9643869400024414,nonlinear_product,357,4,0.112,256,3.8166565895080566,2.0886259337172164,0.039345813702676376,0.0,,gaussian,cpu,cpu,8,,float32,none,small,moderate,low,cpu,small_model__moderate_data__low_volume,0.02,32,adam,1e-05,orthogonal,68.3827133178711,11.365375518798828,-93.54405212402344,84.03351593017578,15.664449691772461,-6.7254815101623535,2.074986457824707,1.920348882675171,1.2524816989898682,5.404628753662109,45.50336456298828,0.16087134927511215,0.06196242570877075
775,2026-09-01 13:46:37,test,358,full_training,0.9344402551651001,0.033594388514757156,27.0,1,0,0.027918239997234195,3.878417730331421,2,32,1217,2304,relu,none,0.0,none,19472,xavier,3.998493274052938,2.7725577354431152,linear,358,3,0.062,512,2.0189125537872314,1.7702180465781598,0.013768045693883369,0.0,,gaussian,cpu,cpu,8,,float32,none,small,clean,medium,cpu,small_model__clean_data__medium_volume,0.02,32,adam,1e-05,xavier,85.53611755371094,8.713107109069824,-25.22455596923828,54.56098175048828,12.188339233398438,38.29568328857422,2.2497470378875732,2.1915786266326904,1.3130598068237305,2.8859100341796875,68.36180114746094,0.15389452874660492,0.07273495197296143
776,2026-09-01 13:46:37,test,358,full_training,0.6758027076721191,0.02826709859073162,13.0,1,0,0.013412755011813715,2.2404816150665283,2,32,1217,2304,relu,none,0.0,none,19472,he,5.3281480471293134,2.563436269760132,linear,358,3,0.062,512,2.0189125537872314,1.7702180465781598,0.013768045693883369,0.0,,gaussian,cpu,cpu,8,,float32,none,small,clean,medium,cpu,small_model__clean_data__medium_volume,0.02,32,adam,1e-05,he,247.24282836914062,20.748525619506836,-74.317138671875,54.56098175048828,12.188339233398438,186.7373954772949,2.249746799468994,2.1915791034698486,3.1713409423828125,5.0672807693481445,173.48193359375,0.37169061601161957,0.42428727447986603
777,2026-09-01 13:46:37,test,358,full_training,1.1897825002670288,0.04297307878732681,21.0,1,0,0.021828046010341495,4.09517765045166,2,32,1217,2304,relu,none,0.0,none,19472,orthogonal,3.8164965311686196,3.016789674758911,linear,358,3,0.062,512,2.0189125537872314,1.7702180465781598,0.013768045693883369,0.0,,gaussian,cpu,cpu,8,,float32,none,small,clean,medium,cpu,small_model__clean_data__medium_volume,0.02,32,adam,1e-05,orthogonal,53.49358367919922,8.420581817626953,-19.885833740234375,32.244476318359375,12.55367374420166,23.492865371704102,1.816636085510254,1.7797876596450806,1.2341378927230835,2.5749588012695312,55.19405746459961,0.15994323045015335,0.06690734624862671
778,2026-09-01 13:46:37,train,359,full_training,2.007316827774048,0.045480113476514816,331.0,1,0,0.33355526300147176,8.239479064941406,2,32,1249,2368,relu,none,0.0,none,19984,xavier,4.106595436731975,2.8521344661712646,nonlinear_interaction,359,4,0.287,768,1.9692004919052124,1.7577523425553707,0.030579457023989953,0.0,,gaussian,cpu,cpu,8,,float32,none,small,noisy,high,cpu,small_model__noisy_data__high_volume,0.02,32,adam,1e-05,xavier,88.71050262451172,7.504137992858887,-49.66679000854492,62.446258544921875,12.932849884033203,28.813808155059814,3.121265172958374,2.912597179412842,1.6807293891906738,2.9158551692962646,38.09060287475586,0.20807651430368423,0.1149279773235321
779,2026-09-01 13:46:38,train,359,full_training,3.1389410495758057,0.049571692943573,452.0,1,0,0.42602091099251993,8.54183578491211,2,32,1249,2368,relu,none,0.0,none,19984,he,5.400059739748637,2.908212184906006,nonlinear_interaction,359,4,0.287,768,1.9692004919052124,1.7577523425553707,0.030579457023989953,0.0,,gaussian,cpu,cpu,8,,float32,none,small,noisy,high,cpu,small_model__noisy_data__high_volume,0.02,32,adam,1e-05,he,225.21484375,30.1517333984375,-807.8775634765625,62.446258544921875,12.932852745056152,78.2826623916626,3.121265172958374,2.912598133087158,3.5653655529022217,9.806167602539062,149.23904418945312,0.44139693677425385,0.5171758681535721
780,2026-09-01 13:46:38,train,359,full_training,2.1096980571746826,0.039580170065164566,256.0,1,0,0.2819636979838833,7.244653701782227,2,32,1249,2368,relu,none,0.0,none,19984,orthogonal,3.9428090254465737,2.9643869400024414,nonlinear_interaction,359,4,0.287,768,1.9692004919052124,1.7577523425553707,0.030579457023989953,0.0,,gaussian,cpu,cpu,8,,float32,none,small,noisy,high,cpu,small_model__noisy_data__high_volume,0.02,32,adam,1e-05,orthogonal,68.3827133178711,6.937232494354248,-31.516855239868164,77.17151641845703,14.439826011657715,29.222294044494628,2.021975517272949,1.903913140296936,1.3195183277130127,2.5754811763763428,33.33223342895508,0.18661866337060928,0.07990500703454018
781,2026-09-01 13:46:38,test,360,full_training,5.426048278808594,0.03434516489505768,111.0,1,0,0.1049013220181223,7.384650707244873,2,32,1249,2368,relu,none,0.0,none,19984,xavier,4.106595436731975,2.8521344661712646,nonlinear_product,360,4,0.092,256,3.3666090965270996,2.0258915507003934,0.04777753685801028,0.0,,gaussian,cpu,cpu,8,,float32,none,small,clean,low,cpu,small_model__clean_data__low_volume,0.02,32,adam,1e-05,xavier,88.71050262451172,26.15496063232422,-455.1737976074219,80.84039306640625,14.22343635559082,10.875419235229492,3.373687267303467,3.1764657497406006,1.6425058841705322,10.503891944885254,588.071044921875,0.20093681663274765,0.1165778785943985
782,2026-09-01 13:46:38,test,360,full_training,6.915457248687744,0.03499322384595871,106.0,1,0,0.1169418960053008,6.390707015991211,2,32,1249,2368,relu,none,0.0,none,19984,he,5.400059739748637,2.908212184906006,nonlinear_product,360,4,0.092,256,3.3666090965270996,2.0258915507003934,0.04777753685801028,0.0,,gaussian,cpu,cpu,8,,float32,none,small,clean,low,cpu,small_model__clean_data__low_volume,0.02,32,adam,1e-05,he,225.21484375,84.51087188720703,-3824.75537109375,80.84039306640625,14.22343635559082,74.91970901489258,3.3736867904663086,3.176466703414917,3.484281301498413,25.231088638305664,3634.41552734375,0.4262513071298599,0.5246004164218903
783,2026-09-01 13:46:38,test,360,full_training,5.202326774597168,0.047151580452919006,121.0,1,0,0.16109954798594117,6.848883152008057,2,32,1249,2368,relu,none,0.0,none,19984,orthogonal,3.9428090254465737,2.9643869400024414,nonlinear_product,360,4,0.092,256,3.3666090965270996,2.0258915507003934,0.04777753685801028,0.0,,gaussian,cpu,cpu,8,,float32,none,small,clean,low,cpu,small_model__clean_data__low_volume,0.02,32,adam,1e-05,orthogonal,68.3827133178711,17.903474807739258,-252.10287475585938,94.08659362792969,15.485010147094727,-12.476529502868653,2.1116716861724854,2.013092279434204,1.2456440925598145,8.48202133178711,259.9377746582031,0.1809709444642067,0.08494431525468826
784,2026-09-01 13:46:39,test,361,full_training,2.139232635498047,0.03680311515927315,31.0,1,0,0.03618226002436131,4.651433944702148,2,32,1313,2496,relu,none,0.0,none,21008,xavier,4.628277778625488,2.699293613433838,linear,361,6,0.039,768,2.1117379665374756,1.7926941778409398,0.026959800113521906,0.0,,gaussian,cpu,cpu,8,,float32,none,small,clean,high,cpu,small_model__clean_data__high_volume,0.02,32,adam,1e-05,xavier,180.12289428710938,10.904433250427246,-39.15345001220703,106.2284927368164,17.43043327331543,23.4077730178833,4.893835544586182,4.4074907302856445,1.9187405109405518,2.923042058944702,72.22441864013672,0.27576296031475067,0.20865629613399506
785,2026-09-01 13:46:39,test,361,full_training,2.6586804389953613,0.03499749302864075,34.0,1,0,0.04038738299277611,4.430455207824707,2,32,1313,2496,relu,none,0.0,none,21008,he,5.945054133733113,3.1431682109832764,linear,361,6,0.039,768,2.1117379665374756,1.7926941778409398,0.026959800113521906,0.0,,gaussian,cpu,cpu,8,,float32,none,small,clean,high,cpu,small_model__clean_data__high_volume,0.02,32,adam,1e-05,he,383.60638427734375,25.4854736328125,-221.30523681640625,106.2284927368164,17.43043327331543,80.4594570159912,4.893835544586182,4.407492637634277,3.4144234657287598,6.226827621459961,278.7261962890625,0.49072378873825073,0.6607449650764465
786,2026-09-01 13:46:39,test,361,full_training,2.316648244857788,0.030808662995696068,25.0,1,0,0.03138291399227455,4.9420671463012695,2,32,1313,2496,relu,none,0.0,none,21008,orthogonal,4.154700259367625,2.899160146713257,linear,361,6,0.039,768,2.1117379665374756,1.7926941778409398,0.026959800113521906,0.0,,gaussian,cpu,cpu,8,,float32,none,small,clean,high,cpu,small_model__clean_data__high_volume,0.02,32,adam,1e-05,orthogonal,108.75711059570312,8.362747192382812,-32.35388946533203,111.64834594726562,17.557100296020508,10.449842071533203,3.6659011840820312,3.4881222248077393,1.4292389154434204,2.728698492050171,38.17875671386719,0.22560645639896393,0.12776394188404083
787,2026-09-01 13:46:39,train,362,full_training,3.8073620796203613,0.022232456132769585,179.0,1,0,0.19716193998465315,6.364470958709717,2,32,1377,2624,relu,none,0.0,none,22032,xavier,4.944721817970276,2.613090753555298,nonlinear_interaction,362,8,0.156,512,1.7117116451263428,1.6876854491788116,0.03379225682477233,0.0,,gaussian,cpu,cpu,8,,float32,none,small,moderate,medium,cpu,small_model__moderate_data__medium_volume,0.02,32,adam,1e-05,xavier,284.1978759765625,24.40154266357422,-360.53173828125,113.1994857788086,17.32111930847168,43.79666023254394,1172307.0,11.567702293395996,2.326287269592285,7.572073459625244,1132.9266357421875,0.31002484261989594,0.29338468611240387
788,2026-09-01 13:46:39,train,362,full_training,6.431389808654785,0.02278057672083378,179.0,1,0,0.1924166940152645,6.114868640899658,2,32,1377,2624,relu,none,0.0,none,22032,he,6.131039500236511,3.138056993484497,nonlinear_interaction,362,8,0.156,512,1.7117116451263428,1.6876854491788116,0.03379225682477233,0.0,,gaussian,cpu,cpu,8,,float32,none,small,moderate,medium,cpu,small_model__moderate_data__medium_volume,0.02,32,adam,1e-05,he,537.7823486328125,64.04852294921875,-2150.42333984375,113.1994857788086,17.32111930847168,110.01804809570312,1187809.5,11.567693710327148,3.67818284034729,16.991607666015625,3888.004150390625,0.49019232392311096,0.7334617078304291
789,2026-09-01 13:46:39,train,362,full_training,3.091954231262207,0.044247377663850784,91.0,1,0,0.08939720399212092,6.079856872558594,2,32,1377,2624,relu,none,0.0,none,22032,orthogonal,4.333333333333333,2.8674416542053223,nonlinear_interaction,362,8,0.156,512,1.7117116451263428,1.6876854491788116,0.03379225682477233,0.0,,gaussian,cpu,cpu,8,,float32,none,small,moderate,medium,cpu,small_model__moderate_data__medium_volume,0.02,32,adam,1e-05,orthogonal,140.87918090820312,11.024312019348145,-104.38899230957031,113.49518585205078,18.945215225219727,41.69518871307373,512680.1875,5.592993259429932,1.4958834648132324,4.2689995765686035,408.02545166015625,0.2585974186658859,0.16134529560804367
790,2026-09-01 13:46:40,train,363,full_training,7.731761932373047,0.04612687602639198,231.0,1,0,0.2351900300127454,9.300301551818848,2,32,1249,2368,relu,none,0.0,none,19984,xavier,4.106595436731975,2.8521344661712646,nonlinear_product,363,4,0.248,384,9.104296684265137,2.5233117658021422,0.04110562487037577,0.0,,gaussian,cpu,cpu,8,,float32,none,small,moderate,medium,cpu,small_model__moderate_data__medium_volume,0.02,32,adam,1e-05,xavier,88.71050262451172,21.1433162689209,-320.89227294921875,83.18294525146484,14.673378944396973,3.684404182434082,3.503176212310791,3.150339365005493,1.58335542678833,9.658188819885254,1147.8890380859375,0.1769556775689125,0.08615349233150482
791,2026-09-01 13:46:40,train,363,full_training,11.55910873413086,0.03648346662521362,638.0,1,0,0.7605017859896179,11.146767616271973,2,32,1249,2368,relu,none,0.0,none,19984,he,5.400059739748637,2.908212184906006,nonlinear_product,363,4,0.248,384,9.104296684265137,2.5233117658021422,0.04110562487037577,0.0,,gaussian,cpu,cpu,8,,float32,none,small,moderate,medium,cpu,small_model__moderate_data__medium_volume,0.02,32,adam,1e-05,he,225.21484375,60.11988830566406,-1842.254150390625,83.18294525146484,14.673382759094238,70.73515644073487,3.503176212310791,3.1503398418426514,3.3588037490844727,19.626977920532227,4465.3369140625,0.37537966668605804,0.3876906633377075
792,2026-09-01 13:46:41,train,363,full_training,6.929299354553223,0.06689342111349106,,0,0,0.9623087059881072,13.173711776733398,2,32,1249,2368,relu,none,0.0,none,19984,orthogonal,3.9428090254465737,2.9643869400024414,nonlinear_product,363,4,0.248,384,9.104296684265137,2.5233117658021422,0.04110562487037577,0.0,,gaussian,cpu,cpu,8,,float32,none,small,moderate,medium,cpu,small_model__moderate_data__medium_volume,0.02,32,adam,1e-05,orthogonal,68.3827133178711,15.924505233764648,-219.300537109375,92.10939025878906,15.926029205322266,-17.214461898803712,2.0859508514404297,1.997368335723877,1.2423404455184937,8.347556114196777,793.0126342773438,0.16280576586723328,0.06490043923258781
793,2026-09-01 13:46:41,train,364,full_training,1.5621076822280884,0.04402260109782219,10.0,1,0,0.01144322199979797,2.5664892196655273,2,32,1185,2240,relu,none,0.0,none,18960,xavier,3.9327030579249063,2.911090850830078,linear,364,2,0.028,256,1.752382755279541,1.6994267513441386,0.04759585620872741,0.0,,gaussian,cpu,cpu,8,,float32,none,small,clean,low,cpu,small_model__clean_data__low_volume,0.02,32,adam,1e-05,xavier,58.31831359863281,8.649831771850586,-23.290706634521484,-115.74459838867188,6.866519451141357,20.961815881729127,1.7053263187408447,1.244059443473816,1.2750766277313232,2.9382431507110596,32.348628997802734,0.12408722937107086,0.053225504234433174
794,2026-09-01 13:46:41,train,364,full_training,1.0762354135513306,0.03871268779039383,7.0,1,0,0.007301069999812171,1.3598074913024902,2,32,1185,2240,relu,none,0.0,none,18960,he,5.592296163241069,2.8417537212371826,linear,364,2,0.028,256,1.752382755279541,1.6994267513441386,0.04759585620872741,0.0,,gaussian,cpu,cpu,8,,float32,none,small,clean,low,cpu,small_model__clean_data__low_volume,0.02,32,adam,1e-05,he,203.48391723632812,17.520496368408203,-24.550432205200195,-115.74459838867188,6.866520881652832,226.75176620483398,1.7053265571594238,1.2440592050552368,3.7174551486968994,5.061336040496826,252.5792236328125,0.3617733418941498,0.4524168223142624
795,2026-09-01 13:46:42,train,364,full_training,1.6814417839050293,0.027508048340678215,10.0,1,0,0.012066020019119605,2.722935914993286,2,32,1185,2240,relu,none,0.0,none,18960,orthogonal,3.666666487852732,3.0912060737609863,linear,364,2,0.028,256,1.752382755279541,1.6994267513441386,0.04759585620872741,0.0,,gaussian,cpu,cpu,8,,float32,none,small,clean,low,cpu,small_model__clean_data__low_volume,0.02,32,adam,1e-05,orthogonal,35.72531509399414,6.070059776306152,-15.951013565063477,-129.6951446533203,7.2493977546691895,-1.1818603515625,1.3773077726364136,1.3335318565368652,1.103894591331482,2.2794246673583984,17.00055503845215,0.10739816725254059,0.03747795708477497
796,2026-09-01 13:46:42,train,365,full_training,2.9152863025665283,0.04299291968345642,187.0,1,0,0.2079660659946967,6.380156517028809,2,32,1313,2496,relu,none,0.0,none,21008,xavier,4.628277778625488,2.699293613433838,nonlinear_interaction,365,6,0.277,384,1.8523859977722168,1.7271758015198435,0.039624757129571746,0.0,,gaussian,cpu,cpu,8,,float32,none,small,noisy,medium,cpu,small_model__noisy_data__medium_volume,0.02,32,adam,1e-05,xavier,180.12289428710938,9.117167472839355,-31.565542221069336,102.35784149169922,16.99713134765625,50.8662784576416,4.894608974456787,4.562298774719238,1.8189029693603516,3.0074446201324463,230.88577270507812,0.27423587441444397,0.2156767025589943
797,2026-09-01 13:46:42,train,365,full_training,4.156907081604004,0.049530599266290665,217.0,1,0,0.2563951780030038,6.305180549621582,2,32,1313,2496,relu,none,0.0,none,21008,he,5.945054133733113,3.1431682109832764,nonlinear_interaction,365,6,0.277,384,1.8523859977722168,1.7271758015198435,0.039624757129571746,0.0,,gaussian,cpu,cpu,8,,float32,none,small,noisy,medium,cpu,small_model__noisy_data__medium_volume,0.02,32,adam,1e-05,he,383.60638427734375,20.219669342041016,-142.46646118164062,102.35784149169922,16.997135162353516,124.86953821182252,4.894608020782471,4.5622968673706055,3.2367618083953857,5.537721157073975,1223.536865234375,0.4880063533782959,0.682976245880127
798,2026-09-01 13:46:42,train,365,full_training,2.3752660751342773,0.049245838075876236,133.0,1,0,0.14138184700277634,6.0486273765563965,2,32,1313,2496,relu,none,0.0,none,21008,orthogonal,4.154700259367625,2.899160146713257,nonlinear_interaction,365,6,0.277,384,1.8523859977722168,1.7271758015198435,0.039624757129571746,0.0,,gaussian,cpu,cpu,8,,float32,none,small,noisy,medium,cpu,small_model__noisy_data__medium_volume,0.02,32,adam,1e-05,orthogonal,108.75711059570312,7.545660495758057,-39.94403076171875,106.29771423339844,17.186716079711914,35.404694366455075,3.4590139389038086,3.1969635486602783,1.4323937892913818,3.1079602241516113,147.0897674560547,0.23141183704137802,0.1398962214589119
799,2026-09-01 13:46:42,test,366,full_training,7.889169692993164,0.048056747764348984,137.0,1,0,0.1409670940192882,6.355435848236084,2,32,1217,2304,relu,none,0.0,none,19472,xavier,3.998493274052938,2.7725577354431152,nonlinear_product,366,3,0.146,256,4.586737632751465,2.1805230411917997,0.014277600788074926,0.0,,gaussian,cpu,cpu,8,,float32,none,small,moderate,low,cpu,small_model__moderate_data__low_volume,0.02,32,adam,1e-05,xavier,85.53611755371094,31.723535537719727,-455.45843505859375,55.53605651855469,11.82776165008545,37.91793308258057,2.3253870010375977,2.232546091079712,1.3435447216033936,12.029824256896973,1679.4539794921875,0.1615624874830246,0.0748118944466114
800,2026-09-01 13:46:43,test,366,full_training,7.269735336303711,0.04527389258146286,169.0,1,0,0.1874829989974387,5.724701404571533,2,32,1217,2304,relu,none,0.0,none,19472,he,5.3281480471293134,2.563436269760132,nonlinear_product,366,3,0.146,256,4.586737632751465,2.1805230411917997,0.014277600788074926,0.0,,gaussian,cpu,cpu,8,,float32,none,small,moderate,low,cpu,small_model__moderate_data__low_volume,0.02,32,adam,1e-05,he,247.24282836914062,82.7257080078125,-1712.3857421875,55.53605651855469,11.82776165008545,186.25685997009276,2.3253870010375977,2.232545852661133,3.244968891143799,24.436330795288086,7916.73193359375,0.39021050930023193,0.4364027827978134
801,2026-09-01 13:46:43,test,366,full_training,7.007559776306152,0.04869270324707031,144.0,1,0,0.16583033499773592,7.0428009033203125,2,32,1217,2304,relu,none,0.0,none,19472,orthogonal,3.8164965311686196,3.016789674758911,nonlinear_product,366,3,0.146,256,4.586737632751465,2.1805230411917997,0.014277600788074926,0.0,,gaussian,cpu,cpu,8,,float32,none,small,moderate,low,cpu,small_model__moderate_data__low_volume,0.02,32,adam,1e-05,orthogonal,53.49358367919922,22.060394287109375,-248.21328735351562,45.06601333618164,12.146939277648926,7.759281158447266,1.7657229900360107,1.6779429912567139,1.233018159866333,9.671894073486328,1020.474853515625,0.16921404749155045,0.06872761994600296
802,2026-09-01 13:46:43,train,367,full_training,1.5896246433258057,0.04455242305994034,68.0,1,0,0.09016890201019123,3.856625556945801,2,32,1185,2240,relu,none,0.0,none,18960,xavier,3.9327030579249063,2.911090850830078,linear,367,2,0.284,768,2.0303657054901123,1.7730464968628155,0.012592492328028814,0.0,,gaussian,cpu,cpu,8,,float32,none,small,noisy,high,cpu,small_model__noisy_data__high_volume,0.02,32,adam,1e-05,xavier,58.31831359863281,9.995631217956543,-33.41059875488281,-146.391845703125,6.969820499420166,24.418915700912475,1.7313957214355469,1.4002984762191772,1.2415413856506348,3.366705894470215,46.26321029663086,0.12675608694553375,0.06044335290789604
803,2026-09-01 13:46:43,train,367,full_training,1.0744132995605469,0.04844730719923973,83.0,1,0,0.08611371499137022,3.1190500259399414,2,32,1185,2240,relu,none,0.0,none,18960,he,5.592296163241069,2.8417537212371826,linear,367,2,0.284,768,2.0303657054901123,1.7730464968628155,0.012592492328028814,0.0,,gaussian,cpu,cpu,8,,float32,none,small,noisy,high,cpu,small_model__noisy_data__high_volume,0.02,32,adam,1e-05,he,203.48391723632812,21.67169761657715,-93.29525756835938,-146.391845703125,6.969819068908691,241.03307647705077,1.7313957214355469,1.4002982378005981,3.6196837425231934,6.644439220428467,135.28016662597656,0.369554340839386,0.5137685388326645
804,2026-09-01 13:46:43,train,367,full_training,1.7984950542449951,0.04254809021949768,68.0,1,0,0.07711505799670704,4.077088356018066,2,32,1185,2240,relu,none,0.0,none,18960,orthogonal,3.666666487852732,3.0912060737609863,linear,367,2,0.284,768,2.0303657054901123,1.7730464968628155,0.012592492328028814,0.0,,gaussian,cpu,cpu,8,,float32,none,small,noisy,high,cpu,small_model__noisy_data__high_volume,0.02,32,adam,1e-05,orthogonal,35.72531509399414,6.818882942199707,-18.83890724182129,-139.55429077148438,7.342480659484863,1.2607070922851562,1.3530527353286743,1.313296914100647,1.0670130252838135,2.427361488342285,33.123512268066406,0.11130493879318237,0.04271567799150944
805,2026-09-01 13:46:43,train,368,full_training,3.3408169746398926,0.04486911743879318,82.0,1,0,0.08428934900439344,5.792294979095459,2,32,1345,2560,relu,none,0.0,none,21520,xavier,4.824894110361735,2.6007485389709473,nonlinear_interaction,368,7,0.175,256,1.7305004596710205,1.6931438580657965,0.04473304083947256,0.0,,gaussian,cpu,cpu,8,,float32,none,small,moderate,low,cpu,small_model__moderate_data__low_volume,0.02,32,adam,1e-05,xavier,222.52198791503906,34.15126037597656,-727.4906005859375,110.03057861328125,18.247188568115234,138.27451133728027,7.290019512176514,5.688312530517578,2.144580125808716,9.758057594299316,329.5821533203125,0.31988702714443207,0.2693629264831543
806,2026-09-01 13:46:44,train,368,full_training,7.901147842407227,0.04855712130665779,113.0,1,0,0.10151237202808261,5.371396541595459,2,32,1345,2560,relu,none,0.0,none,21520,he,6.084149400393168,3.0874176025390625,nonlinear_interaction,368,7,0.175,256,1.7305004596710205,1.6931438580657965,0.04473304083947256,0.0,,gaussian,cpu,cpu,8,,float32,none,small,moderate,low,cpu,small_model__moderate_data__low_volume,0.02,32,adam,1e-05,he,444.48486328125,111.92632293701172,-6996.9296875,110.03057861328125,18.2471923828125,394.47406978607177,7.2900190353393555,5.688309192657471,3.5794029235839844,28.27021026611328,1819.8743896484375,0.5339061617851257,0.7503681778907776
807,2026-09-01 13:46:44,train,368,full_training,2.060992956161499,0.03187257796525955,82.0,1,0,0.0770412510028109,5.907574653625488,2,32,1345,2560,relu,none,0.0,none,21520,orthogonal,4.247219244639079,2.8800108432769775,nonlinear_interaction,368,7,0.175,256,1.7305004596710205,1.6931438580657965,0.04473304083947256,0.0,,gaussian,cpu,cpu,8,,float32,none,small,moderate,low,cpu,small_model__moderate_data__low_volume,0.02,32,adam,1e-05,orthogonal,111.43936157226562,14.095970153808594,-209.37786865234375,114.6023941040039,19.125455856323242,88.43394012451172,4.479935646057129,3.799262046813965,1.5261722803115845,5.641859531402588,155.1240692138672,0.2663567140698433,0.15471186488866806
808,2026-09-01 13:46:44,train,369,full_training,6.223042964935303,0.029342791065573692,499.0,1,0,0.5122952490055468,10.50228214263916,2,32,1281,2432,relu,none,0.0,none,20496,xavier,4.337605396906535,2.741262674331665,nonlinear_product,369,5,0.298,512,5.462635517120361,2.2679042175747393,0.04730567957029846,0.0,,gaussian,cpu,cpu,8,,float32,none,small,noisy,medium,cpu,small_model__noisy_data__medium_volume,0.02,32,adam,1e-05,xavier,116.72314453125,26.875225067138672,-191.9482421875,98.88148498535156,17.327377319335938,73.74168663024902,3.8854918479919434,3.3929896354675293,1.76837158203125,9.195452690124512,140.2404022216797,0.24837999045848846,0.17487070709466934
809,2026-09-01 13:46:45,train,369,full_training,5.60551118850708,0.0488777793943882,774.0,1,0,0.7557701960031409,11.330951690673828,2,32,1281,2432,relu,none,0.0,none,20496,he,5.668473839759827,3.066263437271118,nonlinear_product,369,5,0.298,512,5.462635517120361,2.2679042175747393,0.04730567957029846,0.0,,gaussian,cpu,cpu,8,,float32,none,small,noisy,medium,cpu,small_model__noisy_data__medium_volume,0.02,32,adam,1e-05,he,268.70367431640625,47.78959274291992,-155.14797973632812,98.88148498535156,17.327373504638672,246.4579086303711,3.885491371154785,3.392989158630371,3.4015309810638428,12.79535961151123,158.8732147216797,0.4777684658765793,0.6470216512680054
810,2026-09-01 13:46:45,train,369,full_training,6.197796821594238,0.04502333328127861,263.0,1,0,0.4303106500010472,8.4766263961792,2,32,1281,2432,relu,none,0.0,none,20496,orthogonal,4.054092566172282,2.926488161087036,nonlinear_product,369,5,0.298,512,5.462635517120361,2.2679042175747393,0.04730567957029846,0.0,,gaussian,cpu,cpu,8,,float32,none,small,noisy,medium,cpu,small_model__noisy_data__medium_volume,0.02,32,adam,1e-05,orthogonal,84.57994079589844,15.49293327331543,-112.90097045898438,96.05911254882812,17.21323585510254,40.80414991378784,2.8043200969696045,2.6760928630828857,1.309046983718872,7.005494117736816,74.30062103271484,0.20341067016124725,0.11377863958477974
811,2026-09-01 13:46:46,train,370,full_training,1.4309297800064087,0.0411388985812664,25.0,1,0,0.030447609984548762,3.3331046104431152,2,32,1185,2240,relu,none,0.0,none,18960,xavier,3.9327030579249063,2.911090850830078,linear,370,2,0.188,512,2.141862154006958,1.7997763412462342,0.021747116154024155,0.0,,gaussian,cpu,cpu,8,,float32,none,small,moderate,medium,cpu,small_model__moderate_data__medium_volume,0.02,32,adam,1e-05,xavier,58.31831359863281,10.948801040649414,-41.67485427856445,-173.79737854003906,7.008758068084717,18.9268440246582,1.6876829862594604,1.347353458404541,1.2518538236618042,3.7448530197143555,82.3847885131836,0.1300848424434662,0.05909683555364609
812,2026-09-01 13:46:46,train,370,full_training,1.2986335754394531,0.04823394492268562,21.0,1,0,0.027504682017024606,2.140443801879883,2,32,1185,2240,relu,none,0.0,none,18960,he,5.592296163241069,2.8417537212371826,linear,370,2,0.188,512,2.141862154006958,1.7997763412462342,0.021747116154024155,0.0,,gaussian,cpu,cpu,8,,float32,none,small,moderate,medium,cpu,small_model__moderate_data__medium_volume,0.02,32,adam,1e-05,he,203.48391723632812,24.73212432861328,-202.12503051757812,-173.79737854003906,7.0087571144104,217.02146949768067,1.687682867050171,1.347353458404541,3.649749755859375,7.860205173492432,570.8095092773438,0.37925922870635986,0.5023231357336044
813,2026-09-01 13:46:46,train,370,full_training,1.3661071062088013,0.04179847240447998,10.0,1,0,0.009299888013629243,2.7506656646728516,2,32,1185,2240,relu,none,0.0,none,18960,orthogonal,3.666666487852732,3.0912060737609863,linear,370,2,0.188,512,2.141862154006958,1.7997763412462342,0.021747116154024155,0.0,,gaussian,cpu,cpu,8,,float32,none,small,moderate,medium,cpu,small_model__moderate_data__medium_volume,0.02,32,adam,1e-05,orthogonal,35.72531509399414,7.464449405670166,-23.504093170166016,-139.13320922851562,7.372366905212402,-4.297512435913086,1.3815746307373047,1.3476653099060059,1.093708872795105,2.731231451034546,36.41764831542969,0.11518362537026405,0.04102354682981968
814,2026-09-01 13:46:46,train,371,full_training,2.4577441215515137,0.04937028884887695,309.0,1,0,0.31318664498394355,7.799409866333008,2,32,1313,2496,relu,none,0.0,none,21008,xavier,4.628277778625488,2.699293613433838,nonlinear_interaction,371,6,0.18,768,2.2873218059539795,1.8326293412530428,0.03168759521416061,0.0,,gaussian,cpu,cpu,8,,float32,none,small,moderate,high,cpu,small_model__moderate_data__high_volume,0.02,32,adam,1e-05,xavier,180.12289428710938,12.990734100341797,-67.0384521484375,88.240234375,16.871368408203125,58.308328247070314,5.1489338874816895,4.65993070602417,1.886445164680481,4.009152889251709,139.29905700683594,0.29749393463134766,0.24949223548173904
815,2026-09-01 13:46:46,train,371,full_training,2.6734778881073,0.04291640222072601,391.0,1,0,0.37947908401838504,7.775261402130127,2,32,1313,2496,relu,none,0.0,none,21008,he,5.945054133733113,3.1431682109832764,nonlinear_interaction,371,6,0.18,768,2.2873218059539795,1.8326293412530428,0.03168759521416061,0.0,,gaussian,cpu,cpu,8,,float32,none,small,moderate,high,cpu,small_model__moderate_data__high_volume,0.02,32,adam,1e-05,he,383.60638427734375,31.33687400817871,-362.8948669433594,88.240234375,16.871368408203125,144.3370788574219,5.148934364318848,4.659933090209961,3.3569538593292236,8.175774574279785,719.6282348632812,0.5293942987918854,0.7900587618350983
816,2026-09-01 13:46:47,train,371,full_training,2.5760746002197266,0.04576554521918297,200.0,1,0,0.20388206699863076,7.106317043304443,2,32,1313,2496,relu,none,0.0,none,21008,orthogonal,4.154700259367625,2.899160146713257,nonlinear_interaction,371,6,0.18,768,2.2873218059539795,1.8326293412530428,0.03168759521416061,0.0,,gaussian,cpu,cpu,8,,float32,none,small,moderate,high,cpu,small_model__moderate_data__high_volume,0.02,32,adam,1e-05,orthogonal,108.75711059570312,9.701665878295898,-52.316932678222656,110.1401596069336,17.380718231201172,30.708013153076173,3.669668674468994,3.5504729747772217,1.4323409795761108,3.591388463973999,73.39974212646484,0.24280887842178345,0.14708438515663147
817,2026-09-01 13:46:48,test,372,full_training,4.970609664916992,0.049779705703258514,560.0,1,0,1.1805031679978129,9.736473083496094,2,32,1217,2304,relu,none,0.0,none,19472,xavier,3.998493274052938,2.7725577354431152,nonlinear_product,372,3,0.212,512,7.9533281326293945,2.4557337702541844,0.026587462186761876,0.0,,gaussian,cpu,cpu,8,,float32,none,small,moderate,medium,cpu,small_model__moderate_data__medium_volume,0.02,32,adam,1e-05,xavier,85.53611755371094,24.47283935546875,-273.0579833984375,57.90098571777344,11.867897987365723,42.71920928955078,2.503708600997925,2.4144515991210938,1.3027522563934326,9.686267852783203,1321.987060546875,0.16347549855709076,0.07923505455255508
818,2026-09-01 13:46:49,test,372,full_training,4.240935325622559,0.03839539363980293,563.0,1,0,1.165188395010773,8.947052955627441,2,32,1217,2304,relu,none,0.0,none,19472,he,5.3281480471293134,2.563436269760132,nonlinear_product,372,3,0.212,512,7.9533281326293945,2.4557337702541844,0.026587462186761876,0.0,,gaussian,cpu,cpu,8,,float32,none,small,moderate,medium,cpu,small_model__moderate_data__medium_volume,0.02,32,adam,1e-05,he,247.24282836914062,59.883506774902344,-764.863037109375,57.90098571777344,11.867895126342773,203.85519886016846,2.503708839416504,2.4144515991210938,3.1464457511901855,18.380157470703125,6963.4921875,0.3948308676481247,0.46220459043979645
819,2026-09-01 13:46:50,test,372,full_training,4.39973258972168,0.047958679497241974,563.0,1,0,0.6983845320064574,10.485581398010254,2,32,1217,2304,relu,none,0.0,none,19472,orthogonal,3.8164965311686196,3.016789674758911,nonlinear_product,372,3,0.212,512,7.9533281326293945,2.4557337702541844,0.026587462186761876,0.0,,gaussian,cpu,cpu,8,,float32,none,small,moderate,medium,cpu,small_model__moderate_data__medium_volume,0.02,32,adam,1e-05,orthogonal,53.49358367919922,17.778762817382812,-157.6012420654297,32.95307922363281,12.048104286193848,7.7657928466796875,1.7955137491226196,1.7729719877243042,1.2046236991882324,7.9749908447265625,831.8767700195312,0.16919593513011932,0.07358134165406227
820,2026-09-01 13:46:50,train,373,full_training,1.3075824975967407,0.03209264948964119,14.0,1,0,0.025935518991900608,3.105776309967041,2,32,1185,2240,relu,none,0.0,none,18960,xavier,3.9327030579249063,2.911090850830078,linear,373,2,0.035,256,1.7877299785614014,1.7094118565272591,0.005971069025169302,0.0,,gaussian,cpu,cpu,8,,float32,none,small,clean,low,cpu,small_model__clean_data__low_volume,0.02,32,adam,1e-05,xavier,58.31831359863281,10.824673652648926,-40.97575759887695,-150.8902130126953,7.331496238708496,32.371157836914065,1.6823441982269287,1.3251380920410156,1.2711961269378662,3.694202423095703,42.999366760253906,0.14202316850423813,0.0718473456799984
821,2026-09-01 13:46:50,train,373,full_training,0.7632660865783691,0.02799162268638611,17.0,1,0,0.02987352799391374,2.099782943725586,2,32,1185,2240,relu,none,0.0,none,18960,he,5.592296163241069,2.8417537212371826,linear,373,2,0.035,256,1.7877299785614014,1.7094118565272591,0.005971069025169302,0.0,,gaussian,cpu,cpu,8,,float32,none,small,clean,low,cpu,small_model__clean_data__low_volume,0.02,32,adam,1e-05,he,203.48391723632812,24.69369125366211,-149.47268676757812,-150.8902130126953,7.331493854522705,312.4867774963379,1.6823443174362183,1.3251378536224365,3.706141710281372,7.581631660461426,326.48095703125,0.4140651226043701,0.6107024550437927
822,2026-09-01 13:46:50,train,373,full_training,1.3918533325195312,0.034624870866537094,17.0,1,0,0.021565870993072167,3.162508249282837,2,32,1185,2240,relu,none,0.0,none,18960,orthogonal,3.666666487852732,3.0912060737609863,linear,373,2,0.035,256,1.7877299785614014,1.7094118565272591,0.005971069025169302,0.0,,gaussian,cpu,cpu,8,,float32,none,small,clean,low,cpu,small_model__clean_data__low_volume,0.02,32,adam,1e-05,orthogonal,35.72531509399414,7.688602447509766,-22.200599670410156,-133.12245178222656,7.267193794250488,8.273780345916748,1.3965367078781128,1.364400863647461,1.1177661418914795,2.6484599113464355,26.0932674407959,0.1275165155529976,0.05475151911377907
823,2026-09-01 13:46:50,train,374,full_training,1.6265300512313843,0.04754948616027832,58.0,1,0,0.06628942902898416,5.298221111297607,2,32,1313,2496,relu,none,0.0,none,21008,xavier,4.628277778625488,2.699293613433838,nonlinear_interaction,374,6,0.047,384,1.5946165323257446,1.6522551775682093,0.034278061858888445,0.0,,gaussian,cpu,cpu,8,,float32,none,small,clean,medium,cpu,small_model__clean_data__medium_volume,0.02,32,adam,1e-05,xavier,180.12289428710938,10.287986755371094,-34.28375244140625,110.17344665527344,17.423078536987305,44.9273323059082,5.062600135803223,4.8251872062683105,1.8304544687271118,3.4091005325317383,42.38225555419922,0.2890850603580475,0.23010975867509842
824,2026-09-01 13:46:50,train,374,full_training,2.079416275024414,0.047181207686662674,85.0,1,0,0.10970629600342363,5.386519908905029,2,32,1313,2496,relu,none,0.0,none,21008,he,5.945054133733113,3.1431682109832764,nonlinear_interaction,374,6,0.047,384,1.5946165323257446,1.6522551775682093,0.034278061858888445,0.0,,gaussian,cpu,cpu,8,,float32,none,small,clean,medium,cpu,small_model__clean_data__medium_volume,0.02,32,adam,1e-05,he,383.60638427734375,21.43377685546875,-116.01082611083984,110.17344665527344,17.423078536987305,113.79053363800048,5.062600612640381,4.825189113616943,3.257317543029785,5.676237106323242,87.35196685791016,0.5144306272268295,0.7286808788776398
825,2026-09-01 13:46:50,train,374,full_training,1.616030216217041,0.03368949145078659,86.0,1,0,0.09979307799949311,5.929388523101807,2,32,1313,2496,relu,none,0.0,none,21008,orthogonal,4.154700259367625,2.899160146713257,nonlinear_interaction,374,6,0.047,384,1.5946165323257446,1.6522551775682093,0.034278061858888445,0.0,,gaussian,cpu,cpu,8,,float32,none,small,clean,medium,cpu,small_model__clean_data__medium_volume,0.02,32,adam,1e-05,orthogonal,108.75711059570312,8.225404739379883,-50.89470672607422,111.7674331665039,17.580997467041016,21.64494209289551,3.803277015686035,3.38675856590271,1.4013381004333496,3.7119767665863037,66.08364868164062,0.23474326729774475,0.13905645906925201
826,2026-09-01 13:46:51,train,375,full_training,3.1469156742095947,0.0401359423995018,162.0,1,0,0.16901968599995598,7.743708610534668,2,32,1249,2368,relu,none,0.0,none,19984,xavier,4.106595436731975,2.8521344661712646,nonlinear_product,375,4,0.11,768,3.88458251953125,2.097446292437323,0.0333435935967597,0.0,,gaussian,cpu,cpu,8,,float32,none,small,moderate,high,cpu,small_model__moderate_data__high_volume,0.02,32,adam,1e-05,xavier,88.71050262451172,18.427751541137695,-215.7563934326172,78.99159240722656,13.277286529541016,19.478472423553466,3.359994649887085,3.2558023929595947,1.6455652713775635,7.44552755355835,336.2383728027344,0.21127627044916153,0.1343322917819023
827,2026-09-01 13:46:51,train,375,full_training,4.724137306213379,0.036833882331848145,206.0,1,0,0.4277615490136668,6.938583850860596,2,32,1249,2368,relu,none,0.0,none,19984,he,5.400059739748637,2.908212184906006,nonlinear_product,375,4,0.11,768,3.88458251953125,2.097446292437323,0.0333435935967597,0.0,,gaussian,cpu,cpu,8,,float32,none,small,moderate,high,cpu,small_model__moderate_data__high_volume,0.02,32,adam,1e-05,he,225.21484375,57.99088668823242,-1729.0421142578125,78.99159240722656,13.277286529541016,101.21547088623046,3.359994649887085,3.255801200866699,3.4907708168029785,17.2532901763916,1548.5025634765625,0.448184609413147,0.6044952571392059
828,2026-09-01 13:46:51,train,375,full_training,2.827942371368408,0.046740543097257614,162.0,1,0,0.25357844500103965,7.9303812980651855,2,32,1249,2368,relu,none,0.0,none,19984,orthogonal,3.9428090254465737,2.9643869400024414,nonlinear_product,375,4,0.11,768,3.88458251953125,2.097446292437323,0.0333435935967597,0.0,,gaussian,cpu,cpu,8,,float32,none,small,moderate,high,cpu,small_model__moderate_data__high_volume,0.02,32,adam,1e-05,orthogonal,68.3827133178711,14.240866661071777,-145.91162109375,80.67382049560547,15.396124839782715,-5.053061676025391,2.029376745223999,2.0050857067108154,1.264410376548767,6.4286208152771,208.79745483398438,0.18959925323724747,0.09571000933647156
829,2026-09-01 13:46:52,train,376,full_training,2.6523101329803467,0.031710002571344376,35.0,1,0,0.0530703839904163,4.8333964347839355,2,32,1281,2432,relu,none,0.0,none,20496,xavier,4.337605396906535,2.741262674331665,linear,376,5,0.141,384,2.161726713180542,1.8043921865011379,0.046879596566708384,0.0,,gaussian,cpu,cpu,8,,float32,none,small,moderate,medium,cpu,small_model__moderate_data__medium_volume,0.02,32,adam,1e-05,xavier,116.72314453125,11.244247436523438,-74.6903076171875,91.98688507080078,16.053632736206055,49.701798629760745,4.13551139831543,3.7134671211242676,1.716694712638855,3.378085136413574,246.7263641357422,0.25646384060382843,0.18636325001716614
830,2026-09-01 13:46:52,train,376,full_training,5.344367504119873,0.04466969519853592,38.0,1,0,0.05247131802025251,4.793327331542969,2,32,1281,2432,relu,none,0.0,none,20496,he,5.668473839759827,3.066263437271118,linear,376,5,0.141,384,2.161726713180542,1.8043921865011379,0.046879596566708384,0.0,,gaussian,cpu,cpu,8,,float32,none,small,moderate,medium,cpu,small_model__moderate_data__medium_volume,0.02,32,adam,1e-05,he,268.70367431640625,40.572998046875,-890.5447998046875,91.98688507080078,16.053632736206055,174.3069751739502,4.13551139831543,3.713466167449951,3.3021280765533447,10.350178718566895,2088.060791015625,0.49331803619861603,0.6895440220832825
831,2026-09-01 13:46:52,train,376,full_training,2.0788817405700684,0.04464108124375343,24.0,1,0,0.036464855016674846,4.4341206550598145,2,32,1281,2432,relu,none,0.0,none,20496,orthogonal,4.054092566172282,2.926488161087036,linear,376,5,0.141,384,2.161726713180542,1.8043921865011379,0.046879596566708384,0.0,,gaussian,cpu,cpu,8,,float32,none,small,moderate,medium,cpu,small_model__moderate_data__medium_volume,0.02,32,adam,1e-05,orthogonal,84.57994079589844,7.505908966064453,-30.948322296142578,100.21360778808594,16.653249740600586,43.92953681945801,2.9370460510253906,2.7480885982513428,1.3548537492752075,2.5493764877319336,89.66508483886719,0.2139068990945816,0.1177666187286377
832,2026-09-01 13:46:52,train,377,full_training,2.3402881622314453,0.03242208808660507,134.0,1,0,0.1974070459837094,6.389702796936035,2,32,1281,2432,relu,none,0.0,none,20496,xavier,4.337605396906535,2.741262674331665,nonlinear_interaction,377,5,0.151,384,1.8603687286376953,1.7293258878451632,0.03828083863605848,0.0,,gaussian,cpu,cpu,8,,float32,none,small,moderate,medium,cpu,small_model__moderate_data__medium_volume,0.02,32,adam,1e-05,xavier,116.72314453125,6.346530914306641,-29.74958038330078,92.33326721191406,16.2517147064209,52.390062713623045,4.065815448760986,3.9113845825195312,1.7397006750106812,1.9824023246765137,27.092727661132812,0.22706758975982666,0.1453848034143448
833,2026-09-01 13:46:52,train,377,full_training,3.3827004432678223,0.04926815629005432,131.0,1,0,0.2046534949913621,5.790025234222412,2,32,1281,2432,relu,none,0.0,none,20496,he,5.668473839759827,3.066263437271118,nonlinear_interaction,377,5,0.151,384,1.8603687286376953,1.7293258878451632,0.03828083863605848,0.0,,gaussian,cpu,cpu,8,,float32,none,small,moderate,medium,cpu,small_model__moderate_data__medium_volume,0.02,32,adam,1e-05,he,268.70367431640625,26.688627243041992,-576.1674194335938,92.33326721191406,16.251710891723633,162.5640899658203,4.0658159255981445,3.9113848209381104,3.346381187438965,7.607946395874023,249.5576629638672,0.4367732107639313,0.5379237830638885
834,2026-09-01 13:46:53,train,377,full_training,2.4949231147766113,0.0444001778960228,131.0,1,0,0.3341544470167719,6.3669962882995605,2,32,1281,2432,relu,none,0.0,none,20496,orthogonal,4.054092566172282,2.926488161087036,nonlinear_interaction,377,5,0.151,384,1.8603687286376953,1.7293258878451632,0.03828083863605848,0.0,,gaussian,cpu,cpu,8,,float32,none,small,moderate,medium,cpu,small_model__moderate_data__medium_volume,0.02,32,adam,1e-05,orthogonal,84.57994079589844,4.312799453735352,-9.943620681762695,90.48616027832031,17.0262393951416,32.429687118530275,2.994856595993042,2.797274351119995,1.3388538360595703,1.488555908203125,23.608875274658203,0.18488554656505585,0.08882623538374901
835,2026-09-01 13:46:53,test,378,full_training,11.78288745880127,0.04233745485544205,189.0,1,0,0.7014496930059977,6.830748081207275,2,32,1217,2304,relu,none,0.0,none,19472,xavier,3.998493274052938,2.7725577354431152,nonlinear_product,378,3,0.087,768,4.633900165557861,2.1856379741426992,0.021881575616149385,0.0,,gaussian,cpu,cpu,8,,float32,none,small,clean,high,cpu,small_model__clean_data__high_volume,0.02,32,adam,1e-05,xavier,85.53611755371094,25.044889450073242,-260.35369873046875,51.482330322265625,12.11638069152832,15.533141899108887,2.4643750190734863,2.36883282661438,1.3549222946166992,9.182755470275879,223.646240234375,0.15357865393161774,0.06577976793050766
836,2026-09-01 13:46:54,test,378,full_training,10.206189155578613,0.0442226268351078,198.0,1,0,0.6498490090016276,5.8500518798828125,2,32,1217,2304,relu,none,0.0,none,19472,he,5.3281480471293134,2.563436269760132,nonlinear_product,378,3,0.087,768,4.633900165557861,2.1856379741426992,0.021881575616149385,0.0,,gaussian,cpu,cpu,8,,float32,none,small,clean,high,cpu,small_model__clean_data__high_volume,0.02,32,adam,1e-05,he,247.24282836914062,67.27305603027344,-1092.785888671875,51.482330322265625,12.11638355255127,144.12254829406737,2.4643752574920654,2.368833541870117,3.2724485397338867,18.574560165405273,1179.8470458984375,0.37092770636081696,0.3837153911590576
837,2026-09-01 13:46:55,test,378,full_training,10.817727088928223,0.03242434561252594,134.0,1,0,0.339679538999917,6.929309368133545,2,32,1217,2304,relu,none,0.0,none,19472,orthogonal,3.8164965311686196,3.016789674758911,nonlinear_product,378,3,0.087,768,4.633900165557861,2.1856379741426992,0.021881575616149385,0.0,,gaussian,cpu,cpu,8,,float32,none,small,clean,high,cpu,small_model__clean_data__high_volume,0.02,32,adam,1e-05,orthogonal,53.49358367919922,16.48528480529785,-131.34127807617188,28.328149795532227,12.291348457336426,0.15525641441345214,1.8126342296600342,1.765953779220581,1.1899380683898926,7.181869983673096,141.9380645751953,0.15651129186153412,0.059473806992173195
838,2026-09-01 13:46:55,train,379,full_training,1.564772129058838,0.022327398881316185,19.0,1,0,0.04506523199961521,3.286226511001587,2,32,1185,2240,relu,none,0.0,none,18960,xavier,3.9327030579249063,2.911090850830078,linear,379,2,0.059,512,1.978773593902588,1.7601771610956565,0.06723005453611956,0.0,,gaussian,cpu,cpu,8,,float32,none,small,clean,medium,cpu,small_model__clean_data__medium_volume,0.02,32,adam,1e-05,xavier,58.31831359863281,12.139043807983398,-46.192169189453125,-200.88597106933594,6.764248371124268,17.159289836883545,1.6784400939941406,1.2826998233795166,1.2325509786605835,4.019818305969238,51.9909553527832,0.12813828885555267,0.059484461322426796
839,2026-09-01 13:46:55,train,379,full_training,1.2777048349380493,0.03264155611395836,8.0,1,0,0.028446413984056562,1.5760077238082886,2,32,1185,2240,relu,none,0.0,none,18960,he,5.592296163241069,2.8417537212371826,linear,379,2,0.059,512,1.978773593902588,1.7601771610956565,0.06723005453611956,0.0,,gaussian,cpu,cpu,8,,float32,none,small,clean,medium,cpu,small_model__clean_data__medium_volume,0.02,32,adam,1e-05,he,203.48391723632812,24.978515625,-100.63967895507812,-200.88597106933594,6.764246463775635,238.12752780914306,1.6784400939941406,1.2826995849609375,3.593472719192505,7.5894999504089355,401.4176025390625,0.373584046959877,0.5056179612874985
840,2026-09-01 13:46:56,train,379,full_training,1.6226186752319336,0.019321344792842865,19.0,1,0,0.0604876629950013,3.311899423599243,2,32,1185,2240,relu,none,0.0,none,18960,orthogonal,3.666666487852732,3.0912060737609863,linear,379,2,0.059,512,1.978773593902588,1.7601771610956565,0.06723005453611956,0.0,,gaussian,cpu,cpu,8,,float32,none,small,clean,medium,cpu,small_model__clean_data__medium_volume,0.02,32,adam,1e-05,orthogonal,35.72531509399414,8.31633186340332,-28.634910583496094,-166.42584228515625,7.3752827644348145,-8.709040069580078,1.3582888841629028,1.322782039642334,1.0860629081726074,2.9544875621795654,28.822725296020508,0.11153202876448631,0.03979163244366646
841,2026-09-01 13:46:56,test,380,full_training,1.2874398231506348,0.04904966801404953,98.0,1,0,0.23796797601971775,6.127694129943848,2,32,1281,2432,relu,none,0.0,none,20496,xavier,4.337605396906535,2.741262674331665,nonlinear_interaction,380,5,0.099,768,1.8055528402328491,1.714371946988352,0.03564899768734275,0.0,,gaussian,cpu,cpu,8,,float32,none,small,clean,high,cpu,small_model__clean_data__high_volume,0.02,32,adam,1e-05,xavier,116.72314453125,6.674866199493408,-23.422000885009766,87.50580596923828,16.448558807373047,46.050288391113284,3.9089930057525635,3.573664903640747,1.7516584396362305,1.9695594310760498,40.89607238769531,0.22148201614618301,0.13853320479393005
842,2026-09-01 13:46:57,test,380,full_training,1.8865299224853516,0.048875678330659866,125.0,1,0,0.25576593601726927,5.857292652130127,2,32,1281,2432,relu,none,0.0,none,20496,he,5.668473839759827,3.066263437271118,nonlinear_interaction,380,5,0.099,768,1.8055528402328491,1.714371946988352,0.03564899768734275,0.0,,gaussian,cpu,cpu,8,,float32,none,small,clean,high,cpu,small_model__clean_data__high_volume,0.02,32,adam,1e-05,he,268.70367431640625,23.726957321166992,-321.6705322265625,87.50580596923828,16.448558807373047,150.04812889099122,3.9089925289154053,3.573665142059326,3.369382619857788,6.058968544006348,190.34158325195312,0.42602917551994324,0.5125728994607925
843,2026-09-01 13:46:57,test,380,full_training,1.102027177810669,0.04284754395484924,99.0,1,0,0.24856892798561603,6.142721652984619,2,32,1281,2432,relu,none,0.0,none,20496,orthogonal,4.054092566172282,2.926488161087036,nonlinear_interaction,380,5,0.099,768,1.8055528402328491,1.714371946988352,0.03564899768734275,0.0,,gaussian,cpu,cpu,8,,float32,none,small,clean,high,cpu,small_model__clean_data__high_volume,0.02,32,adam,1e-05,orthogonal,84.57994079589844,3.4841434955596924,-5.6430463790893555,91.14521789550781,16.919944763183594,22.445003747940063,2.946293354034424,2.8671560287475586,1.3216121196746826,1.177837610244751,28.847436904907227,0.1779654324054718,0.08354321122169495
844,2026-09-01 13:46:57,train,381,full_training,4.031406402587891,0.04974134638905525,117.0,1,0,0.31459073501173407,6.8385491371154785,2,32,1313,2496,relu,none,0.0,none,21008,xavier,4.628277778625488,2.699293613433838,nonlinear_product,381,6,0.141,256,5.623632431030273,2.2824274307840775,0.05008170597074542,0.0,,gaussian,cpu,cpu,8,,float32,none,small,moderate,low,cpu,small_model__moderate_data__low_volume,0.02,32,adam,1e-05,xavier,180.12289428710938,38.766963958740234,-786.4024658203125,108.56917572021484,17.27978515625,142.26662158966064,5.175138473510742,4.750020503997803,1.8234055042266846,14.764598846435547,984.7250366210938,0.2784496322274208,0.22519327700138092
845,2026-09-01 13:46:58,train,381,full_training,4.333794116973877,0.046867866069078445,100.0,1,0,0.30879525499767624,5.9450249671936035,2,32,1313,2496,relu,none,0.0,none,21008,he,5.945054133733113,3.1431682109832764,nonlinear_product,381,6,0.141,256,5.623632431030273,2.2824274307840775,0.05008170597074542,0.0,,gaussian,cpu,cpu,8,,float32,none,small,moderate,low,cpu,small_model__moderate_data__low_volume,0.02,32,adam,1e-05,he,383.60638427734375,83.38490295410156,-3018.4228515625,108.56917572021484,17.279794692993164,265.8158203125,5.175138473510742,4.750021457672119,3.244774103164673,26.676054000854492,3071.69580078125,0.4955047070980072,0.7131120264530182
846,2026-09-01 13:46:58,train,381,full_training,4.282425403594971,0.044314906001091,123.0,1,0,0.2591067879984621,7.13427734375,2,32,1313,2496,relu,none,0.0,none,21008,orthogonal,4.154700259367625,2.899160146713257,nonlinear_product,381,6,0.141,256,5.623632431030273,2.2824274307840775,0.05008170597074542,0.0,,gaussian,cpu,cpu,8,,float32,none,small,moderate,low,cpu,small_model__moderate_data__low_volume,0.02,32,adam,1e-05,orthogonal,108.75711059570312,25.660531997680664,-461.5896911621094,115.06017303466797,17.6492862701416,54.41598815917969,3.787475347518921,3.531881332397461,1.4030730724334717,11.902242660522461,665.517822265625,0.2312459498643875,0.14504847675561905
847,2026-09-01 13:46:58,test,382,full_training,1.7095669507980347,0.03205026686191559,10.0,1,0,0.030915512004867196,2.4981300830841064,2,32,1185,2240,relu,none,0.0,none,18960,xavier,3.9327030579249063,2.911090850830078,linear,382,2,0.079,512,1.834075689315796,1.722208854733038,0.0729063560017531,0.0,,gaussian,cpu,cpu,8,,float32,none,small,clean,medium,cpu,small_model__clean_data__medium_volume,0.02,32,adam,1e-05,xavier,58.31831359863281,9.769476890563965,-27.440082550048828,-203.4542236328125,6.738976001739502,6.978026580810547,1.9398540258407593,1.5024946928024292,1.3108549118041992,3.51802396774292,25.22437858581543,0.13366063684225082,0.06406043283641338
848,2026-09-01 13:46:58,test,382,full_training,1.3849458694458008,0.036619607359170914,15.0,1,0,0.03698199801146984,2.0063273906707764,2,32,1185,2240,relu,none,0.0,none,18960,he,5.592296163241069,2.8417537212371826,linear,382,2,0.079,512,1.834075689315796,1.722208854733038,0.0729063560017531,0.0,,gaussian,cpu,cpu,8,,float32,none,small,clean,medium,cpu,small_model__clean_data__medium_volume,0.02,32,adam,1e-05,he,203.48391723632812,18.815998077392578,-60.522884368896484,-203.4542236328125,6.738973617553711,200.38162574768066,1.9398540258407593,1.5024949312210083,3.8217661380767822,5.419863224029541,68.6113510131836,0.38968439400196075,0.5445136725902557
849,2026-09-01 13:46:58,test,382,full_training,1.75190007686615,0.02878614328801632,10.0,1,0,0.020428122021257877,2.652294635772705,2,32,1185,2240,relu,none,0.0,none,18960,orthogonal,3.666666487852732,3.0912060737609863,linear,382,2,0.079,512,1.834075689315796,1.722208854733038,0.0729063560017531,0.0,,gaussian,cpu,cpu,8,,float32,none,small,clean,medium,cpu,small_model__clean_data__medium_volume,0.02,32,adam,1e-05,orthogonal,35.72531509399414,6.845219135284424,-23.220930099487305,-166.15151977539062,7.041853427886963,-6.394141387939453,1.2827931642532349,1.2382752895355225,1.0803760290145874,2.8751041889190674,19.140193939208984,0.11678677052259445,0.04535170830786228
850,2026-09-01 13:46:59,train,383,full_training,2.778989315032959,0.04563426598906517,341.0,1,0,0.6768157850019634,8.044462203979492,2,32,1377,2624,relu,none,0.0,none,22032,xavier,4.944721817970276,2.613090753555298,nonlinear_interaction,383,8,0.259,768,1.8226385116577148,1.7190811246658408,0.031226795293033325,0.0,,gaussian,cpu,cpu,8,,float32,none,small,noisy,high,cpu,small_model__noisy_data__high_volume,0.02,32,adam,1e-05,xavier,284.1978759765625,18.48326301574707,-208.33993530273438,106.55107116699219,17.095584869384766,49.709147930145264,526759.75,11.527976036071777,2.3779969215393066,5.761998176574707,156.20582580566406,0.3225279748439789,0.299455389380455
851,2026-09-01 13:47:00,train,383,full_training,4.958103179931641,0.04800315573811531,223.0,1,0,0.32979275297839195,6.469932556152344,2,32,1377,2624,relu,none,0.0,none,22032,he,6.131039500236511,3.138056993484497,nonlinear_interaction,383,8,0.259,768,1.8226385116577148,1.7190811246658408,0.031226795293033325,0.0,,gaussian,cpu,cpu,8,,float32,none,small,noisy,high,cpu,small_model__noisy_data__high_volume,0.02,32,adam,1e-05,he,537.7823486328125,48.86335754394531,-1259.46337890625,106.55107116699219,17.09558868408203,116.97898941040039,597047.25,11.52796745300293,3.759943962097168,12.901848793029785,609.9608154296875,0.5099615305662155,0.7486384809017181
852,2026-09-01 13:47:01,train,383,full_training,1.8091691732406616,0.04482206329703331,293.0,1,0,0.4948078209999949,8.359397888183594,2,32,1377,2624,relu,none,0.0,none,22032,orthogonal,4.333333333333333,2.8674416542053223,nonlinear_interaction,383,8,0.259,768,1.8226385116577148,1.7190811246658408,0.031226795293033325,0.0,,gaussian,cpu,cpu,8,,float32,none,small,noisy,high,cpu,small_model__noisy_data__high_volume,0.02,32,adam,1e-05,orthogonal,140.87918090820312,7.556633472442627,-58.02165603637695,118.51995086669922,18.960859298706055,47.355584716796876,6.012063980102539,5.25242280960083,1.546764850616455,3.282958507537842,49.00326919555664,0.2684706300497055,0.16752923280000687
853,2026-09-01 13:47:01,train,384,full_training,6.900912284851074,0.03599843010306358,82.0,1,0,0.10282421100419015,5.984306335449219,2,32,1313,2496,relu,none,0.0,none,21008,xavier,4.628277778625488,2.699293613433838,nonlinear_product,384,6,0.014,256,2.7270939350128174,1.9205568079810993,0.04726258124655355,0.0,,gaussian,cpu,cpu,8,,float32,none,small,clean,low,cpu,small_model__clean_data__low_volume,0.02,32,adam,1e-05,xavier,180.12289428710938,20.557405471801758,-189.83566284179688,105.59867858886719,17.376977920532227,93.11360864639282,5.095145225524902,4.610607147216797,1.8969868421554565,7.804867744445801,137.69375610351562,0.3019216060638428,0.23913197964429855
854,2026-09-01 13:47:01,train,384,full_training,7.080705642700195,0.04365900531411171,82.0,1,0,0.14970654901117086,5.740063667297363,2,32,1313,2496,relu,none,0.0,none,21008,he,5.945054133733113,3.1431682109832764,nonlinear_product,384,6,0.014,256,2.7270939350128174,1.9205568079810993,0.04726258124655355,0.0,,gaussian,cpu,cpu,8,,float32,none,small,clean,low,cpu,small_model__clean_data__low_volume,0.02,32,adam,1e-05,he,383.60638427734375,40.8322639465332,-566.5517578125,105.59867858886719,17.376972198486328,194.2281135559082,5.095144748687744,4.610607147216797,3.3757128715515137,13.038602828979492,615.392333984375,0.5372734367847443,0.7572512924671173
855,2026-09-01 13:47:01,train,384,full_training,7.360804557800293,0.02773626148700714,107.0,1,0,0.22740652901120484,6.387353420257568,2,32,1313,2496,relu,none,0.0,none,21008,orthogonal,4.154700259367625,2.899160146713257,nonlinear_product,384,6,0.014,256,2.7270939350128174,1.9205568079810993,0.04726258124655355,0.0,,gaussian,cpu,cpu,8,,float32,none,small,clean,low,cpu,small_model__clean_data__low_volume,0.02,32,adam,1e-05,orthogonal,108.75711059570312,14.561092376708984,-169.89012145996094,114.1934814453125,17.207921981811523,52.056820487976076,3.407714366912842,3.325066328048706,1.4548312425613403,7.0005011558532715,70.63164520263672,0.25032927095890045,0.15682362765073776
856,2026-09-01 13:47:01,train,385,full_training,1.4928909540176392,0.04634721949696541,14.0,1,0,0.02688864801893942,3.028008460998535,2,32,1185,2240,relu,none,0.0,none,18960,xavier,3.9327030579249063,2.911090850830078,linear,385,2,0.248,768,2.231048583984375,1.8201743791986695,0.015952209867653146,0.0,,gaussian,cpu,cpu,8,,float32,none,small,moderate,high,cpu,small_model__moderate_data__high_volume,0.02,32,adam,1e-05,xavier,58.31831359863281,9.164270401000977,-25.424646377563477,-138.4812774658203,6.977353096008301,27.230519104003907,1.6542807817459106,1.3185360431671143,1.2549030780792236,3.0759942531585693,10.775863647460938,0.13425539806485176,0.06761976890265942
857,2026-09-01 13:47:01,train,385,full_training,1.1302506923675537,0.036692019551992416,50.0,1,0,0.09936942800413817,2.7346034049987793,2,32,1185,2240,relu,none,0.0,none,18960,he,5.592296163241069,2.8417537212371826,linear,385,2,0.248,768,2.231048583984375,1.8201743791986695,0.015952209867653146,0.0,,gaussian,cpu,cpu,8,,float32,none,small,moderate,high,cpu,small_model__moderate_data__high_volume,0.02,32,adam,1e-05,he,203.48391723632812,17.82443618774414,-39.784812927246094,-138.4812774658203,6.977351665496826,275.2774085998535,1.6542807817459106,1.318535566329956,3.6586403846740723,5.177697658538818,46.08304214477539,0.3914184123277664,0.5747680366039276
858,2026-09-01 13:47:02,train,385,full_training,1.5043036937713623,0.049741581082344055,43.0,1,0,0.16262445598840714,3.7936863899230957,2,32,1185,2240,relu,none,0.0,none,18960,orthogonal,3.666666487852732,3.0912060737609863,linear,385,2,0.248,768,2.231048583984375,1.8201743791986695,0.015952209867653146,0.0,,gaussian,cpu,cpu,8,,float32,none,small,moderate,high,cpu,small_model__moderate_data__high_volume,0.02,32,adam,1e-05,orthogonal,35.72531509399414,6.4996337890625,-17.418560028076172,-144.98072814941406,7.162109851837158,2.5641197204589843,1.4089219570159912,1.3519484996795654,1.116941213607788,2.324847936630249,8.039695739746094,0.11898183077573776,0.04910302348434925
859,2026-09-01 13:47:02,test,386,full_training,3.0751163959503174,0.04966102913022041,158.0,1,0,0.3955935859994497,6.257654190063477,2,32,1377,2624,relu,none,0.0,none,22032,xavier,4.944721817970276,2.613090753555298,nonlinear_interaction,386,8,0.089,768,1.8965479135513306,1.7389562062174673,0.028607486191107923,0.0,,gaussian,cpu,cpu,8,,float32,none,small,clean,high,cpu,small_model__clean_data__high_volume,0.02,32,adam,1e-05,xavier,284.1978759765625,20.687294006347656,-316.13848876953125,114.50345611572266,18.008079528808594,61.232098770141604,14.610380172729492,11.016467094421387,2.4236795902252197,6.926087379455566,618.3028564453125,0.35228003561496735,0.32751426100730896
860,2026-09-01 13:47:03,test,386,full_training,5.536116600036621,0.04831704869866371,186.0,1,0,0.44939308700850233,6.007257461547852,2,32,1377,2624,relu,none,0.0,none,22032,he,6.131039500236511,3.138056993484497,nonlinear_interaction,386,8,0.089,768,1.8965479135513306,1.7389562062174673,0.028607486191107923,0.0,,gaussian,cpu,cpu,8,,float32,none,small,clean,high,cpu,small_model__clean_data__high_volume,0.02,32,adam,1e-05,he,537.7823486328125,58.26781463623047,-2043.9091796875,114.50345611572266,18.008079528808594,148.2667137145996,14.610379219055176,11.016463279724121,3.832174062728882,16.1710147857666,2685.28759765625,0.5570036470890045,0.8187856674194336
861,2026-09-01 13:47:03,test,386,full_training,1.8772064447402954,0.036469779908657074,158.0,1,0,0.3605491319904104,6.806918144226074,2,32,1377,2624,relu,none,0.0,none,22032,orthogonal,4.333333333333333,2.8674416542053223,nonlinear_interaction,386,8,0.089,768,1.8965479135513306,1.7389562062174673,0.028607486191107923,0.0,,gaussian,cpu,cpu,8,,float32,none,small,clean,high,cpu,small_model__clean_data__high_volume,0.02,32,adam,1e-05,orthogonal,140.87918090820312,8.59740161895752,-72.46163940429688,114.28909301757812,19.34562873840332,52.793413162231445,6.145876407623291,4.801919460296631,1.5808544158935547,3.5272393226623535,153.42855834960938,0.28853774070739746,0.1787906289100647
862,2026-09-01 13:47:04,train,387,full_training,3.3012843132019043,0.04748506098985672,151.0,1,0,0.36019679700257257,6.692858695983887,2,32,1313,2496,relu,none,0.0,none,21008,xavier,4.628277778625488,2.699293613433838,nonlinear_product,387,6,0.061,384,3.9585628509521484,2.1068790546897027,0.039947690888407925,0.0,,gaussian,cpu,cpu,8,,float32,none,small,clean,medium,cpu,small_model__clean_data__medium_volume,0.02,32,adam,1e-05,xavier,180.12289428710938,20.717811584472656,-167.26783752441406,96.57904815673828,17.439062118530273,92.48667497634888,4.707715034484863,4.399373531341553,1.9308849573135376,6.973019123077393,230.33511352539062,0.2974790632724762,0.2091081216931343
863,2026-09-01 13:47:04,train,387,full_training,3.019257068634033,0.042957741767168045,166.0,1,0,0.4078630459844135,6.338980197906494,2,32,1313,2496,relu,none,0.0,none,21008,he,5.945054133733113,3.1431682109832764,nonlinear_product,387,6,0.061,384,3.9585628509521484,2.1068790546897027,0.039947690888407925,0.0,,gaussian,cpu,cpu,8,,float32,none,small,clean,medium,cpu,small_model__clean_data__medium_volume,0.02,32,adam,1e-05,he,383.60638427734375,44.53826904296875,-650.3204345703125,96.57904815673828,17.439062118530273,190.24902877807617,4.707715034484863,4.399371147155762,3.436034917831421,12.415185928344727,1123.525146484375,0.5293678641319275,0.662175714969635
864,2026-09-01 13:47:06,train,387,full_training,3.917228937149048,0.04632415249943733,129.0,1,0,0.2763111529930029,6.892191410064697,2,32,1313,2496,relu,none,0.0,none,21008,orthogonal,4.154700259367625,2.899160146713257,nonlinear_product,387,6,0.061,384,3.9585628509521484,2.1068790546897027,0.039947690888407925,0.0,,gaussian,cpu,cpu,8,,float32,none,small,clean,medium,cpu,small_model__clean_data__medium_volume,0.02,32,adam,1e-05,orthogonal,108.75711059570312,12.64126968383789,-98.23527526855469,104.77056121826172,17.152917861938477,37.76223297119141,3.5330121517181396,3.2899010181427,1.4825187921524048,5.675488471984863,62.18761444091797,0.24951311945915222,0.14097215235233307
865,2026-09-01 13:47:08,train,388,full_training,1.6986279487609863,0.03791432082653046,21.0,1,0,0.048901048983680084,3.4722681045532227,2,32,1249,2368,relu,none,0.0,none,19984,xavier,4.106595436731975,2.8521344661712646,linear,388,4,0.104,384,1.9950881004333496,1.7642826381971706,0.03148147094063888,0.0,,gaussian,cpu,cpu,8,,float32,none,small,moderate,medium,cpu,small_model__moderate_data__medium_volume,0.02,32,adam,1e-05,xavier,88.71050262451172,11.289562225341797,-47.307762145996094,77.53279876708984,14.93375015258789,35.437813186645506,3.2746145725250244,3.1994564533233643,1.6279131174087524,3.714582681655884,139.88925170898438,0.20146171748638153,0.11110689491033554
866,2026-09-01 13:47:09,train,388,full_training,1.7959320545196533,0.041525695472955704,23.0,1,0,0.027707550005288795,3.364691734313965,2,32,1249,2368,relu,none,0.0,none,19984,he,5.400059739748637,2.908212184906006,linear,388,4,0.104,384,1.9950881004333496,1.7642826381971706,0.03148147094063888,0.0,,gaussian,cpu,cpu,8,,float32,none,small,moderate,medium,cpu,small_model__moderate_data__medium_volume,0.02,32,adam,1e-05,he,225.21484375,30.500762939453125,-379.27783203125,77.53279876708984,14.933757781982422,103.93497467041016,3.2746143341064453,3.199455738067627,3.453324794769287,7.786133289337158,408.9042663574219,0.4273647964000702,0.49998097121715546
867,2026-09-01 13:47:10,train,388,full_training,2.1695799827575684,0.036504894495010376,22.0,1,0,0.04165303098852746,3.7499985694885254,2,32,1249,2368,relu,none,0.0,none,19984,orthogonal,3.9428090254465737,2.9643869400024414,linear,388,4,0.104,384,1.9950881004333496,1.7642826381971706,0.03148147094063888,0.0,,gaussian,cpu,cpu,8,,float32,none,small,moderate,medium,cpu,small_model__moderate_data__medium_volume,0.02,32,adam,1e-05,orthogonal,68.3827133178711,10.620591163635254,-52.40353012084961,83.19010162353516,15.544957160949707,42.61332893371582,2.019469976425171,1.939518690109253,1.2289777994155884,3.7335493564605713,158.96719360351562,0.18739008903503418,0.08826959133148193
868,2026-09-01 13:47:10,train,389,full_training,2.3219645023345947,0.04367658495903015,104.0,1,0,0.13547785297851078,5.871203422546387,2,32,1313,2496,relu,none,0.0,none,21008,xavier,4.628277778625488,2.699293613433838,nonlinear_interaction,389,6,0.172,768,2.07084059715271,1.782915838418604,0.026569177444951145,0.0,,gaussian,cpu,cpu,8,,float32,none,small,moderate,high,cpu,small_model__moderate_data__high_volume,0.02,32,adam,1e-05,xavier,180.12289428710938,14.046219825744629,-57.99991226196289,108.80670166015625,17.552509307861328,38.81352157592774,4.912924766540527,4.342520713806152,1.8946951627731323,4.008590221405029,87.19123840332031,0.2774167060852051,0.21045923978090286
869,2026-09-01 13:47:11,train,389,full_training,3.310267448425293,0.0458693690598011,151.0,1,0,0.30910070301615633,6.3541107177734375,2,32,1313,2496,relu,none,0.0,none,21008,he,5.945054133733113,3.1431682109832764,nonlinear_interaction,389,6,0.172,768,2.07084059715271,1.782915838418604,0.026569177444951145,0.0,,gaussian,cpu,cpu,8,,float32,none,small,moderate,high,cpu,small_model__moderate_data__high_volume,0.02,32,adam,1e-05,he,383.60638427734375,32.32149887084961,-247.49774169921875,108.80670166015625,17.552501678466797,91.86000709533691,4.912924289703369,4.3425211906433105,3.3716347217559814,7.261685848236084,285.0737609863281,0.4936666786670685,0.6664542853832245
870,2026-09-01 13:47:12,train,389,full_training,1.990238904953003,0.029875529929995537,263.0,1,0,0.6948912559892051,7.793008804321289,2,32,1313,2496,relu,none,0.0,none,21008,orthogonal,4.154700259367625,2.899160146713257,nonlinear_interaction,389,6,0.172,768,2.07084059715271,1.782915838418604,0.026569177444951145,0.0,,gaussian,cpu,cpu,8,,float32,none,small,moderate,high,cpu,small_model__moderate_data__high_volume,0.02,32,adam,1e-05,orthogonal,108.75711059570312,12.812948226928711,-78.4654769897461,110.29212951660156,17.130578994750977,32.97788505554199,3.3639721870422363,3.210794448852539,1.4733470678329468,4.271806240081787,113.7633285522461,0.24293792247772217,0.14702145010232925
871,2026-09-01 13:47:13,test,390,full_training,5.683404445648193,0.04854811728000641,313.0,1,0,0.4452659699891228,8.492308616638184,2,32,1345,2560,relu,none,0.0,none,21520,xavier,4.824894110361735,2.6007485389709473,nonlinear_product,390,7,0.176,768,4.082499980926514,2.1222933037999088,0.01929711943673204,0.0,,gaussian,cpu,cpu,8,,float32,none,small,moderate,high,cpu,small_model__moderate_data__high_volume,0.02,32,adam,1e-05,xavier,222.52198791503906,68.11397552490234,-2518.778564453125,108.73329162597656,17.846328735351562,118.05919342041015,7.2077717781066895,5.959597110748291,2.152245044708252,20.8154239654541,921.305419921875,0.3171529769897461,0.27573147416114807
872,2026-09-01 13:47:16,test,390,full_training,10.055367469787598,0.04481115564703941,527.0,1,0,1.1012724209867883,9.471226692199707,2,32,1345,2560,relu,none,0.0,none,21520,he,6.084149400393168,3.0874176025390625,nonlinear_product,390,7,0.176,768,4.082499980926514,2.1222933037999088,0.01929711943673204,0.0,,gaussian,cpu,cpu,8,,float32,none,small,moderate,high,cpu,small_model__moderate_data__high_volume,0.02,32,adam,1e-05,he,444.48486328125,189.16111755371094,-16837.51953125,108.73329162597656,17.846328735351562,350.9687210083008,7.207771301269531,5.959595203399658,3.592195987701416,48.654659271240234,5002.05859375,0.529342919588089,0.7681091725826263
873,2026-09-01 13:47:18,test,390,full_training,4.495428562164307,0.04173678159713745,651.0,1,0,0.9260857600020245,11.114384651184082,2,32,1345,2560,relu,none,0.0,none,21520,orthogonal,4.247219244639079,2.8800108432769775,nonlinear_product,390,7,0.176,768,4.082499980926514,2.1222933037999088,0.01929711943673204,0.0,,gaussian,cpu,cpu,8,,float32,none,small,moderate,high,cpu,small_model__moderate_data__high_volume,0.02,32,adam,1e-05,orthogonal,111.43936157226562,30.384422302246094,-838.3289794921875,115.88480377197266,19.07740020751953,103.72894821166992,4.357804298400879,4.075244426727295,1.5487639904022217,13.080646514892578,300.968017578125,0.2740737497806549,0.16916025429964066
874,2026-09-01 13:47:20,train,391,full_training,4.862236022949219,0.02199357934296131,29.0,1,0,0.03701477299910039,4.89506721496582,2,32,1281,2432,relu,none,0.0,none,20496,xavier,4.337605396906535,2.741262674331665,linear,391,5,0.051,384,2.1323435306549072,1.7975493452169813,0.06266465377566252,0.0,,gaussian,cpu,cpu,8,,float32,none,small,clean,medium,cpu,small_model__clean_data__medium_volume,0.02,32,adam,1e-05,xavier,116.72314453125,19.883432388305664,-237.12828063964844,100.02272033691406,16.515634536743164,79.2454776763916,3.7320444583892822,3.4382951259613037,1.7391703128814697,6.2285332679748535,80.68122100830078,0.24210846424102783,0.1623593121767044
875,2026-09-01 13:47:21,train,391,full_training,9.652106285095215,0.048880789428949356,30.0,1,0,0.049987065023742616,4.644975662231445,2,32,1281,2432,relu,none,0.0,none,20496,he,5.668473839759827,3.066263437271118,linear,391,5,0.051,384,2.1323435306549072,1.7975493452169813,0.06266465377566252,0.0,,gaussian,cpu,cpu,8,,float32,none,small,clean,medium,cpu,small_model__clean_data__medium_volume,0.02,32,adam,1e-05,he,268.70367431640625,67.10673522949219,-2327.2802734375,100.02272033691406,16.51563835144043,226.01111907958983,3.7320444583892822,3.4382941722869873,3.34536075592041,17.42072296142578,578.6738891601562,0.46570491790771484,0.6007294952869415
876,2026-09-01 13:47:21,train,391,full_training,3.441521406173706,0.04811621829867363,20.0,1,0,0.035052457998972386,4.420161247253418,2,32,1281,2432,relu,none,0.0,none,20496,orthogonal,4.054092566172282,2.926488161087036,linear,391,5,0.051,384,2.1323435306549072,1.7975493452169813,0.06266465377566252,0.0,,gaussian,cpu,cpu,8,,float32,none,small,clean,medium,cpu,small_model__clean_data__medium_volume,0.02,32,adam,1e-05,orthogonal,84.57994079589844,10.365036964416504,-63.783721923828125,93.95599365234375,16.809986114501953,49.70286121368408,2.7805371284484863,2.5954976081848145,1.3278251886367798,3.795644760131836,28.91676139831543,0.19790098071098328,0.10469973459839821
877,2026-09-01 13:47:22,train,392,full_training,4.7335309982299805,0.048683322966098785,370.0,1,0,0.43827247800072655,8.621840476989746,2,32,1377,2624,relu,none,0.0,none,22032,xavier,4.944721817970276,2.613090753555298,nonlinear_interaction,392,8,0.276,768,1.7730494737625122,1.705288998547738,0.02666474942442191,0.0,,gaussian,cpu,cpu,8,,float32,none,small,noisy,high,cpu,small_model__noisy_data__high_volume,0.02,32,adam,1e-05,xavier,284.1978759765625,21.297286987304688,-335.09521484375,113.7378158569336,17.595380783081055,67.62574882507325,16.93742561340332,11.764541625976562,2.401397705078125,6.641813278198242,477.48699951171875,0.32856592535972595,0.3199574947357178
878,2026-09-01 13:47:23,train,392,full_training,6.760493755340576,0.04640193656086922,435.0,1,0,0.8585481899790466,8.86152458190918,2,32,1377,2624,relu,none,0.0,none,22032,he,6.131039500236511,3.138056993484497,nonlinear_interaction,392,8,0.276,768,1.7730494737625122,1.705288998547738,0.02666474942442191,0.0,,gaussian,cpu,cpu,8,,float32,none,small,noisy,high,cpu,small_model__noisy_data__high_volume,0.02,32,adam,1e-05,he,537.7823486328125,62.88377380371094,-2597.78173828125,113.7378158569336,17.595380783081055,161.8714937210083,16.937429428100586,11.764537811279297,3.796942949295044,17.22124671936035,3096.985107421875,0.5195083916187286,0.7998937666416168
879,2026-09-01 13:47:26,train,392,full_training,4.588125228881836,0.04923172667622566,299.0,1,0,0.5084701360028703,8.498189926147461,2,32,1377,2624,relu,none,0.0,none,22032,orthogonal,4.333333333333333,2.8674416542053223,nonlinear_interaction,392,8,0.276,768,1.7730494737625122,1.705288998547738,0.02666474942442191,0.0,,gaussian,cpu,cpu,8,,float32,none,small,noisy,high,cpu,small_model__noisy_data__high_volume,0.02,32,adam,1e-05,orthogonal,140.87918090820312,7.543423175811768,-56.112876892089844,120.126220703125,19.271102905273438,57.3227424621582,6.692907810211182,5.3588995933532715,1.5132114887237549,3.1032888889312744,77.54850769042969,0.26394903659820557,0.16937340795993805
880,2026-09-01 13:47:28,train,393,full_training,3.0258195400238037,0.03404161334037781,126.0,1,0,0.24474207300227135,6.968873023986816,2,32,1281,2432,relu,none,0.0,none,20496,xavier,4.337605396906535,2.741262674331665,nonlinear_product,393,5,0.094,256,3.3689608573913574,2.0262407061506247,0.05253817219785588,0.0,,gaussian,cpu,cpu,8,,float32,none,small,clean,low,cpu,small_model__clean_data__low_volume,0.02,32,adam,1e-05,xavier,116.72314453125,13.485382080078125,-30.313304901123047,92.12799072265625,15.820061683654785,72.1572790145874,4.307066917419434,4.0895609855651855,1.7996037006378174,5.625983715057373,86.05323791503906,0.2551065608859062,0.17727407068014145
881,2026-09-01 13:47:30,train,393,full_training,2.930828094482422,0.04927229881286621,87.0,1,0,0.14941764099057764,5.78882360458374,2,32,1281,2432,relu,none,0.0,none,20496,he,5.668473839759827,3.066263437271118,nonlinear_product,393,5,0.094,256,3.3689608573913574,2.0262407061506247,0.05253817219785588,0.0,,gaussian,cpu,cpu,8,,float32,none,small,clean,low,cpu,small_model__clean_data__low_volume,0.02,32,adam,1e-05,he,268.70367431640625,28.770071029663086,-184.48707580566406,92.12799072265625,15.820061683654785,236.9315185546875,4.307065963745117,4.089559078216553,3.4616072177886963,6.877231597900391,448.09515380859375,0.49070727825164795,0.6559140682220459
882,2026-09-01 13:47:31,train,393,full_training,2.9403347969055176,0.04517630860209465,82.0,1,0,0.19594376999884844,5.776340961456299,2,32,1281,2432,relu,none,0.0,none,20496,orthogonal,4.054092566172282,2.926488161087036,nonlinear_product,393,5,0.094,256,3.3689608573913574,2.0262407061506247,0.05253817219785588,0.0,,gaussian,cpu,cpu,8,,float32,none,small,clean,low,cpu,small_model__clean_data__low_volume,0.02,32,adam,1e-05,orthogonal,84.57994079589844,11.60891342163086,-59.742889404296875,103.57916259765625,17.11136245727539,15.562098932266235,2.6656875610351562,2.4843642711639404,1.3081698417663574,5.522529125213623,40.03302001953125,0.19655344635248184,0.10400550067424774
883,2026-09-01 13:47:33,train,394,full_training,2.0179872512817383,0.036687158048152924,12.0,1,0,0.030127890990115702,2.766087770462036,2,32,1217,2304,relu,none,0.0,none,19472,xavier,3.998493274052938,2.7725577354431152,linear,394,3,0.074,384,1.7480353116989136,1.6981847723196994,0.061946792728154086,0.0,,gaussian,cpu,cpu,8,,float32,none,small,clean,medium,cpu,small_model__clean_data__medium_volume,0.02,32,adam,1e-05,xavier,85.53611755371094,6.902716159820557,-16.032089233398438,52.49633026123047,12.853379249572754,41.369734382629396,2.536008358001709,2.629298210144043,1.313660740852356,2.2773516178131104,31.373764038085938,0.14085575193166733,0.0550860408693552
884,2026-09-01 13:47:33,train,394,full_training,1.4266116619110107,0.03754904493689537,21.0,1,0,0.05738728499272838,2.7818121910095215,2,32,1217,2304,relu,none,0.0,none,19472,he,5.3281480471293134,2.563436269760132,linear,394,3,0.074,384,1.7480353116989136,1.6981847723196994,0.061946792728154086,0.0,,gaussian,cpu,cpu,8,,float32,none,small,clean,medium,cpu,small_model__clean_data__medium_volume,0.02,32,adam,1e-05,he,247.24282836914062,17.246065139770508,-56.784820556640625,52.49633026123047,12.853382110595703,158.43414077758788,2.536008834838867,2.6292972564697266,3.1727919578552246,4.047346591949463,159.36260986328125,0.34019897878170013,0.3213352710008621
885,2026-09-01 13:47:34,train,394,full_training,2.3392703533172607,0.03044361248612404,12.0,1,0,0.034230496996315196,3.4710371494293213,2,32,1217,2304,relu,none,0.0,none,19472,orthogonal,3.8164965311686196,3.016789674758911,linear,394,3,0.074,384,1.7480353116989136,1.6981847723196994,0.061946792728154086,0.0,,gaussian,cpu,cpu,8,,float32,none,small,clean,medium,cpu,small_model__clean_data__medium_volume,0.02,32,adam,1e-05,orthogonal,53.49358367919922,6.679209232330322,-22.851587295532227,31.241384506225586,12.464773178100586,32.1054012298584,1.8191215991973877,1.710684061050415,1.1685940027236938,2.3990678787231445,25.079389572143555,0.14866992086172104,0.05247633717954159
886,2026-09-01 13:47:35,train,395,full_training,2.4309425354003906,0.04478374868631363,114.0,1,0,0.29042533700703643,5.947284698486328,2,32,1313,2496,relu,none,0.0,none,21008,xavier,4.628277778625488,2.699293613433838,nonlinear_interaction,395,6,0.101,384,2.1605188846588135,1.8041127418176217,0.033887174862759654,0.0,,gaussian,cpu,cpu,8,,float32,none,small,moderate,medium,cpu,small_model__moderate_data__medium_volume,0.02,32,adam,1e-05,xavier,180.12289428710938,12.253349304199219,-43.540489196777344,100.93292236328125,18.033222198486328,46.997488784790036,5.168513774871826,4.738954544067383,1.8793476819992065,3.509484052658081,76.70608520507812,0.2922564744949341,0.23119036853313446
887,2026-09-01 13:47:38,train,395,full_training,2.574949264526367,0.04721870273351669,118.0,1,0,0.20142626098822802,5.38286018371582,2,32,1313,2496,relu,none,0.0,none,21008,he,5.945054133733113,3.1431682109832764,nonlinear_interaction,395,6,0.101,384,2.1605188846588135,1.8041127418176217,0.033887174862759654,0.0,,gaussian,cpu,cpu,8,,float32,none,small,moderate,medium,cpu,small_model__moderate_data__medium_volume,0.02,32,adam,1e-05,he,383.60638427734375,29.133798599243164,-212.9373779296875,100.93292236328125,18.03322982788086,129.95106449127198,5.168513774871826,4.738955974578857,3.3443243503570557,6.582170486450195,339.9525451660156,0.5200742185115814,0.7321028709411621
888,2026-09-01 13:47:39,train,395,full_training,3.1105241775512695,0.04951297491788864,84.0,1,0,0.18321032999665476,5.8208489418029785,2,32,1313,2496,relu,none,0.0,none,21008,orthogonal,4.154700259367625,2.899160146713257,nonlinear_interaction,395,6,0.101,384,2.1605188846588135,1.8041127418176217,0.033887174862759654,0.0,,gaussian,cpu,cpu,8,,float32,none,small,moderate,medium,cpu,small_model__moderate_data__medium_volume,0.02,32,adam,1e-05,orthogonal,108.75711059570312,8.536322593688965,-49.778079986572266,113.7599868774414,17.94652557373047,27.548443031311034,3.580420732498169,3.2891464233398438,1.4363033771514893,3.6030640602111816,43.86277770996094,0.2435714602470398,0.14023083448410034
889,2026-09-01 13:47:40,train,396,full_training,3.946521520614624,0.03964758664369583,215.0,1,0,0.4649156370142009,8.327787399291992,2,32,1217,2304,relu,none,0.0,none,19472,xavier,3.998493274052938,2.7725577354431152,nonlinear_product,396,3,0.084,512,8.140846252441406,2.4673856016182434,0.03776496985278464,0.0,,gaussian,cpu,cpu,8,,float32,none,small,clean,medium,cpu,small_model__clean_data__medium_volume,0.02,32,adam,1e-05,xavier,85.53611755371094,54.82231521606445,-1789.3419189453125,54.68321228027344,11.806143760681152,96.41827163696288,2.3608617782592773,2.313122510910034,1.316763997077942,22.38774871826172,6658.2099609375,0.15960490703582764,0.08121078088879585
890,2026-09-01 13:47:40,train,396,full_training,3.3794031143188477,0.04975491762161255,161.0,1,0,0.2965470709896181,6.681987762451172,2,32,1217,2304,relu,none,0.0,none,19472,he,5.3281480471293134,2.563436269760132,nonlinear_product,396,3,0.084,512,8.140846252441406,2.4673856016182434,0.03776496985278464,0.0,,gaussian,cpu,cpu,8,,float32,none,small,clean,medium,cpu,small_model__clean_data__medium_volume,0.02,32,adam,1e-05,he,247.24282836914062,148.97137451171875,-8938.52734375,54.68321228027344,11.806146621704102,261.48463478088377,2.3608617782592773,2.3131234645843506,3.1802878379821777,51.030311584472656,36668.6953125,0.38548247516155243,0.47372961044311523
891,2026-09-01 13:47:42,train,396,full_training,3.4902029037475586,0.04553567245602608,155.0,1,0,0.23256644199136645,8.726865768432617,2,32,1217,2304,relu,none,0.0,none,19472,orthogonal,3.8164965311686196,3.016789674758911,nonlinear_product,396,3,0.084,512,8.140846252441406,2.4673856016182434,0.03776496985278464,0.0,,gaussian,cpu,cpu,8,,float32,none,small,clean,medium,cpu,small_model__clean_data__medium_volume,0.02,32,adam,1e-05,orthogonal,53.49358367919922,42.019317626953125,-1093.193359375,53.84876251220703,12.050899505615234,15.784389352798462,1.8564921617507935,1.8003499507904053,1.184862732887268,18.119478225708008,4520.1943359375,0.1688791885972023,0.07477225363254547
892,2026-09-01 13:47:43,train,397,full_training,1.1012853384017944,0.04532836750149727,11.0,1,0,0.023556879023090005,2.722611665725708,2,32,1185,2240,relu,none,0.0,none,18960,xavier,3.9327030579249063,2.911090850830078,linear,397,2,0.027,768,1.9150606393814087,1.7438131770069674,0.0023996255934174873,0.0,,gaussian,cpu,cpu,8,,float32,none,small,clean,high,cpu,small_model__clean_data__high_volume,0.02,32,adam,1e-05,xavier,58.31831359863281,7.402610778808594,-14.38798713684082,-161.67056274414062,6.720177173614502,7.965638160705566,1.9575881958007812,1.5024946928024292,1.3166576623916626,2.7176315784454346,18.467741012573242,0.11220559477806091,0.04428539797663689
893,2026-09-01 13:47:44,train,397,full_training,0.7353127002716064,0.04221170395612717,16.0,1,0,0.036016814003232867,2.1569771766662598,2,32,1185,2240,relu,none,0.0,none,18960,he,5.592296163241069,2.8417537212371826,linear,397,2,0.027,768,1.9150606393814087,1.7438131770069674,0.0023996255934174873,0.0,,gaussian,cpu,cpu,8,,float32,none,small,clean,high,cpu,small_model__clean_data__high_volume,0.02,32,adam,1e-05,he,203.48391723632812,11.10675048828125,19.313539505004883,-161.67056274414062,6.7201762199401855,161.8794044494629,1.9575881958007812,1.5024949312210083,3.838683605194092,3.089120388031006,92.18025207519531,0.3271327018737793,0.37642592191696167
894,2026-09-01 13:47:45,train,397,full_training,1.2670133113861084,0.021099690347909927,12.0,1,0,0.014863295014947653,2.910339832305908,2,32,1185,2240,relu,none,0.0,none,18960,orthogonal,3.666666487852732,3.0912060737609863,linear,397,2,0.027,768,1.9150606393814087,1.7438131770069674,0.0023996255934174873,0.0,,gaussian,cpu,cpu,8,,float32,none,small,clean,high,cpu,small_model__clean_data__high_volume,0.02,32,adam,1e-05,orthogonal,35.72531509399414,5.419849395751953,-14.896940231323242,-99.00541687011719,7.128156661987305,-5.48625373840332,1.3850412368774414,1.3324058055877686,1.089809775352478,2.334465980529785,11.055004119873047,0.09800528734922409,0.030046205036342144
895,2026-09-01 13:47:46,test,398,full_training,2.168612241744995,0.04895704984664917,210.0,1,0,0.3280307859822642,7.717986106872559,2,32,1345,2560,relu,none,0.0,none,21520,xavier,4.824894110361735,2.6007485389709473,nonlinear_interaction,398,7,0.128,768,2.062396764755249,1.780872925465664,0.03606680777711253,0.0,,gaussian,cpu,cpu,8,,float32,none,small,moderate,high,cpu,small_model__moderate_data__high_volume,0.02,32,adam,1e-05,xavier,222.52198791503906,39.696598052978516,-882.837890625,114.58202362060547,18.496685028076172,117.53906631469727,7.9339375495910645,6.582852363586426,2.1191985607147217,11.442976951599121,360.08270263671875,0.27922872453927994,0.22154393792152405
896,2026-09-01 13:47:46,test,398,full_training,4.821458339691162,0.048809874802827835,318.0,1,0,0.5015438129776157,7.687343120574951,2,32,1345,2560,relu,none,0.0,none,21520,he,6.084149400393168,3.0874176025390625,nonlinear_interaction,398,7,0.128,768,2.062396764755249,1.780872925465664,0.03606680777711253,0.0,,gaussian,cpu,cpu,8,,float32,none,small,moderate,high,cpu,small_model__moderate_data__high_volume,0.02,32,adam,1e-05,he,444.48486328125,119.60220336914062,-7148.82373046875,114.58202362060547,18.49667739868164,349.2632595062256,7.933938980102539,6.582849025726318,3.5370399951934814,29.94212532043457,1611.9390869140625,0.4660455733537674,0.6171581298112869
897,2026-09-01 13:47:46,test,398,full_training,1.711898684501648,0.04073053225874901,162.0,1,0,0.27480418200138956,7.067890167236328,2,32,1345,2560,relu,none,0.0,none,21520,orthogonal,4.247219244639079,2.8800108432769775,nonlinear_interaction,398,7,0.128,768,2.062396764755249,1.780872925465664,0.03606680777711253,0.0,,gaussian,cpu,cpu,8,,float32,none,small,moderate,high,cpu,small_model__moderate_data__high_volume,0.02,32,adam,1e-05,orthogonal,111.43936157226562,19.729310989379883,-340.2512512207031,118.40523529052734,18.809404373168945,68.42254867553712,4.545438289642334,4.1922125816345215,1.5180890560150146,7.62495756149292,140.7238006591797,0.2482808530330658,0.14715038985013962
898,2026-09-01 13:47:47,train,399,full_training,5.641709804534912,0.04479699954390526,105.0,1,0,0.23603868100326508,5.7378411293029785,2,32,1217,2304,relu,none,0.0,none,19472,xavier,3.998493274052938,2.7725577354431152,nonlinear_product,399,3,0.047,256,4.05466365814209,2.118872402782736,0.03477171745474099,0.0,,gaussian,cpu,cpu,8,,float32,none,small,clean,low,cpu,small_model__clean_data__low_volume,0.02,32,adam,1e-05,xavier,85.53611755371094,26.24923324584961,-311.10205078125,39.017887115478516,11.6486177444458,34.53145771026611,2.280771017074585,2.104430913925171,1.3425259590148926,10.04703140258789,58.015769958496094,0.16023336350917816,0.0749407410621643
899,2026-09-01 13:47:47,train,399,full_training,5.29044771194458,0.03562121093273163,139.0,1,0,0.34448415599763393,5.334073066711426,2,32,1217,2304,relu,none,0.0,none,19472,he,5.3281480471293134,2.563436269760132,nonlinear_product,399,3,0.047,256,4.05466365814209,2.118872402782736,0.03477171745474099,0.0,,gaussian,cpu,cpu,8,,float32,none,small,clean,low,cpu,small_model__clean_data__low_volume,0.02,32,adam,1e-05,he,247.24282836914062,66.95632934570312,-1230.6180419921875,39.017887115478516,11.6486234664917,181.8511184692383,2.280771017074585,2.104430913925171,3.2425084114074707,20.276155471801758,199.081787109375,0.3870003819465637,0.4371543973684311
900,2026-09-01 13:47:48,train,399,full_training,4.999856948852539,0.04792303591966629,117.0,1,0,0.28696357799344696,6.389045715332031,2,32,1217,2304,relu,none,0.0,none,19472,orthogonal,3.8164965311686196,3.016789674758911,nonlinear_product,399,3,0.047,256,4.05466365814209,2.118872402782736,0.03477171745474099,0.0,,gaussian,cpu,cpu,8,,float32,none,small,clean,low,cpu,small_model__clean_data__low_volume,0.02,32,adam,1e-05,orthogonal,53.49358367919922,18.66598892211914,-162.8776092529297,12.802274703979492,11.744806289672852,5.800602912902832,1.8113164901733398,1.7819697856903076,1.232616901397705,7.923287391662598,31.757076263427734,0.16462697088718414,0.06860874965786934
901,2026-09-01 13:48:35,train,1,full_training,0.830467164516449,0.026359131559729576,19.0,1,0,0.02924031301517971,3.291778564453125,2,32,1249,2368,relu,none,0.0,none,19984,xavier,4.106595436731975,2.8521344661712646,linear,1,4,0.1,256,2.0292224884033203,1.772764887728487,0.04422137646198132,0.0,,gaussian,cpu,cpu,8,,float32,none,small,moderate,low,cpu,small_model__moderate_data__low_volume,0.02,32,adam,1e-05,xavier,88.71050262451172,6.210914134979248,-7.780642986297607,65.91829681396484,14.126775741577148,29.670841407775878,3.3153140544891357,3.2179951667785645,1.6119086742401123,1.8767220973968506,75.22916412353516,0.17642339318990707,0.09031961858272552
902,2026-09-01 13:48:35,train,1,full_training,1.35580575466156,0.037396952509880066,17.0,1,0,0.026826157001778483,2.9418437480926514,2,32,1249,2368,relu,none,0.0,none,19984,he,5.400059739748637,2.908212184906006,linear,1,4,0.1,256,2.0292224884033203,1.772764887728487,0.04422137646198132,0.0,,gaussian,cpu,cpu,8,,float32,none,small,moderate,low,cpu,small_model__moderate_data__low_volume,0.02,32,adam,1e-05,he,225.21484375,17.073518753051758,-237.26718139648438,65.91829681396484,14.126779556274414,80.78423080444335,3.3153138160705566,3.2179951667785645,3.4193742275238037,4.669451713562012,36.22666549682617,0.37425048649311066,0.4064382463693619
903,2026-09-01 13:48:35,train,1,full_training,1.1895465850830078,0.02463325299322605,20.0,1,0,0.03284392599016428,3.6308207511901855,2,32,1249,2368,relu,none,0.0,none,19984,orthogonal,3.9428090254465737,2.9643869400024414,linear,1,4,0.1,256,2.0292224884033203,1.772764887728487,0.04422137646198132,0.0,,gaussian,cpu,cpu,8,,float32,none,small,moderate,low,cpu,small_model__moderate_data__low_volume,0.02,32,adam,1e-05,orthogonal,68.3827133178711,6.239274501800537,-12.705279350280762,88.1704330444336,15.457890510559082,29.459704685211182,2.0914056301116943,2.069622278213501,1.2550272941589355,2.0931735038757324,97.86592864990234,0.16321174055337906,0.06850162893533707
904,2026-09-01 13:48:35,train,2,full_training,1.0798277854919434,0.04396172612905502,115.0,1,0,0.1719680789974518,6.072940826416016,2,32,1313,2496,relu,none,0.0,none,21008,xavier,4.628277778625488,2.699293613433838,nonlinear_interaction,2,6,0.1,512,1.9600470066070557,1.755422761163484,0.025829305249334335,0.0,,gaussian,cpu,cpu,8,,float32,none,small,moderate,medium,cpu,small_model__moderate_data__medium_volume,0.02,32,adam,1e-05,xavier,180.12289428710938,11.88781452178955,-45.79234313964844,100.92446899414062,17.89844512939453,39.42365255355835,5.382480144500732,4.58633279800415,1.8839805126190186,3.4339966773986816,43.82521438598633,0.2908683121204376,0.21807674318552017
905,2026-09-01 13:48:36,train,2,full_training,1.6500192880630493,0.04965536668896675,117.0,1,0,0.12293927499558777,6.168213844299316,2,32,1313,2496,relu,none,0.0,none,21008,he,5.945054133733113,3.1431682109832764,nonlinear_interaction,2,6,0.1,512,1.9600470066070557,1.755422761163484,0.025829305249334335,0.0,,gaussian,cpu,cpu,8,,float32,none,small,moderate,medium,cpu,small_model__moderate_data__medium_volume,0.02,32,adam,1e-05,he,383.60638427734375,26.623336791992188,-214.91043090820312,100.92446899414062,17.89845085144043,111.16880989074707,5.382480144500732,4.586334228515625,3.352567434310913,6.57961368560791,166.9491424560547,0.5176039934158325,0.6905763447284698
906,2026-09-01 13:48:36,train,2,full_training,0.9132771492004395,0.034309737384319305,115.0,1,0,0.2059388189809397,6.38893985748291,2,32,1313,2496,relu,none,0.0,none,21008,orthogonal,4.154700259367625,2.899160146713257,nonlinear_interaction,2,6,0.1,512,1.9600470066070557,1.755422761163484,0.025829305249334335,0.0,,gaussian,cpu,cpu,8,,float32,none,small,moderate,medium,cpu,small_model__moderate_data__medium_volume,0.02,32,adam,1e-05,orthogonal,108.75711059570312,9.135639190673828,-44.00794982910156,109.76161193847656,17.88730239868164,30.616767501831056,3.550140380859375,3.438891649246216,1.460341215133667,3.420865058898926,40.305084228515625,0.241234689950943,0.13761577010154724
907,2026-09-01 13:48:36,train,3,full_training,5.565761566162109,0.047867193818092346,191.0,1,0,0.456070776010165,7.864662170410156,2,32,1281,2432,relu,none,0.0,none,20496,xavier,4.337605396906535,2.741262674331665,nonlinear_product,3,5,0.1,384,4.589955806732178,2.180873731136262,0.0312231685871935,0.0,,gaussian,cpu,cpu,8,,float32,none,small,moderate,medium,cpu,small_model__moderate_data__medium_volume,0.02,32,adam,1e-05,xavier,116.72314453125,14.87795352935791,-44.55958938598633,90.80648803710938,15.763803482055664,77.68916053771973,4.08700704574585,3.479933500289917,1.7770894765853882,5.644482135772705,776.1986694335938,0.25129490345716476,0.17207051068544388
908,2026-09-01 13:48:37,train,3,full_training,5.21388578414917,0.03246653825044632,127.0,1,0,0.2834243359975517,7.184310436248779,2,32,1281,2432,relu,none,0.0,none,20496,he,5.668473839759827,3.066263437271118,nonlinear_product,3,5,0.1,384,4.589955806732178,2.180873731136262,0.0312231685871935,0.0,,gaussian,cpu,cpu,8,,float32,none,small,moderate,medium,cpu,small_model__moderate_data__medium_volume,0.02,32,adam,1e-05,he,268.70367431640625,29.131193161010742,-128.59243774414062,90.80648803710938,15.763799667358398,252.07793502807618,4.08700704574585,3.4799342155456543,3.418299913406372,7.2486724853515625,2046.01416015625,0.4833754152059555,0.6366609334945679
909,2026-09-01 13:48:37,train,3,full_training,6.023970603942871,0.045462194830179214,264.0,1,0,0.572618884005351,8.027772903442383,2,32,1281,2432,relu,none,0.0,none,20496,orthogonal,4.054092566172282,2.926488161087036,nonlinear_product,3,5,0.1,384,4.589955806732178,2.180873731136262,0.0312231685871935,0.0,,gaussian,cpu,cpu,8,,float32,none,small,moderate,medium,cpu,small_model__moderate_data__medium_volume,0.02,32,adam,1e-05,orthogonal,84.57994079589844,11.129603385925293,-60.7789306640625,102.70343017578125,16.894424438476562,26.492049980163575,2.9229965209960938,2.608851194381714,1.2979936599731445,5.2260518074035645,312.62298583984375,0.20187526941299438,0.10743525996804237
910,2026-09-01 13:48:38,train,4,full_training,1.5111641883850098,0.048246510326862335,26.0,1,0,0.035400766995735466,3.7412703037261963,2,32,1249,2368,relu,none,0.0,none,19984,xavier,4.106595436731975,2.8521344661712646,linear,4,4,0.3,256,2.286898612976074,1.8325368242905105,0.06028381142579206,0.0,,gaussian,cpu,cpu,8,,float32,none,small,noisy,low,cpu,small_model__noisy_data__low_volume,0.02,32,adam,1e-05,xavier,88.71050262451172,7.862856864929199,-17.250051498413086,78.17378997802734,13.980384826660156,33.34743423461914,3.4671149253845215,3.388411045074463,1.6453585624694824,2.464158058166504,14.587212562561035,0.20911210775375366,0.11741609498858452
911,2026-09-01 13:48:38,train,4,full_training,0.9854187369346619,0.042311426252126694,62.0,1,0,0.11269097501644865,3.663456439971924,2,32,1249,2368,relu,none,0.0,none,19984,he,5.400059739748637,2.908212184906006,linear,4,4,0.3,256,2.286898612976074,1.8325368242905105,0.06028381142579206,0.0,,gaussian,cpu,cpu,8,,float32,none,small,noisy,low,cpu,small_model__noisy_data__low_volume,0.02,32,adam,1e-05,he,225.21484375,19.600534439086914,-174.5230255126953,78.17378997802734,13.98038101196289,97.47704162597657,3.4671151638031006,3.3884124755859375,3.4903323650360107,5.018294811248779,79.35395812988281,0.4435937851667404,0.5283724069595337
912,2026-09-01 13:48:38,train,4,full_training,1.8689855337142944,0.04469349980354309,42.0,1,0,0.09211869799764827,4.205759525299072,2,32,1249,2368,relu,none,0.0,none,19984,orthogonal,3.9428090254465737,2.9643869400024414,linear,4,4,0.3,256,2.286898612976074,1.8325368242905105,0.06028381142579206,0.0,,gaussian,cpu,cpu,8,,float32,none,small,noisy,low,cpu,small_model__noisy_data__low_volume,0.02,32,adam,1e-05,orthogonal,68.3827133178711,7.809130668640137,-24.369298934936523,74.84283447265625,15.411137580871582,32.57246861457825,1.9562668800354004,1.9895806312561035,1.2635059356689453,2.67744779586792,12.286341667175293,0.1889336109161377,0.08444475382566452
913,2026-09-01 13:48:38,train,5,full_training,3.537153720855713,0.04294028878211975,91.0,1,0,0.19144296998274513,5.641251087188721,2,32,1313,2496,relu,none,0.0,none,21008,xavier,4.628277778625488,2.699293613433838,nonlinear_interaction,5,6,0.0,512,1.867555856704712,1.7312538069344652,0.04202803391966749,0.0,,gaussian,cpu,cpu,8,,float32,none,small,clean,medium,cpu,small_model__clean_data__medium_volume,0.02,32,adam,1e-05,xavier,180.12289428710938,10.037043571472168,-27.765308380126953,96.06793975830078,18.023452758789062,37.29971828460693,5.341351509094238,4.448740482330322,1.8410866260528564,2.956608533859253,15.405150413513184,0.26139289140701294,0.19125504791736603
914,2026-09-01 13:48:39,train,5,full_training,4.213824272155762,0.03153466060757637,120.0,1,0,0.2701462040131446,5.8793625831604,2,32,1313,2496,relu,none,0.0,none,21008,he,5.945054133733113,3.1431682109832764,nonlinear_interaction,5,6,0.0,512,1.867555856704712,1.7312538069344652,0.04202803391966749,0.0,,gaussian,cpu,cpu,8,,float32,none,small,clean,medium,cpu,small_model__clean_data__medium_volume,0.02,32,adam,1e-05,he,383.60638427734375,20.79003143310547,-97.68221282958984,96.06793975830078,18.023456573486328,100.12848014831543,5.3413519859313965,4.448741436004639,3.276237726211548,5.07389497756958,79.97492980957031,0.4651520401239395,0.6056409925222397
915,2026-09-01 13:48:39,train,5,full_training,3.6150431632995605,0.04716802015900612,81.0,1,0,0.18484199600061402,5.637527942657471,2,32,1313,2496,relu,none,0.0,none,21008,orthogonal,4.154700259367625,2.899160146713257,nonlinear_interaction,5,6,0.0,512,1.867555856704712,1.7312538069344652,0.04202803391966749,0.0,,gaussian,cpu,cpu,8,,float32,none,small,clean,medium,cpu,small_model__clean_data__medium_volume,0.02,32,adam,1e-05,orthogonal,108.75711059570312,7.439563751220703,-30.19184112548828,115.15887451171875,17.881397247314453,23.53757953643799,3.8116023540496826,3.60478138923645,1.413159966468811,2.8460028171539307,16.59442710876465,0.21798407286405563,0.12345810234546661
916,2026-09-01 13:48:40,train,6,full_training,7.6473870277404785,0.04386453330516815,606.0,1,0,1.1349145029962528,10.899739265441895,2,32,1281,2432,relu,none,0.0,none,20496,xavier,4.337605396906535,2.741262674331665,nonlinear_product,6,5,0.2,768,5.0051422119140625,2.224171446370852,0.027203669793248918,0.0,,gaussian,cpu,cpu,8,,float32,none,small,moderate,high,cpu,small_model__moderate_data__high_volume,0.02,32,adam,1e-05,xavier,116.72314453125,17.049938201904297,-65.50624084472656,104.91101837158203,16.45632553100586,63.96963100433349,3.979733943939209,3.6802914142608643,1.786940097808838,6.359136581420898,882.687255859375,0.2509632632136345,0.1688544675707817
917,2026-09-01 13:48:41,train,6,full_training,6.513976573944092,0.04035099968314171,284.0,1,0,0.4063076419988647,8.732767105102539,2,32,1281,2432,relu,none,0.0,none,20496,he,5.668473839759827,3.066263437271118,nonlinear_product,6,5,0.2,768,5.0051422119140625,2.224171446370852,0.027203669793248918,0.0,,gaussian,cpu,cpu,8,,float32,none,small,moderate,high,cpu,small_model__moderate_data__high_volume,0.02,32,adam,1e-05,he,268.70367431640625,31.40130043029785,-160.33941650390625,104.91101837158203,16.456321716308594,223.74530181884765,3.979734182357788,3.680290699005127,3.4372477531433105,8.721294403076172,2745.314208984375,0.4827374815940857,0.624761551618576
918,2026-09-01 13:48:41,train,6,full_training,8.086669921875,0.03995486721396446,250.0,1,0,0.3616770819935482,8.876498222351074,2,32,1281,2432,relu,none,0.0,none,20496,orthogonal,4.054092566172282,2.926488161087036,nonlinear_product,6,5,0.2,768,5.0051422119140625,2.224171446370852,0.027203669793248918,0.0,,gaussian,cpu,cpu,8,,float32,none,small,moderate,high,cpu,small_model__moderate_data__high_volume,0.02,32,adam,1e-05,orthogonal,84.57994079589844,13.769994735717773,-87.63568115234375,96.48775482177734,16.84551239013672,22.727835655212402,2.908452033996582,2.6970884799957275,1.3150088787078857,6.241410732269287,822.1605224609375,0.2048013061285019,0.10781580582261086
919,2026-09-01 13:48:41,train,7,full_training,2.57077693939209,0.047542110085487366,31.0,1,0,0.06490033899899572,4.756789207458496,2,32,1281,2432,relu,none,0.0,none,20496,xavier,4.337605396906535,2.741262674331665,linear,7,5,0.0,384,1.9720970392227173,1.7584872649549395,0.03100440729891365,0.0,,gaussian,cpu,cpu,8,,float32,none,small,clean,medium,cpu,small_model__clean_data__medium_volume,0.02,32,adam,1e-05,xavier,116.72314453125,14.338796615600586,-137.7724151611328,99.3246078491211,16.331960678100586,53.48640365600586,3.8725180625915527,3.488149881362915,1.7115463018417358,4.760093688964844,95.06778717041016,0.22258369624614716,0.13711795210838318
920,2026-09-01 13:48:41,train,7,full_training,4.549753665924072,0.04298895597457886,31.0,1,0,0.07046583297778852,4.638800621032715,2,32,1281,2432,relu,none,0.0,none,20496,he,5.668473839759827,3.066263437271118,linear,7,5,0.0,384,1.9720970392227173,1.7584872649549395,0.03100440729891365,0.0,,gaussian,cpu,cpu,8,,float32,none,small,clean,medium,cpu,small_model__clean_data__medium_volume,0.02,32,adam,1e-05,he,268.70367431640625,50.2819938659668,-1376.239990234375,99.3246078491211,16.331960678100586,175.12122230529786,3.872518539428711,3.4881479740142822,3.2922251224517822,13.4323148727417,605.0968627929688,0.4281482845544815,0.507336437702179
921,2026-09-01 13:48:41,train,7,full_training,1.9783540964126587,0.04309840127825737,23.0,1,0,0.050057991000358015,4.47422981262207,2,32,1281,2432,relu,none,0.0,none,20496,orthogonal,4.054092566172282,2.926488161087036,linear,7,5,0.0,384,1.9720970392227173,1.7584872649549395,0.03100440729891365,0.0,,gaussian,cpu,cpu,8,,float32,none,small,clean,medium,cpu,small_model__clean_data__medium_volume,0.02,32,adam,1e-05,orthogonal,84.57994079589844,6.4863080978393555,-36.053794860839844,107.62492370605469,17.111034393310547,30.393634700775145,2.9268102645874023,2.7419850826263428,1.3083608150482178,2.7237422466278076,36.044273376464844,0.17666658014059067,0.08619929105043411
922,2026-09-01 13:48:42,train,8,full_training,2.981701135635376,0.04827379807829857,252.0,1,0,0.4573598050046712,7.8505706787109375,2,32,1345,2560,relu,none,0.0,none,21520,xavier,4.824894110361735,2.6007485389709473,nonlinear_interaction,8,7,0.2,640,1.9658149480819702,1.7568919788007094,0.03106641698137673,0.0,,gaussian,cpu,cpu,8,,float32,none,small,moderate,high,cpu,small_model__moderate_data__high_volume,0.02,32,adam,1e-05,xavier,222.52198791503906,37.6429443359375,-729.9031372070312,111.55693054199219,18.304975509643555,135.52686233520507,10.6790771484375,6.530520915985107,2.1010875701904297,10.537958145141602,773.3704223632812,0.3020000457763672,0.24555378407239914
923,2026-09-01 13:48:42,train,8,full_training,6.641028881072998,0.04932842403650284,295.0,1,0,0.5330690949922428,7.345340251922607,2,32,1345,2560,relu,none,0.0,none,21520,he,6.084149400393168,3.0874176025390625,nonlinear_interaction,8,7,0.2,640,1.9658149480819702,1.7568919788007094,0.03106641698137673,0.0,,gaussian,cpu,cpu,8,,float32,none,small,moderate,high,cpu,small_model__moderate_data__high_volume,0.02,32,adam,1e-05,he,444.48486328125,111.82667541503906,-5759.119140625,111.55693054199219,18.304975509643555,374.8607124328613,10.6790771484375,6.530520915985107,3.5068116188049316,27.054405212402344,3489.57373046875,0.504051998257637,0.6840427219867706
924,2026-09-01 13:48:43,train,8,full_training,1.9217276573181152,0.045572854578495026,266.0,1,0,0.3614475450012833,7.723268508911133,2,32,1345,2560,relu,none,0.0,none,21520,orthogonal,4.247219244639079,2.8800108432769775,nonlinear_interaction,8,7,0.2,640,1.9658149480819702,1.7568919788007094,0.03106641698137673,0.0,,gaussian,cpu,cpu,8,,float32,none,small,moderate,high,cpu,small_model__moderate_data__high_volume,0.02,32,adam,1e-05,orthogonal,111.43936157226562,18.138887405395508,-285.47479248046875,115.82929229736328,19.343433380126953,81.50102005004882,4.5905022621154785,3.954125165939331,1.5419223308563232,7.067910194396973,416.03558349609375,0.2681821659207344,0.15947190672159195
925,2026-09-01 13:48:44,train,9,full_training,1.522403597831726,0.03625603765249252,186.0,1,0,0.2988960410002619,7.525232315063477,2,32,1313,2496,relu,none,0.0,none,21008,xavier,4.628277778625488,2.699293613433838,nonlinear_product,9,6,0.05,512,4.295394420623779,2.147710225068832,0.040229272391758046,0.0,,gaussian,cpu,cpu,8,,float32,none,small,clean,medium,cpu,small_model__clean_data__medium_volume,0.02,32,adam,1e-05,xavier,180.12289428710938,21.101221084594727,-168.7559356689453,107.92363739013672,17.540390014648438,94.02649478912353,4.608424186706543,4.478360176086426,1.8472706079483032,7.215845584869385,224.22683715820312,0.2797245532274246,0.2115011364221573
926,2026-09-01 13:48:44,train,9,full_training,1.9972704648971558,0.03054657205939293,252.0,1,0,0.37455297401174903,7.3236846923828125,2,32,1313,2496,relu,none,0.0,none,21008,he,5.945054133733113,3.1431682109832764,nonlinear_product,9,6,0.05,512,4.295394420623779,2.147710225068832,0.040229272391758046,0.0,,gaussian,cpu,cpu,8,,float32,none,small,clean,medium,cpu,small_model__clean_data__medium_volume,0.02,32,adam,1e-05,he,383.60638427734375,43.498985290527344,-657.4522705078125,107.92363739013672,17.540382385253906,187.92871742248536,4.608423709869385,4.478361129760742,3.2872419357299805,12.653206825256348,691.618896484375,0.4977734684944153,0.6697536110877991
927,2026-09-01 13:48:44,train,9,full_training,1.4576127529144287,0.04650271311402321,191.0,1,0,0.2645052139996551,8.176765441894531,2,32,1313,2496,relu,none,0.0,none,21008,orthogonal,4.154700259367625,2.899160146713257,nonlinear_product,9,6,0.05,512,4.295394420623779,2.147710225068832,0.040229272391758046,0.0,,gaussian,cpu,cpu,8,,float32,none,small,clean,medium,cpu,small_model__clean_data__medium_volume,0.02,32,adam,1e-05,orthogonal,108.75711059570312,13.442899703979492,-108.80413818359375,112.58201599121094,17.614818572998047,44.33353271484375,3.6112680435180664,3.4042184352874756,1.4397159814834595,6.092548370361328,129.15350341796875,0.2330949902534485,0.131159707903862
928,2026-09-01 13:48:45,train,10,full_training,1.031116008758545,0.04700703173875809,31.0,1,0,0.03923231500084512,4.519083023071289,2,32,1313,2496,relu,none,0.0,none,21008,xavier,4.628277778625488,2.699293613433838,linear,10,6,0.2,320,1.7240447998046875,1.6912751121394067,0.05550766482272822,0.0,,gaussian,cpu,cpu,8,,float32,none,small,moderate,medium,cpu,small_model__moderate_data__medium_volume,0.02,32,adam,1e-05,xavier,180.12289428710938,8.830681800842285,-21.71605682373047,101.48707580566406,17.408430099487305,29.071784210205077,5.254852771759033,4.931421756744385,1.8605329990386963,2.4720683097839355,38.516048431396484,0.2637682855129242,0.19325705617666245
929,2026-09-01 13:48:45,train,10,full_training,1.2986831665039062,0.041494451463222504,32.0,1,0,0.03787485900102183,4.4348464012146,2,32,1313,2496,relu,none,0.0,none,21008,he,5.945054133733113,3.1431682109832764,linear,10,6,0.2,320,1.7240447998046875,1.6912751121394067,0.05550766482272822,0.0,,gaussian,cpu,cpu,8,,float32,none,small,moderate,medium,cpu,small_model__moderate_data__medium_volume,0.02,32,adam,1e-05,he,383.60638427734375,17.454769134521484,-68.9501953125,101.48707580566406,17.408430099487305,83.0681755065918,5.254852771759033,4.931423187255859,3.310842514038086,4.286397457122803,111.54338073730469,0.46937908232212067,0.611980676651001
930,2026-09-01 13:48:45,train,10,full_training,1.1972335577011108,0.039875585585832596,41.0,1,0,0.05061323300469667,5.104657173156738,2,32,1313,2496,relu,none,0.0,none,21008,orthogonal,4.154700259367625,2.899160146713257,linear,10,6,0.2,320,1.7240447998046875,1.6912751121394067,0.05550766482272822,0.0,,gaussian,cpu,cpu,8,,float32,none,small,moderate,medium,cpu,small_model__moderate_data__medium_volume,0.02,32,adam,1e-05,orthogonal,108.75711059570312,7.149406433105469,-27.733781814575195,113.24536895751953,18.212005615234375,15.89197359085083,3.7652535438537598,3.4243850708007812,1.4195621013641357,2.5232625007629395,30.146198272705078,0.20798806846141815,0.11173861846327782
931,2026-09-01 13:48:45,train,11,full_training,1.7836614847183228,0.036175310611724854,101.0,1,0,0.12086933801765554,6.12657356262207,2,32,1281,2432,relu,none,0.0,none,20496,xavier,4.337605396906535,2.741262674331665,nonlinear_interaction,11,5,0.05,448,1.8266726732254028,1.7201865834789176,0.048073602871294335,0.0,,gaussian,cpu,cpu,8,,float32,none,small,clean,medium,cpu,small_model__clean_data__medium_volume,0.02,32,adam,1e-05,xavier,116.72314453125,8.566312789916992,-28.23105239868164,101.69557189941406,16.79680061340332,44.548587799072266,3.80202054977417,3.47282338142395,1.7299317121505737,2.9715046882629395,38.26207733154297,0.22081128507852554,0.14502568170428276
932,2026-09-01 13:48:45,train,11,full_training,3.076526165008545,0.04263393208384514,108.0,1,0,0.1368425549881067,5.8750200271606445,2,32,1281,2432,relu,none,0.0,none,20496,he,5.668473839759827,3.066263437271118,nonlinear_interaction,11,5,0.05,448,1.8266726732254028,1.7201865834789176,0.048073602871294335,0.0,,gaussian,cpu,cpu,8,,float32,none,small,clean,medium,cpu,small_model__clean_data__medium_volume,0.02,32,adam,1e-05,he,268.70367431640625,22.44257926940918,-212.03341674804688,101.69557189941406,16.796796798706055,156.81328239440919,3.80202054977417,3.472820997238159,3.327589988708496,5.952200889587402,240.01736450195312,0.4247390180826187,0.5365950614213943
933,2026-09-01 13:48:45,train,11,full_training,1.6435776948928833,0.037699248641729355,100.0,1,0,0.15665982899372466,6.063332557678223,2,32,1281,2432,relu,none,0.0,none,20496,orthogonal,4.054092566172282,2.926488161087036,nonlinear_interaction,11,5,0.05,448,1.8266726732254028,1.7201865834789176,0.048073602871294335,0.0,,gaussian,cpu,cpu,8,,float32,none,small,clean,medium,cpu,small_model__clean_data__medium_volume,0.02,32,adam,1e-05,orthogonal,84.57994079589844,6.133212566375732,-15.63398551940918,95.05607604980469,16.554058074951172,33.46911106109619,2.6853270530700684,2.6191282272338867,1.320367455482483,2.4464526176452637,19.585371017456055,0.19061006605625153,0.10016928240656853
934,2026-09-01 13:48:45,train,12,full_training,7.0636677742004395,0.04940394312143326,60.0,1,0,0.13269985100487247,6.448729991912842,2,32,1249,2368,relu,none,0.0,none,19984,xavier,4.106595436731975,2.8521344661712646,nonlinear_product,12,4,0.1,256,3.025658369064331,1.9725028884386577,0.03518576401436803,0.0,,gaussian,cpu,cpu,8,,float32,none,small,moderate,low,cpu,small_model__moderate_data__low_volume,0.02,32,adam,1e-05,xavier,88.71050262451172,18.529043197631836,-223.07608032226562,58.456546783447266,14.103750228881836,0.9322993278503418,3.386683464050293,3.2221219539642334,1.620224952697754,7.497951507568359,33.83908462524414,0.19945696741342545,0.10667096450924873
935,2026-09-01 13:48:46,train,12,full_training,9.700758934020996,0.04738910496234894,77.0,1,0,0.131687007000437,5.8576555252075195,2,32,1249,2368,relu,none,0.0,none,19984,he,5.400059739748637,2.908212184906006,nonlinear_product,12,4,0.1,256,3.025658369064331,1.9725028884386577,0.03518576401436803,0.0,,gaussian,cpu,cpu,8,,float32,none,small,moderate,low,cpu,small_model__moderate_data__low_volume,0.02,32,adam,1e-05,he,225.21484375,58.31663513183594,-1925.10595703125,58.456546783447266,14.103750228881836,56.435054016113284,3.386683225631714,3.222121477127075,3.437016010284424,17.860074996948242,233.8543701171875,0.42311209440231323,0.48001928627491
936,2026-09-01 13:48:46,train,12,full_training,6.775546073913574,0.048143357038497925,85.0,1,0,0.12761911301640794,6.565185070037842,2,32,1249,2368,relu,none,0.0,none,19984,orthogonal,3.9428090254465737,2.9643869400024414,nonlinear_product,12,4,0.1,256,3.025658369064331,1.9725028884386577,0.03518576401436803,0.0,,gaussian,cpu,cpu,8,,float32,none,small,moderate,low,cpu,small_model__moderate_data__low_volume,0.02,32,adam,1e-05,orthogonal,68.3827133178711,15.136015892028809,-160.50479125976562,70.67984771728516,15.2107515335083,1.0339091300964356,1.9778351783752441,1.9934062957763672,1.265527606010437,6.714831829071045,30.89814567565918,0.1823594942688942,0.07878066971898079
