trial_id,timestamp,run_label,seed,arm,trial_number,learning_rate,init_method,steps_to_threshold
1,2026-09-01 13:50:58,gate3b_restricted_search,100,reference,0,0.004430375245218269,xavier,29.0
2,2026-09-01 13:50:58,gate3b_restricted_search,100,reference,1,0.0018662266976517971,orthogonal,53.0
3,2026-09-01 13:50:58,gate3b_restricted_search,100,reference,2,0.07780155576901421,he,32.0
4,2026-09-01 13:50:58,gate3b_restricted_search,100,reference,3,0.005059803874660437,xavier,27.0
5,2026-09-01 13:50:59,gate3b_restricted_search,100,reference,4,0.00011498870747119459,orthogonal,726.0
6,2026-09-01 13:50:59,gate3b_restricted_search,100,reference,5,0.08626905220714905,xavier,21.0
7,2026-09-01 13:50:59,gate3b_restricted_search,100,reference,6,0.00022637229697395497,orthogonal,377.0
8,2026-09-01 13:50:59,gate3b_restricted_search,100,reference,7,0.0036774346621052147,orthogonal,39.0
9,2026-09-01 13:50:59,gate3b_restricted_search,100,reference,8,0.0023358825194833557,orthogonal,39.0
10,2026-09-01 13:50:59,gate3b_restricted_search,100,reference,9,0.006859416411328701,he,21.0
11,2026-09-01 13:50:59,gate3b_restricted_search,100,reference,10,0.07162629642639848,xavier,22.0
12,2026-09-01 13:50:59,gate3b_restricted_search,100,reference,11,0.017485554771265593,he,18.0
13,2026-09-01 13:50:59,gate3b_restricted_search,100,reference,12,0.02365310875574803,he,17.0
14,2026-09-01 13:50:59,gate3b_restricted_search,100,reference,13,0.020527514539894275,he,19.0
15,2026-09-01 13:50:59,gate3b_restricted_search,100,reference,14,0.021178889448851296,he,19.0
16,2026-09-01 13:50:59,gate3b_restricted_search,100,reference,15,0.019538640473986794,he,19.0
17,2026-09-01 13:50:59,gate3b_restricted_search,100,reference,16,0.0010055658350726655,he,30.0
18,2026-09-01 13:50:59,gate3b_restricted_search,100,reference,17,0.01193384255251929,he,18.0
19,2026-09-01 13:50:59,gate3b_restricted_search,100,reference,18,0.03981223497954702,he,19.0
20,2026-09-01 13:50:59,gate3b_restricted_search,100,reference,19,0.009999479335111094,he,24.0
21,2026-09-01 13:50:59,gate3b_restricted_search,100,reference,20,0.0341736635754302,he,26.0
22,2026-09-01 13:50:59,gate3b_restricted_search,100,reference,21,0.013323622702599468,he,18.0
23,2026-09-01 13:50:59,gate3b_restricted_search,100,reference,22,0.035223959932036815,he,19.0
24,2026-09-01 13:50:59,gate3b_restricted_search,100,reference,23,0.010155063855043101,he,24.0
25,2026-09-01 13:50:59,gate3b_restricted_search,100,reference,24,0.0009707823650633962,he,30.0
26,2026-09-01 13:50:59,gate3b_restricted_search,100,reference,25,0.045538427175090365,he,28.0
27,2026-09-01 13:50:59,gate3b_restricted_search,100,reference,26,0.014987973142042402,he,18.0
28,2026-09-01 13:51:00,gate3b_restricted_search,100,reference,27,0.007707323193617752,he,25.0
29,2026-09-01 13:51:00,gate3b_restricted_search,100,reference,28,0.027473600684153016,xavier,14.0
30,2026-09-01 13:51:00,gate3b_restricted_search,100,reference,29,0.027648972317964114,xavier,14.0
31,2026-09-01 13:51:00,gate3b_restricted_search,100,reference,30,0.028012841221766383,xavier,14.0
32,2026-09-01 13:51:00,gate3b_restricted_search,100,reference,31,0.029499994549465225,xavier,14.0
33,2026-09-01 13:51:00,gate3b_restricted_search,100,reference,32,0.05374024454114598,xavier,19.0
34,2026-09-01 13:51:00,gate3b_restricted_search,100,reference,33,0.09765545336818464,xavier,21.0
35,2026-09-01 13:51:00,gate3b_restricted_search,100,reference,34,0.031086368187028285,xavier,14.0
36,2026-09-01 13:51:00,gate3b_restricted_search,100,reference,35,0.05310921312514177,xavier,19.0
37,2026-09-01 13:51:00,gate3b_restricted_search,100,reference,36,0.06192390626977749,xavier,26.0
38,2026-09-01 13:51:00,gate3b_restricted_search,100,reference,37,0.030086168949411674,xavier,14.0
39,2026-09-01 13:51:00,gate3b_restricted_search,100,reference,38,0.005049569983967827,xavier,27.0
40,2026-09-01 13:51:00,gate3b_restricted_search,100,reference,39,0.037855372826383855,xavier,14.0
41,2026-09-01 13:51:00,gate3b_restricted_search,100,cold,0,0.0017826497151386949,xavier,38.0
42,2026-09-01 13:51:00,gate3b_restricted_search,100,cold,1,0.0002755926764027377,orthogonal,292.0
43,2026-09-01 13:51:00,gate3b_restricted_search,100,cold,2,0.0015498955191377143,orthogonal,53.0
44,2026-09-01 13:51:00,gate3b_restricted_search,100,cold,3,0.00041054120168588934,xavier,156.0
45,2026-09-01 13:51:00,gate3b_restricted_search,100,cold,4,0.001786135519762597,xavier,38.0
46,2026-09-01 13:51:00,gate3b_restricted_search,100,cold,5,0.025248390936171015,xavier,25.0
47,2026-09-01 13:51:00,gate3b_restricted_search,100,cold,6,0.04257625486011382,xavier,20.0
48,2026-09-01 13:51:00,gate3b_restricted_search,100,cold,7,0.0003232148147351276,xavier,204.0
49,2026-09-01 13:51:01,gate3b_restricted_search,100,cold,8,0.07475987911298648,he,34.0
50,2026-09-01 13:51:01,gate3b_restricted_search,100,cold,9,0.011468398705751582,xavier,16.0
51,2026-09-01 13:51:01,gate3b_restricted_search,100,cold,10,0.013520030930076584,he,14.0
52,2026-09-01 13:51:01,gate3b_restricted_search,100,cold,11,0.012050318703919807,he,18.0
53,2026-09-01 13:51:01,gate3b_restricted_search,100,cold,12,0.008901992342500538,he,25.0
54,2026-09-01 13:51:01,gate3b_restricted_search,100,cold,13,0.007480156754080965,he,25.0
55,2026-09-01 13:51:01,gate3b_restricted_search,100,cold,14,0.01743266588357272,he,18.0
56,2026-09-01 13:51:01,gate3b_restricted_search,100,informed_restricted,0,0.0017826497151386949,orthogonal,53.0
57,2026-09-01 13:51:01,gate3b_restricted_search,100,informed_restricted,1,0.01448683388723935,orthogonal,16.0
58,2026-09-01 13:51:01,gate3b_restricted_search,100,informed_restricted,2,0.00010007903854383786,orthogonal,1600.0
59,2026-09-01 13:51:02,gate3b_restricted_search,100,informed_restricted,3,0.0008072307884499761,orthogonal,110.0
60,2026-09-01 13:51:02,gate3b_restricted_search,100,informed_restricted,4,0.0002755926764027377,orthogonal,292.0
61,2026-09-01 13:51:02,gate3b_restricted_search,100,informed_restricted,5,0.00018924123965722266,orthogonal,464.0
62,2026-09-01 13:51:02,gate3b_restricted_search,100,informed_restricted,6,0.0003620600725744741,orthogonal,248.0
63,2026-09-01 13:51:02,gate3b_restricted_search,100,informed_restricted,7,0.001088133500363589,orthogonal,81.0
64,2026-09-01 13:51:02,gate3b_restricted_search,100,informed_restricted,8,0.0015498955191377143,orthogonal,53.0
65,2026-09-01 13:51:02,gate3b_restricted_search,100,informed_restricted,9,0.00413475900783472,orthogonal,37.0
66,2026-09-01 13:51:03,gate3b_restricted_search,100,informed_restricted,10,0.09290791998691832,orthogonal,20.0
67,2026-09-01 13:51:03,gate3b_restricted_search,100,informed_restricted,11,0.07785058870653301,orthogonal,25.0
68,2026-09-01 13:51:03,gate3b_restricted_search,100,informed_restricted,12,0.0797234062203645,orthogonal,25.0
69,2026-09-01 13:51:03,gate3b_restricted_search,100,informed_restricted,13,0.017223705768801514,orthogonal,21.0
70,2026-09-01 13:51:03,gate3b_restricted_search,100,informed_restricted,14,0.02354874493860281,orthogonal,21.0
71,2026-09-01 13:51:03,gate3b_restricted_search,100,universal_restricted,0,0.0017826497151386949,xavier,38.0
72,2026-09-01 13:51:03,gate3b_restricted_search,100,universal_restricted,1,0.01448683388723935,xavier,15.0
73,2026-09-01 13:51:03,gate3b_restricted_search,100,universal_restricted,2,0.00010007903854383786,xavier,635.0
74,2026-09-01 13:51:03,gate3b_restricted_search,100,universal_restricted,3,0.0008072307884499761,xavier,86.0
75,2026-09-01 13:51:03,gate3b_restricted_search,100,universal_restricted,4,0.0002755926764027377,xavier,226.0
76,2026-09-01 13:51:04,gate3b_restricted_search,100,universal_restricted,5,0.00018924123965722266,xavier,338.0
77,2026-09-01 13:51:04,gate3b_restricted_search,100,universal_restricted,6,0.0003620600725744741,xavier,181.0
78,2026-09-01 13:51:04,gate3b_restricted_search,100,universal_restricted,7,0.001088133500363589,xavier,53.0
79,2026-09-01 13:51:04,gate3b_restricted_search,100,universal_restricted,8,0.0015498955191377143,xavier,51.0
80,2026-09-01 13:51:04,gate3b_restricted_search,100,universal_restricted,9,0.00413475900783472,xavier,32.0
81,2026-09-01 13:51:04,gate3b_restricted_search,100,universal_restricted,10,0.09290791998691832,xavier,21.0
82,2026-09-01 13:51:04,gate3b_restricted_search,100,universal_restricted,11,0.07785058870653301,xavier,22.0
83,2026-09-01 13:51:04,gate3b_restricted_search,100,universal_restricted,12,0.0797234062203645,xavier,22.0
84,2026-09-01 13:51:04,gate3b_restricted_search,100,universal_restricted,13,0.017223705768801514,xavier,11.0
85,2026-09-01 13:51:04,gate3b_restricted_search,100,universal_restricted,14,0.01553710788150454,xavier,24.0
86,2026-09-01 13:51:05,gate3b_restricted_search,107,reference,0,0.004430375245218269,xavier,241.0
87,2026-09-01 13:51:05,gate3b_restricted_search,107,reference,1,0.0018662266976517971,orthogonal,405.0
88,2026-09-01 13:51:05,gate3b_restricted_search,107,reference,2,0.07780155576901421,he,242.0
89,2026-09-01 13:51:05,gate3b_restricted_search,107,reference,3,0.005059803874660437,xavier,241.0
90,2026-09-01 13:51:06,gate3b_restricted_search,107,reference,4,0.00011498870747119459,orthogonal,1600.0
91,2026-09-01 13:51:06,gate3b_restricted_search,107,reference,5,0.08626905220714905,xavier,283.0
92,2026-09-01 13:51:07,gate3b_restricted_search,107,reference,6,0.00022637229697395497,orthogonal,1600.0
93,2026-09-01 13:51:07,gate3b_restricted_search,107,reference,7,0.0036774346621052147,orthogonal,473.0
94,2026-09-01 13:51:08,gate3b_restricted_search,107,reference,8,0.0023358825194833557,orthogonal,405.0
95,2026-09-01 13:51:08,gate3b_restricted_search,107,reference,9,0.006859416411328701,he,431.0
96,2026-09-01 13:51:08,gate3b_restricted_search,107,reference,10,0.019907506982928588,xavier,202.0
97,2026-09-01 13:51:08,gate3b_restricted_search,107,reference,11,0.020814104803987817,xavier,202.0
98,2026-09-01 13:51:09,gate3b_restricted_search,107,reference,12,0.021644937500336026,xavier,202.0
99,2026-09-01 13:51:09,gate3b_restricted_search,107,reference,13,0.020527514539894275,xavier,202.0
100,2026-09-01 13:51:09,gate3b_restricted_search,107,reference,14,0.021178889448851296,xavier,202.0
101,2026-09-01 13:51:10,gate3b_restricted_search,107,reference,15,0.000694465168883101,xavier,1600.0
102,2026-09-01 13:51:10,gate3b_restricted_search,107,reference,16,0.011599421468819674,xavier,218.0
103,2026-09-01 13:51:10,gate3b_restricted_search,107,reference,17,0.0385998309482012,he,268.0
104,2026-09-01 13:51:10,gate3b_restricted_search,107,reference,18,0.042140601439425406,xavier,241.0
105,2026-09-01 13:51:10,gate3b_restricted_search,107,reference,19,0.010284672764162348,xavier,241.0
106,2026-09-01 13:51:11,gate3b_restricted_search,107,reference,20,0.0009712798508231742,he,1600.0
107,2026-09-01 13:51:11,gate3b_restricted_search,107,reference,21,0.019944093242273486,xavier,202.0
108,2026-09-01 13:51:12,gate3b_restricted_search,107,reference,22,0.04589899866247784,xavier,241.0
109,2026-09-01 13:51:12,gate3b_restricted_search,107,reference,23,0.011855144358031231,xavier,241.0
110,2026-09-01 13:51:12,gate3b_restricted_search,107,reference,24,0.02590845460307929,xavier,190.0
111,2026-09-01 13:51:12,gate3b_restricted_search,107,reference,25,0.03193756743358267,xavier,190.0
112,2026-09-01 13:51:12,gate3b_restricted_search,107,reference,26,0.057016588368531226,xavier,206.0
113,2026-09-01 13:51:12,gate3b_restricted_search,107,reference,27,0.0339819586150318,xavier,203.0
114,2026-09-01 13:51:13,gate3b_restricted_search,107,reference,28,0.00927193030855733,xavier,241.0
115,2026-09-01 13:51:13,gate3b_restricted_search,107,reference,29,0.030204554500393124,he,241.0
116,2026-09-01 13:51:13,gate3b_restricted_search,107,reference,30,0.09865659655619732,xavier,206.0
117,2026-09-01 13:51:13,gate3b_restricted_search,107,reference,31,0.015629990826944176,xavier,241.0
118,2026-09-01 13:51:14,gate3b_restricted_search,107,reference,32,0.0071543984279531835,xavier,283.0
119,2026-09-01 13:51:14,gate3b_restricted_search,107,reference,33,0.06373313865499977,xavier,228.0
120,2026-09-01 13:51:14,gate3b_restricted_search,107,reference,34,0.02995304080114942,xavier,206.0
121,2026-09-01 13:51:14,gate3b_restricted_search,107,reference,35,0.014911200643495517,xavier,241.0
122,2026-09-01 13:51:14,gate3b_restricted_search,107,reference,36,0.004510708376699307,orthogonal,252.0
123,2026-09-01 13:51:15,gate3b_restricted_search,107,reference,37,0.06046857929349534,xavier,241.0
124,2026-09-01 13:51:15,gate3b_restricted_search,107,reference,38,0.027352146027408576,he,269.0
125,2026-09-01 13:51:15,gate3b_restricted_search,107,reference,39,0.007458594233272603,orthogonal,283.0
126,2026-09-01 13:51:15,gate3b_restricted_search,107,cold,0,0.0017826497151386949,xavier,530.0
127,2026-09-01 13:51:16,gate3b_restricted_search,107,cold,1,0.0002755926764027377,orthogonal,1600.0
128,2026-09-01 13:51:17,gate3b_restricted_search,107,cold,2,0.0015498955191377143,orthogonal,634.0
129,2026-09-01 13:51:17,gate3b_restricted_search,107,cold,3,0.00041054120168588934,xavier,1600.0
130,2026-09-01 13:51:18,gate3b_restricted_search,107,cold,4,0.001786135519762597,xavier,530.0
131,2026-09-01 13:51:18,gate3b_restricted_search,107,cold,5,0.025248390936171015,xavier,190.0
132,2026-09-01 13:51:18,gate3b_restricted_search,107,cold,6,0.04257625486011382,xavier,225.0
133,2026-09-01 13:51:19,gate3b_restricted_search,107,cold,7,0.0003232148147351276,xavier,1600.0
134,2026-09-01 13:51:20,gate3b_restricted_search,107,cold,8,0.07475987911298648,he,397.0
135,2026-09-01 13:51:20,gate3b_restricted_search,107,cold,9,0.011468398705751582,xavier,241.0
136,2026-09-01 13:51:20,gate3b_restricted_search,107,cold,10,0.014576193863035302,he,266.0
137,2026-09-01 13:51:20,gate3b_restricted_search,107,cold,11,0.0797234062203645,xavier,392.0
138,2026-09-01 13:51:21,gate3b_restricted_search,107,cold,12,0.018729908809075033,xavier,202.0
139,2026-09-01 13:51:21,gate3b_restricted_search,107,cold,13,0.016983851798071364,xavier,202.0
140,2026-09-01 13:51:21,gate3b_restricted_search,107,cold,14,0.007330807339450185,orthogonal,290.0
141,2026-09-01 13:51:21,gate3b_restricted_search,107,informed_restricted,0,0.0017826497151386949,xavier,530.0
142,2026-09-01 13:51:22,gate3b_restricted_search,107,informed_restricted,1,0.01448683388723935,xavier,202.0
143,2026-09-01 13:51:22,gate3b_restricted_search,107,informed_restricted,2,0.00010007903854383786,xavier,1600.0
144,2026-09-01 13:51:23,gate3b_restricted_search,107,informed_restricted,3,0.0008072307884499761,xavier,1600.0
145,2026-09-01 13:51:24,gate3b_restricted_search,107,informed_restricted,4,0.0002755926764027377,xavier,1600.0
146,2026-09-01 13:51:25,gate3b_restricted_search,107,informed_restricted,5,0.00018924123965722266,xavier,1600.0
147,2026-09-01 13:51:25,gate3b_restricted_search,107,informed_restricted,6,0.0003620600725744741,xavier,1600.0
148,2026-09-01 13:51:26,gate3b_restricted_search,107,informed_restricted,7,0.001088133500363589,xavier,670.0
149,2026-09-01 13:51:26,gate3b_restricted_search,107,informed_restricted,8,0.0015498955191377143,xavier,624.0
150,2026-09-01 13:51:27,gate3b_restricted_search,107,informed_restricted,9,0.00413475900783472,xavier,241.0
151,2026-09-01 13:51:27,gate3b_restricted_search,107,informed_restricted,10,0.09290791998691832,xavier,568.0
152,2026-09-01 13:51:27,gate3b_restricted_search,107,informed_restricted,11,0.011930383561222451,xavier,126.0
153,2026-09-01 13:51:27,gate3b_restricted_search,107,informed_restricted,12,0.016535107145461723,xavier,190.0
154,2026-09-01 13:51:28,gate3b_restricted_search,107,informed_restricted,13,0.01416591916805599,xavier,202.0
155,2026-09-01 13:51:28,gate3b_restricted_search,107,informed_restricted,14,0.01553710788150454,xavier,241.0
156,2026-09-01 13:51:28,gate3b_restricted_search,107,universal_restricted,0,0.0017826497151386949,xavier,530.0
157,2026-09-01 13:51:28,gate3b_restricted_search,107,universal_restricted,1,0.01448683388723935,xavier,202.0
158,2026-09-01 13:51:29,gate3b_restricted_search,107,universal_restricted,2,0.00010007903854383786,xavier,1600.0
159,2026-09-01 13:51:30,gate3b_restricted_search,107,universal_restricted,3,0.0008072307884499761,xavier,1600.0
160,2026-09-01 13:51:30,gate3b_restricted_search,107,universal_restricted,4,0.0002755926764027377,xavier,1600.0
161,2026-09-01 13:51:31,gate3b_restricted_search,107,universal_restricted,5,0.00018924123965722266,xavier,1600.0
162,2026-09-01 13:51:32,gate3b_restricted_search,107,universal_restricted,6,0.0003620600725744741,xavier,1600.0
163,2026-09-01 13:51:32,gate3b_restricted_search,107,universal_restricted,7,0.001088133500363589,xavier,670.0
164,2026-09-01 13:51:33,gate3b_restricted_search,107,universal_restricted,8,0.0015498955191377143,xavier,624.0
165,2026-09-01 13:51:33,gate3b_restricted_search,107,universal_restricted,9,0.00413475900783472,xavier,241.0
166,2026-09-01 13:51:33,gate3b_restricted_search,107,universal_restricted,10,0.09290791998691832,xavier,568.0
167,2026-09-01 13:51:34,gate3b_restricted_search,107,universal_restricted,11,0.011930383561222451,xavier,126.0
168,2026-09-01 13:51:34,gate3b_restricted_search,107,universal_restricted,12,0.016535107145461723,xavier,190.0
169,2026-09-01 13:51:34,gate3b_restricted_search,107,universal_restricted,13,0.01416591916805599,xavier,202.0
170,2026-09-01 13:51:34,gate3b_restricted_search,107,universal_restricted,14,0.01553710788150454,xavier,241.0
171,2026-09-01 13:51:35,gate3b_restricted_search,120,reference,0,0.004430375245218269,xavier,372.0
172,2026-09-01 13:51:35,gate3b_restricted_search,120,reference,1,0.0018662266976517971,orthogonal,784.0
173,2026-09-01 13:51:36,gate3b_restricted_search,120,reference,2,0.07780155576901421,he,1600.0
174,2026-09-01 13:51:36,gate3b_restricted_search,120,reference,3,0.005059803874660437,xavier,372.0
175,2026-09-01 13:51:37,gate3b_restricted_search,120,reference,4,0.00011498870747119459,orthogonal,1600.0
176,2026-09-01 13:51:38,gate3b_restricted_search,120,reference,5,0.08626905220714905,xavier,1600.0
177,2026-09-01 13:51:38,gate3b_restricted_search,120,reference,6,0.00022637229697395497,orthogonal,1600.0
178,2026-09-01 13:51:39,gate3b_restricted_search,120,reference,7,0.0036774346621052147,orthogonal,478.0
179,2026-09-01 13:51:39,gate3b_restricted_search,120,reference,8,0.0023358825194833557,orthogonal,705.0
180,2026-09-01 13:51:40,gate3b_restricted_search,120,reference,9,0.006859416411328701,he,478.0
181,2026-09-01 13:51:40,gate3b_restricted_search,120,reference,10,0.019907506982928588,xavier,246.0
182,2026-09-01 13:51:40,gate3b_restricted_search,120,reference,11,0.020814104803987817,xavier,171.0
183,2026-09-01 13:51:40,gate3b_restricted_search,120,reference,12,0.021644937500336026,xavier,171.0
184,2026-09-01 13:51:40,gate3b_restricted_search,120,reference,13,0.020527514539894275,xavier,171.0
185,2026-09-01 13:51:40,gate3b_restricted_search,120,reference,14,0.023517792775518732,xavier,322.0
186,2026-09-01 13:51:41,gate3b_restricted_search,120,reference,15,0.0007200507999485324,xavier,1600.0
187,2026-09-01 13:51:41,gate3b_restricted_search,120,reference,16,0.011956651216611665,xavier,288.0
188,2026-09-01 13:51:42,gate3b_restricted_search,120,reference,17,0.039274142660819314,he,413.0
189,2026-09-01 13:51:42,gate3b_restricted_search,120,reference,18,0.042933318316338925,xavier,410.0
190,2026-09-01 13:51:42,gate3b_restricted_search,120,reference,19,0.010566903295943383,xavier,269.0
191,2026-09-01 13:51:43,gate3b_restricted_search,120,reference,20,0.0009712798508231742,he,1600.0
192,2026-09-01 13:51:43,gate3b_restricted_search,120,reference,21,0.019944093242273486,xavier,171.0
193,2026-09-01 13:51:44,gate3b_restricted_search,120,reference,22,0.044708758043391646,xavier,438.0
194,2026-09-01 13:51:44,gate3b_restricted_search,120,reference,23,0.011376812855038037,xavier,288.0
195,2026-09-01 13:51:44,gate3b_restricted_search,120,reference,24,0.02657780945390756,xavier,542.0
196,2026-09-01 13:51:44,gate3b_restricted_search,120,reference,25,0.009556862300157886,xavier,288.0
197,2026-09-01 13:51:45,gate3b_restricted_search,120,reference,26,0.05305293327477427,xavier,412.0
198,2026-09-01 13:51:45,gate3b_restricted_search,120,reference,27,0.014556060502134741,xavier,314.0
199,2026-09-01 13:51:45,gate3b_restricted_search,120,reference,28,0.030725924576584445,he,321.0
200,2026-09-01 13:51:46,gate3b_restricted_search,120,reference,29,0.005978596278499503,xavier,456.0
201,2026-09-01 13:51:46,gate3b_restricted_search,120,reference,30,0.0030362340943985407,xavier,314.0
202,2026-09-01 13:51:46,gate3b_restricted_search,120,reference,31,0.019204792096438612,xavier,303.0
203,2026-09-01 13:51:47,gate3b_restricted_search,120,reference,32,0.01722023970227948,xavier,258.0
204,2026-09-01 13:51:47,gate3b_restricted_search,120,reference,33,0.06408552012246488,xavier,1600.0
205,2026-09-01 13:51:47,gate3b_restricted_search,120,reference,34,0.008026246572120123,xavier,288.0
206,2026-09-01 13:51:48,gate3b_restricted_search,120,reference,35,0.030807203515186312,xavier,171.0
207,2026-09-01 13:51:48,gate3b_restricted_search,120,reference,36,0.0973491504912118,orthogonal,1600.0
208,2026-09-01 13:51:49,gate3b_restricted_search,120,reference,37,0.038729200008692816,xavier,321.0
209,2026-09-01 13:51:49,gate3b_restricted_search,120,reference,38,0.03250534176746877,he,529.0
210,2026-09-01 13:51:50,gate3b_restricted_search,120,reference,39,0.07037073705346024,orthogonal,392.0
211,2026-09-01 13:51:50,gate3b_restricted_search,120,cold,0,0.0017826497151386949,xavier,1600.0
212,2026-09-01 13:51:51,gate3b_restricted_search,120,cold,1,0.0002755926764027377,orthogonal,1600.0
213,2026-09-01 13:51:52,gate3b_restricted_search,120,cold,2,0.0015498955191377143,orthogonal,1600.0
214,2026-09-01 13:51:53,gate3b_restricted_search,120,cold,3,0.00041054120168588934,xavier,1600.0
215,2026-09-01 13:51:53,gate3b_restricted_search,120,cold,4,0.001786135519762597,xavier,1600.0
216,2026-09-01 13:51:54,gate3b_restricted_search,120,cold,5,0.025248390936171015,xavier,322.0
217,2026-09-01 13:51:54,gate3b_restricted_search,120,cold,6,0.04257625486011382,xavier,195.0
218,2026-09-01 13:51:55,gate3b_restricted_search,120,cold,7,0.0003232148147351276,xavier,1600.0
219,2026-09-01 13:51:55,gate3b_restricted_search,120,cold,8,0.07475987911298648,he,1600.0
220,2026-09-01 13:51:55,gate3b_restricted_search,120,cold,9,0.011468398705751582,xavier,288.0
221,2026-09-01 13:51:56,gate3b_restricted_search,120,cold,10,0.09344501034181055,he,1600.0
222,2026-09-01 13:51:56,gate3b_restricted_search,120,cold,11,0.010686274357222558,xavier,269.0
223,2026-09-01 13:51:57,gate3b_restricted_search,120,cold,12,0.010436194123643504,xavier,288.0
224,2026-09-01 13:51:57,gate3b_restricted_search,120,cold,13,0.02273633968446975,xavier,171.0
225,2026-09-01 13:51:57,gate3b_restricted_search,120,cold,14,0.029613507757859068,orthogonal,258.0
226,2026-09-01 13:51:58,gate3b_restricted_search,120,informed_restricted,0,0.0017826497151386949,xavier,1600.0
227,2026-09-01 13:51:58,gate3b_restricted_search,120,informed_restricted,1,0.01448683388723935,xavier,280.0
228,2026-09-01 13:51:59,gate3b_restricted_search,120,informed_restricted,2,0.00010007903854383786,xavier,1600.0
229,2026-09-01 13:51:59,gate3b_restricted_search,120,informed_restricted,3,0.0008072307884499761,xavier,1600.0
230,2026-09-01 13:52:00,gate3b_restricted_search,120,informed_restricted,4,0.0002755926764027377,xavier,1600.0
231,2026-09-01 13:52:01,gate3b_restricted_search,120,informed_restricted,5,0.00018924123965722266,xavier,1600.0
232,2026-09-01 13:52:02,gate3b_restricted_search,120,informed_restricted,6,0.0003620600725744741,xavier,1600.0
233,2026-09-01 13:52:02,gate3b_restricted_search,120,informed_restricted,7,0.001088133500363589,xavier,1600.0
234,2026-09-01 13:52:03,gate3b_restricted_search,120,informed_restricted,8,0.0015498955191377143,xavier,1600.0
235,2026-09-01 13:52:03,gate3b_restricted_search,120,informed_restricted,9,0.00413475900783472,xavier,372.0
236,2026-09-01 13:52:04,gate3b_restricted_search,120,informed_restricted,10,0.09290791998691832,xavier,777.0
237,2026-09-01 13:52:04,gate3b_restricted_search,120,informed_restricted,11,0.011930383561222451,xavier,288.0
238,2026-09-01 13:52:04,gate3b_restricted_search,120,informed_restricted,12,0.016535107145461723,xavier,189.0
239,2026-09-01 13:52:04,gate3b_restricted_search,120,informed_restricted,13,0.022446911961699983,xavier,171.0
240,2026-09-01 13:52:05,gate3b_restricted_search,120,informed_restricted,14,0.05804656431752625,xavier,314.0
241,2026-09-01 13:52:05,gate3b_restricted_search,120,universal_restricted,0,0.0017826497151386949,xavier,1600.0
242,2026-09-01 13:52:06,gate3b_restricted_search,120,universal_restricted,1,0.01448683388723935,xavier,280.0
243,2026-09-01 13:52:06,gate3b_restricted_search,120,universal_restricted,2,0.00010007903854383786,xavier,1600.0
244,2026-09-01 13:52:07,gate3b_restricted_search,120,universal_restricted,3,0.0008072307884499761,xavier,1600.0
245,2026-09-01 13:52:08,gate3b_restricted_search,120,universal_restricted,4,0.0002755926764027377,xavier,1600.0
246,2026-09-01 13:52:08,gate3b_restricted_search,120,universal_restricted,5,0.00018924123965722266,xavier,1600.0
247,2026-09-01 13:52:09,gate3b_restricted_search,120,universal_restricted,6,0.0003620600725744741,xavier,1600.0
248,2026-09-01 13:52:09,gate3b_restricted_search,120,universal_restricted,7,0.001088133500363589,xavier,1600.0
249,2026-09-01 13:52:10,gate3b_restricted_search,120,universal_restricted,8,0.0015498955191377143,xavier,1600.0
250,2026-09-01 13:52:10,gate3b_restricted_search,120,universal_restricted,9,0.00413475900783472,xavier,372.0
251,2026-09-01 13:52:11,gate3b_restricted_search,120,universal_restricted,10,0.09290791998691832,xavier,777.0
252,2026-09-01 13:52:11,gate3b_restricted_search,120,universal_restricted,11,0.011930383561222451,xavier,288.0
253,2026-09-01 13:52:11,gate3b_restricted_search,120,universal_restricted,12,0.016535107145461723,xavier,189.0
254,2026-09-01 13:52:12,gate3b_restricted_search,120,universal_restricted,13,0.022446911961699983,xavier,171.0
255,2026-09-01 13:52:12,gate3b_restricted_search,120,universal_restricted,14,0.05804656431752625,xavier,314.0
256,2026-09-01 13:52:12,gate3b_restricted_search,131,reference,0,0.004430375245218269,xavier,129.0
257,2026-09-01 13:52:12,gate3b_restricted_search,131,reference,1,0.0018662266976517971,orthogonal,182.0
258,2026-09-01 13:52:12,gate3b_restricted_search,131,reference,2,0.07780155576901421,he,81.0
259,2026-09-01 13:52:13,gate3b_restricted_search,131,reference,3,0.005059803874660437,xavier,108.0
260,2026-09-01 13:52:13,gate3b_restricted_search,131,reference,4,0.00011498870747119459,orthogonal,1600.0
261,2026-09-01 13:52:13,gate3b_restricted_search,131,reference,5,0.08626905220714905,xavier,107.0
262,2026-09-01 13:52:14,gate3b_restricted_search,131,reference,6,0.00022637229697395497,orthogonal,1600.0
263,2026-09-01 13:52:14,gate3b_restricted_search,131,reference,7,0.0036774346621052147,orthogonal,132.0
264,2026-09-01 13:52:14,gate3b_restricted_search,131,reference,8,0.0023358825194833557,orthogonal,184.0
265,2026-09-01 13:52:14,gate3b_restricted_search,131,reference,9,0.006859416411328701,he,98.0
266,2026-09-01 13:52:14,gate3b_restricted_search,131,reference,10,0.07156452541054531,he,81.0
267,2026-09-01 13:52:14,gate3b_restricted_search,131,reference,11,0.07216635702812188,he,81.0
268,2026-09-01 13:52:15,gate3b_restricted_search,131,reference,12,0.02542434762936629,he,67.0
269,2026-09-01 13:52:15,gate3b_restricted_search,131,reference,13,0.020527514539894275,he,95.0
270,2026-09-01 13:52:15,gate3b_restricted_search,131,reference,14,0.02149764721158091,he,77.0
271,2026-09-01 13:52:15,gate3b_restricted_search,131,reference,15,0.018559669458197654,he,103.0
272,2026-09-01 13:52:15,gate3b_restricted_search,131,reference,16,0.034069365696446564,he,57.0
273,2026-09-01 13:52:15,gate3b_restricted_search,131,reference,17,0.011012342650968166,he,99.0
274,2026-09-01 13:52:15,gate3b_restricted_search,131,reference,18,0.037184500868493564,he,57.0
275,2026-09-01 13:52:15,gate3b_restricted_search,131,reference,19,0.0377064817545237,he,57.0
276,2026-09-01 13:52:15,gate3b_restricted_search,131,reference,20,0.0009712798508231742,xavier,410.0
277,2026-09-01 13:52:15,gate3b_restricted_search,131,reference,21,0.040269290404348713,he,57.0
278,2026-09-01 13:52:15,gate3b_restricted_search,131,reference,22,0.038477514520875326,he,59.0
279,2026-09-01 13:52:16,gate3b_restricted_search,131,reference,23,0.010155063855043101,he,98.0
280,2026-09-01 13:52:16,gate3b_restricted_search,131,reference,24,0.04037765284586236,he,57.0
281,2026-09-01 13:52:16,gate3b_restricted_search,131,reference,25,0.013666268003776523,he,98.0
282,2026-09-01 13:52:16,gate3b_restricted_search,131,reference,26,0.045954460522499165,he,74.0
283,2026-09-01 13:52:16,gate3b_restricted_search,131,reference,27,0.03032347866502885,he,74.0
284,2026-09-01 13:52:16,gate3b_restricted_search,131,reference,28,0.051337445148503094,xavier,81.0
285,2026-09-01 13:52:16,gate3b_restricted_search,131,reference,29,0.008774068039631667,he,98.0
286,2026-09-01 13:52:16,gate3b_restricted_search,131,reference,30,0.09865659655619732,xavier,138.0
287,2026-09-01 13:52:16,gate3b_restricted_search,131,reference,31,0.0161370874029302,he,83.0
288,2026-09-01 13:52:16,gate3b_restricted_search,131,reference,32,0.030649142848030556,he,57.0
289,2026-09-01 13:52:16,gate3b_restricted_search,131,reference,33,0.05162624950288211,he,86.0
290,2026-09-01 13:52:16,gate3b_restricted_search,131,reference,34,0.048621775973762486,he,84.0
291,2026-09-01 13:52:16,gate3b_restricted_search,131,reference,35,0.02580566692377937,he,74.0
292,2026-09-01 13:52:17,gate3b_restricted_search,131,reference,36,0.013706925778317065,orthogonal,81.0
293,2026-09-01 13:52:17,gate3b_restricted_search,131,reference,37,0.06570186527927406,he,80.0
294,2026-09-01 13:52:17,gate3b_restricted_search,131,reference,38,0.006143236148582347,xavier,103.0
295,2026-09-01 13:52:17,gate3b_restricted_search,131,reference,39,0.0005329200247232395,orthogonal,671.0
296,2026-09-01 13:52:18,gate3b_restricted_search,131,cold,0,0.0017826497151386949,xavier,272.0
297,2026-09-01 13:52:18,gate3b_restricted_search,131,cold,1,0.0002755926764027377,orthogonal,1600.0
298,2026-09-01 13:52:19,gate3b_restricted_search,131,cold,2,0.0015498955191377143,orthogonal,239.0
299,2026-09-01 13:52:19,gate3b_restricted_search,131,cold,3,0.00041054120168588934,xavier,1600.0
300,2026-09-01 13:52:20,gate3b_restricted_search,131,cold,4,0.001786135519762597,xavier,272.0
301,2026-09-01 13:52:20,gate3b_restricted_search,131,cold,5,0.025248390936171015,xavier,57.0
302,2026-09-01 13:52:20,gate3b_restricted_search,131,cold,6,0.04257625486011382,xavier,57.0
303,2026-09-01 13:52:20,gate3b_restricted_search,131,cold,7,0.0003232148147351276,xavier,1600.0
304,2026-09-01 13:52:20,gate3b_restricted_search,131,cold,8,0.07475987911298648,he,81.0
305,2026-09-01 13:52:20,gate3b_restricted_search,131,cold,9,0.011468398705751582,xavier,71.0
306,2026-09-01 13:52:21,gate3b_restricted_search,131,cold,10,0.014576193863035302,he,99.0
307,2026-09-01 13:52:21,gate3b_restricted_search,131,cold,11,0.0797234062203645,xavier,109.0
308,2026-09-01 13:52:21,gate3b_restricted_search,131,cold,12,0.018729908809075033,xavier,88.0
309,2026-09-01 13:52:21,gate3b_restricted_search,131,cold,13,0.031234904643959893,xavier,57.0
310,2026-09-01 13:52:21,gate3b_restricted_search,131,cold,14,0.004614067695461879,orthogonal,132.0
311,2026-09-01 13:52:21,gate3b_restricted_search,131,informed_restricted,0,0.0017826497151386949,xavier,272.0
312,2026-09-01 13:52:21,gate3b_restricted_search,131,informed_restricted,1,0.01448683388723935,xavier,80.0
313,2026-09-01 13:52:22,gate3b_restricted_search,131,informed_restricted,2,0.00010007903854383786,xavier,1600.0
314,2026-09-01 13:52:22,gate3b_restricted_search,131,informed_restricted,3,0.0008072307884499761,xavier,513.0
315,2026-09-01 13:52:23,gate3b_restricted_search,131,informed_restricted,4,0.0002755926764027377,xavier,1600.0
316,2026-09-01 13:52:24,gate3b_restricted_search,131,informed_restricted,5,0.00018924123965722266,xavier,1600.0
317,2026-09-01 13:52:24,gate3b_restricted_search,131,informed_restricted,6,0.0003620600725744741,xavier,1600.0
318,2026-09-01 13:52:25,gate3b_restricted_search,131,informed_restricted,7,0.001088133500363589,xavier,410.0
319,2026-09-01 13:52:25,gate3b_restricted_search,131,informed_restricted,8,0.0015498955191377143,xavier,312.0
320,2026-09-01 13:52:25,gate3b_restricted_search,131,informed_restricted,9,0.00413475900783472,xavier,129.0
321,2026-09-01 13:52:25,gate3b_restricted_search,131,informed_restricted,10,0.09290791998691832,xavier,81.0
322,2026-09-01 13:52:25,gate3b_restricted_search,131,informed_restricted,11,0.07785058870653301,xavier,134.0
323,2026-09-01 13:52:25,gate3b_restricted_search,131,informed_restricted,12,0.0797234062203645,xavier,109.0
324,2026-09-01 13:52:25,gate3b_restricted_search,131,informed_restricted,13,0.017223705768801514,xavier,88.0
325,2026-09-01 13:52:25,gate3b_restricted_search,131,informed_restricted,14,0.02354874493860281,xavier,57.0
326,2026-09-01 13:52:26,gate3b_restricted_search,131,universal_restricted,0,0.0017826497151386949,xavier,272.0
327,2026-09-01 13:52:26,gate3b_restricted_search,131,universal_restricted,1,0.01448683388723935,xavier,80.0
328,2026-09-01 13:52:26,gate3b_restricted_search,131,universal_restricted,2,0.00010007903854383786,xavier,1600.0
329,2026-09-01 13:52:27,gate3b_restricted_search,131,universal_restricted,3,0.0008072307884499761,xavier,513.0
330,2026-09-01 13:52:28,gate3b_restricted_search,131,universal_restricted,4,0.0002755926764027377,xavier,1600.0
331,2026-09-01 13:52:28,gate3b_restricted_search,131,universal_restricted,5,0.00018924123965722266,xavier,1600.0
332,2026-09-01 13:52:29,gate3b_restricted_search,131,universal_restricted,6,0.0003620600725744741,xavier,1600.0
333,2026-09-01 13:52:29,gate3b_restricted_search,131,universal_restricted,7,0.001088133500363589,xavier,410.0
334,2026-09-01 13:52:29,gate3b_restricted_search,131,universal_restricted,8,0.0015498955191377143,xavier,312.0
335,2026-09-01 13:52:30,gate3b_restricted_search,131,universal_restricted,9,0.00413475900783472,xavier,129.0
336,2026-09-01 13:52:30,gate3b_restricted_search,131,universal_restricted,10,0.09290791998691832,xavier,81.0
337,2026-09-01 13:52:30,gate3b_restricted_search,131,universal_restricted,11,0.07785058870653301,xavier,134.0
338,2026-09-01 13:52:30,gate3b_restricted_search,131,universal_restricted,12,0.0797234062203645,xavier,109.0
339,2026-09-01 13:52:30,gate3b_restricted_search,131,universal_restricted,13,0.017223705768801514,xavier,88.0
340,2026-09-01 13:52:30,gate3b_restricted_search,131,universal_restricted,14,0.02354874493860281,xavier,57.0
341,2026-09-01 13:52:30,gate3b_restricted_search,132,reference,0,0.004430375245218269,xavier,237.0
342,2026-09-01 13:52:31,gate3b_restricted_search,132,reference,1,0.0018662266976517971,orthogonal,465.0
343,2026-09-01 13:52:31,gate3b_restricted_search,132,reference,2,0.07780155576901421,he,201.0
344,2026-09-01 13:52:31,gate3b_restricted_search,132,reference,3,0.005059803874660437,xavier,216.0
345,2026-09-01 13:52:32,gate3b_restricted_search,132,reference,4,0.00011498870747119459,orthogonal,1600.0
346,2026-09-01 13:52:32,gate3b_restricted_search,132,reference,5,0.08626905220714905,xavier,201.0
347,2026-09-01 13:52:33,gate3b_restricted_search,132,reference,6,0.00022637229697395497,orthogonal,1600.0
348,2026-09-01 13:52:33,gate3b_restricted_search,132,reference,7,0.0036774346621052147,orthogonal,266.0
349,2026-09-01 13:52:33,gate3b_restricted_search,132,reference,8,0.0023358825194833557,orthogonal,360.0
350,2026-09-01 13:52:33,gate3b_restricted_search,132,reference,9,0.006859416411328701,he,196.0
351,2026-09-01 13:52:33,gate3b_restricted_search,132,reference,10,0.019907506982928588,he,130.0
352,2026-09-01 13:52:33,gate3b_restricted_search,132,reference,11,0.020814104803987817,he,130.0
353,2026-09-01 13:52:34,gate3b_restricted_search,132,reference,12,0.021644937500336026,he,130.0
354,2026-09-01 13:52:34,gate3b_restricted_search,132,reference,13,0.020527514539894275,he,127.0
355,2026-09-01 13:52:34,gate3b_restricted_search,132,reference,14,0.021178889448851296,he,149.0
356,2026-09-01 13:52:34,gate3b_restricted_search,132,reference,15,0.000694465168883101,he,1600.0
357,2026-09-01 13:52:35,gate3b_restricted_search,132,reference,16,0.011599421468819674,he,168.0
358,2026-09-01 13:52:35,gate3b_restricted_search,132,reference,17,0.03836061852778862,he,160.0
359,2026-09-01 13:52:35,gate3b_restricted_search,132,reference,18,0.042140601439425406,he,217.0
360,2026-09-01 13:52:35,gate3b_restricted_search,132,reference,19,0.010954222785873538,he,153.0
361,2026-09-01 13:52:36,gate3b_restricted_search,132,reference,20,0.0009712798508231742,xavier,790.0
362,2026-09-01 13:52:36,gate3b_restricted_search,132,reference,21,0.019944093242273486,he,130.0
363,2026-09-01 13:52:36,gate3b_restricted_search,132,reference,22,0.044708758043391646,he,139.0
364,2026-09-01 13:52:36,gate3b_restricted_search,132,reference,23,0.011376812855038037,he,153.0
365,2026-09-01 13:52:36,gate3b_restricted_search,132,reference,24,0.029999015642064995,he,98.0
366,2026-09-01 13:52:36,gate3b_restricted_search,132,reference,25,0.0380213334997393,he,127.0
367,2026-09-01 13:52:37,gate3b_restricted_search,132,reference,26,0.009088763053718182,he,160.0
368,2026-09-01 13:52:37,gate3b_restricted_search,132,reference,27,0.06821938748782813,he,187.0
369,2026-09-01 13:52:37,gate3b_restricted_search,132,reference,28,0.026798045525808945,xavier,125.0
370,2026-09-01 13:52:37,gate3b_restricted_search,132,reference,29,0.05287490107089195,xavier,178.0
371,2026-09-01 13:52:37,gate3b_restricted_search,132,reference,30,0.027066507004178515,xavier,140.0
372,2026-09-01 13:52:37,gate3b_restricted_search,132,reference,31,0.013984605220302242,xavier,98.0
373,2026-09-01 13:52:37,gate3b_restricted_search,132,reference,32,0.013670633623846915,xavier,98.0
374,2026-09-01 13:52:37,gate3b_restricted_search,132,reference,33,0.006626331255139012,xavier,160.0
375,2026-09-01 13:52:38,gate3b_restricted_search,132,reference,34,0.003173566771620576,xavier,296.0
376,2026-09-01 13:52:38,gate3b_restricted_search,132,reference,35,0.011840142978062998,xavier,98.0
377,2026-09-01 13:52:38,gate3b_restricted_search,132,reference,36,0.014189198244103578,xavier,118.0
378,2026-09-01 13:52:38,gate3b_restricted_search,132,reference,37,0.005903875844884424,xavier,196.0
379,2026-09-01 13:52:38,gate3b_restricted_search,132,reference,38,0.004107291894540013,xavier,237.0
380,2026-09-01 13:52:38,gate3b_restricted_search,132,reference,39,0.008211591683828411,xavier,153.0
381,2026-09-01 13:52:39,gate3b_restricted_search,132,cold,0,0.0017826497151386949,xavier,482.0
382,2026-09-01 13:52:39,gate3b_restricted_search,132,cold,1,0.0002755926764027377,orthogonal,1600.0
383,2026-09-01 13:52:40,gate3b_restricted_search,132,cold,2,0.0015498955191377143,orthogonal,500.0
384,2026-09-01 13:52:41,gate3b_restricted_search,132,cold,3,0.00041054120168588934,xavier,1600.0
385,2026-09-01 13:52:41,gate3b_restricted_search,132,cold,4,0.001786135519762597,xavier,482.0
386,2026-09-01 13:52:41,gate3b_restricted_search,132,cold,5,0.025248390936171015,xavier,153.0
387,2026-09-01 13:52:41,gate3b_restricted_search,132,cold,6,0.04257625486011382,xavier,198.0
388,2026-09-01 13:52:42,gate3b_restricted_search,132,cold,7,0.0003232148147351276,xavier,1600.0
389,2026-09-01 13:52:42,gate3b_restricted_search,132,cold,8,0.07475987911298648,he,204.0
390,2026-09-01 13:52:42,gate3b_restricted_search,132,cold,9,0.011468398705751582,xavier,98.0
391,2026-09-01 13:52:42,gate3b_restricted_search,132,cold,10,0.013520030930076584,he,153.0
392,2026-09-01 13:52:42,gate3b_restricted_search,132,cold,11,0.010686274357222558,xavier,130.0
393,2026-09-01 13:52:43,gate3b_restricted_search,132,cold,12,0.008383069621717622,xavier,153.0
394,2026-09-01 13:52:43,gate3b_restricted_search,132,cold,13,0.006226463763816248,xavier,196.0
395,2026-09-01 13:52:43,gate3b_restricted_search,132,cold,14,0.005710429651458626,orthogonal,179.0
396,2026-09-01 13:52:43,gate3b_restricted_search,132,informed_restricted,0,0.0017826497151386949,orthogonal,500.0
397,2026-09-01 13:52:43,gate3b_restricted_search,132,informed_restricted,1,0.01448683388723935,orthogonal,127.0
398,2026-09-01 13:52:44,gate3b_restricted_search,132,informed_restricted,2,0.00010007903854383786,orthogonal,1600.0
399,2026-09-01 13:52:45,gate3b_restricted_search,132,informed_restricted,3,0.0008072307884499761,orthogonal,771.0
400,2026-09-01 13:52:45,gate3b_restricted_search,132,informed_restricted,4,0.0002755926764027377,orthogonal,1600.0
401,2026-09-01 13:52:46,gate3b_restricted_search,132,informed_restricted,5,0.00018924123965722266,orthogonal,1600.0
402,2026-09-01 13:52:47,gate3b_restricted_search,132,informed_restricted,6,0.0003620600725744741,orthogonal,1600.0
403,2026-09-01 13:52:47,gate3b_restricted_search,132,informed_restricted,7,0.001088133500363589,orthogonal,686.0
404,2026-09-01 13:52:48,gate3b_restricted_search,132,informed_restricted,8,0.0015498955191377143,orthogonal,500.0
405,2026-09-01 13:52:48,gate3b_restricted_search,132,informed_restricted,9,0.00413475900783472,orthogonal,244.0
406,2026-09-01 13:52:48,gate3b_restricted_search,132,informed_restricted,10,0.09290791998691832,orthogonal,540.0
407,2026-09-01 13:52:49,gate3b_restricted_search,132,informed_restricted,11,0.011930383561222451,orthogonal,129.0
408,2026-09-01 13:52:49,gate3b_restricted_search,132,informed_restricted,12,0.016535107145461723,orthogonal,120.0
409,2026-09-01 13:52:49,gate3b_restricted_search,132,informed_restricted,13,0.022446911961699983,orthogonal,129.0
410,2026-09-01 13:52:49,gate3b_restricted_search,132,informed_restricted,14,0.02354874493860281,orthogonal,160.0
411,2026-09-01 13:52:49,gate3b_restricted_search,132,universal_restricted,0,0.0017826497151386949,xavier,482.0
412,2026-09-01 13:52:50,gate3b_restricted_search,132,universal_restricted,1,0.01448683388723935,xavier,98.0
413,2026-09-01 13:52:50,gate3b_restricted_search,132,universal_restricted,2,0.00010007903854383786,xavier,1600.0
414,2026-09-01 13:52:51,gate3b_restricted_search,132,universal_restricted,3,0.0008072307884499761,xavier,1600.0
415,2026-09-01 13:52:51,gate3b_restricted_search,132,universal_restricted,4,0.0002755926764027377,xavier,1600.0
416,2026-09-01 13:52:52,gate3b_restricted_search,132,universal_restricted,5,0.00018924123965722266,xavier,1600.0
417,2026-09-01 13:52:53,gate3b_restricted_search,132,universal_restricted,6,0.0003620600725744741,xavier,1600.0
418,2026-09-01 13:52:54,gate3b_restricted_search,132,universal_restricted,7,0.001088133500363589,xavier,790.0
419,2026-09-01 13:52:54,gate3b_restricted_search,132,universal_restricted,8,0.0015498955191377143,xavier,482.0
420,2026-09-01 13:52:54,gate3b_restricted_search,132,universal_restricted,9,0.00413475900783472,xavier,237.0
421,2026-09-01 13:52:55,gate3b_restricted_search,132,universal_restricted,10,0.09290791998691832,xavier,294.0
422,2026-09-01 13:52:55,gate3b_restricted_search,132,universal_restricted,11,0.011930383561222451,xavier,129.0
423,2026-09-01 13:52:55,gate3b_restricted_search,132,universal_restricted,12,0.016535107145461723,xavier,98.0
424,2026-09-01 13:52:55,gate3b_restricted_search,132,universal_restricted,13,0.022446911961699983,xavier,98.0
425,2026-09-01 13:52:55,gate3b_restricted_search,132,universal_restricted,14,0.05068980043440563,xavier,172.0
426,2026-09-01 13:52:56,gate3b_restricted_search,137,reference,0,0.004430375245218269,xavier,208.0
427,2026-09-01 13:52:56,gate3b_restricted_search,137,reference,1,0.0018662266976517971,orthogonal,386.0
428,2026-09-01 13:52:56,gate3b_restricted_search,137,reference,2,0.07780155576901421,he,230.0
429,2026-09-01 13:52:56,gate3b_restricted_search,137,reference,3,0.005059803874660437,xavier,175.0
430,2026-09-01 13:52:57,gate3b_restricted_search,137,reference,4,0.00011498870747119459,orthogonal,1600.0
431,2026-09-01 13:52:57,gate3b_restricted_search,137,reference,5,0.08626905220714905,xavier,150.0
432,2026-09-01 13:52:58,gate3b_restricted_search,137,reference,6,0.00022637229697395497,orthogonal,1600.0
433,2026-09-01 13:52:58,gate3b_restricted_search,137,reference,7,0.0036774346621052147,orthogonal,282.0
434,2026-09-01 13:52:58,gate3b_restricted_search,137,reference,8,0.0023358825194833557,orthogonal,262.0
435,2026-09-01 13:52:58,gate3b_restricted_search,137,reference,9,0.006859416411328701,he,219.0
436,2026-09-01 13:52:58,gate3b_restricted_search,137,reference,10,0.07162629642639848,xavier,175.0
437,2026-09-01 13:52:59,gate3b_restricted_search,137,reference,11,0.07216635702812188,xavier,143.0
438,2026-09-01 13:52:59,gate3b_restricted_search,137,reference,12,0.02365310875574803,xavier,120.0
439,2026-09-01 13:52:59,gate3b_restricted_search,137,reference,13,0.020527514539894275,xavier,97.0
440,2026-09-01 13:52:59,gate3b_restricted_search,137,reference,14,0.021178889448851296,xavier,107.0
441,2026-09-01 13:52:59,gate3b_restricted_search,137,reference,15,0.016597301987641328,xavier,97.0
442,2026-09-01 13:52:59,gate3b_restricted_search,137,reference,16,0.020002290526960603,xavier,111.0
443,2026-09-01 13:52:59,gate3b_restricted_search,137,reference,17,0.011839842934550796,he,54.0
444,2026-09-01 13:53:00,gate3b_restricted_search,137,reference,18,0.0005946225617605244,he,758.0
445,2026-09-01 13:53:00,gate3b_restricted_search,137,reference,19,0.009631946648913016,he,175.0
446,2026-09-01 13:53:01,gate3b_restricted_search,137,reference,20,0.0009712798508231742,he,564.0
447,2026-09-01 13:53:01,gate3b_restricted_search,137,reference,21,0.03400661222888663,he,123.0
448,2026-09-01 13:53:01,gate3b_restricted_search,137,reference,22,0.011634768241879851,xavier,146.0
449,2026-09-01 13:53:01,gate3b_restricted_search,137,reference,23,0.03664287121280435,xavier,120.0
450,2026-09-01 13:53:01,gate3b_restricted_search,137,reference,24,0.010735961845438584,he,165.0
451,2026-09-01 13:53:01,gate3b_restricted_search,137,reference,25,0.015491060021277599,xavier,97.0
452,2026-09-01 13:53:01,gate3b_restricted_search,137,reference,26,0.038005121464086924,he,153.0
453,2026-09-01 13:53:02,gate3b_restricted_search,137,reference,27,0.007654473376279909,xavier,157.0
454,2026-09-01 13:53:02,gate3b_restricted_search,137,reference,28,0.043826643182316834,xavier,132.0
455,2026-09-01 13:53:02,gate3b_restricted_search,137,reference,29,0.003585093283880219,he,317.0
456,2026-09-01 13:53:02,gate3b_restricted_search,137,reference,30,0.013228317820250553,xavier,54.0
457,2026-09-01 13:53:02,gate3b_restricted_search,137,reference,31,0.015058996006091655,xavier,54.0
458,2026-09-01 13:53:02,gate3b_restricted_search,137,reference,32,0.006074580681315602,xavier,175.0
459,2026-09-01 13:53:02,gate3b_restricted_search,137,reference,33,0.013696518798478018,xavier,54.0
460,2026-09-01 13:53:03,gate3b_restricted_search,137,reference,34,0.002357851725584683,xavier,385.0
461,2026-09-01 13:53:03,gate3b_restricted_search,137,reference,35,0.01264186697157446,xavier,54.0
462,2026-09-01 13:53:03,gate3b_restricted_search,137,reference,36,0.004510708376699307,orthogonal,219.0
463,2026-09-01 13:53:03,gate3b_restricted_search,137,reference,37,0.009223198129592516,xavier,157.0
464,2026-09-01 13:53:03,gate3b_restricted_search,137,reference,38,0.030101991925241434,he,147.0
465,2026-09-01 13:53:03,gate3b_restricted_search,137,reference,39,0.011910417634643105,orthogonal,54.0
466,2026-09-01 13:53:04,gate3b_restricted_search,137,cold,0,0.0017826497151386949,xavier,406.0
467,2026-09-01 13:53:04,gate3b_restricted_search,137,cold,1,0.0002755926764027377,orthogonal,1600.0
468,2026-09-01 13:53:05,gate3b_restricted_search,137,cold,2,0.0015498955191377143,orthogonal,386.0
469,2026-09-01 13:53:05,gate3b_restricted_search,137,cold,3,0.00041054120168588934,xavier,1600.0
470,2026-09-01 13:53:06,gate3b_restricted_search,137,cold,4,0.001786135519762597,xavier,406.0
471,2026-09-01 13:53:06,gate3b_restricted_search,137,cold,5,0.025248390936171015,xavier,115.0
472,2026-09-01 13:53:06,gate3b_restricted_search,137,cold,6,0.04257625486011382,xavier,138.0
473,2026-09-01 13:53:07,gate3b_restricted_search,137,cold,7,0.0003232148147351276,xavier,1600.0
474,2026-09-01 13:53:07,gate3b_restricted_search,137,cold,8,0.07475987911298648,he,213.0
475,2026-09-01 13:53:07,gate3b_restricted_search,137,cold,9,0.011468398705751582,xavier,157.0
476,2026-09-01 13:53:07,gate3b_restricted_search,137,cold,10,0.014576193863035302,he,175.0
477,2026-09-01 13:53:07,gate3b_restricted_search,137,cold,11,0.0797234062203645,xavier,126.0
478,2026-09-01 13:53:07,gate3b_restricted_search,137,cold,12,0.021932663570538802,xavier,120.0
479,2026-09-01 13:53:07,gate3b_restricted_search,137,cold,13,0.016983851798071364,xavier,97.0
480,2026-09-01 13:53:08,gate3b_restricted_search,137,cold,14,0.007330807339450185,orthogonal,145.0
481,2026-09-01 13:53:08,gate3b_restricted_search,137,informed_restricted,0,0.0017826497151386949,orthogonal,386.0
482,2026-09-01 13:53:08,gate3b_restricted_search,137,informed_restricted,1,0.01448683388723935,orthogonal,109.0
483,2026-09-01 13:53:09,gate3b_restricted_search,137,informed_restricted,2,0.00010007903854383786,orthogonal,1600.0
484,2026-09-01 13:53:09,gate3b_restricted_search,137,informed_restricted,3,0.0008072307884499761,orthogonal,1600.0
485,2026-09-01 13:53:10,gate3b_restricted_search,137,informed_restricted,4,0.0002755926764027377,orthogonal,1600.0
486,2026-09-01 13:53:11,gate3b_restricted_search,137,informed_restricted,5,0.00018924123965722266,orthogonal,1600.0
487,2026-09-01 13:53:11,gate3b_restricted_search,137,informed_restricted,6,0.0003620600725744741,orthogonal,1600.0
488,2026-09-01 13:53:12,gate3b_restricted_search,137,informed_restricted,7,0.001088133500363589,orthogonal,467.0
489,2026-09-01 13:53:12,gate3b_restricted_search,137,informed_restricted,8,0.0015498955191377143,orthogonal,386.0
490,2026-09-01 13:53:12,gate3b_restricted_search,137,informed_restricted,9,0.00413475900783472,orthogonal,273.0
491,2026-09-01 13:53:12,gate3b_restricted_search,137,informed_restricted,10,0.09290791998691832,orthogonal,184.0
492,2026-09-01 13:53:12,gate3b_restricted_search,137,informed_restricted,11,0.07785058870653301,orthogonal,132.0
493,2026-09-01 13:53:13,gate3b_restricted_search,137,informed_restricted,12,0.0464700795252923,orthogonal,97.0
494,2026-09-01 13:53:13,gate3b_restricted_search,137,informed_restricted,13,0.01780718886107045,orthogonal,113.0
495,2026-09-01 13:53:13,gate3b_restricted_search,137,informed_restricted,14,0.01962756878849319,orthogonal,113.0
496,2026-09-01 13:53:13,gate3b_restricted_search,137,universal_restricted,0,0.0017826497151386949,xavier,406.0
497,2026-09-01 13:53:13,gate3b_restricted_search,137,universal_restricted,1,0.01448683388723935,xavier,109.0
498,2026-09-01 13:53:14,gate3b_restricted_search,137,universal_restricted,2,0.00010007903854383786,xavier,1600.0
499,2026-09-01 13:53:14,gate3b_restricted_search,137,universal_restricted,3,0.0008072307884499761,xavier,562.0
500,2026-09-01 13:53:15,gate3b_restricted_search,137,universal_restricted,4,0.0002755926764027377,xavier,1600.0
501,2026-09-01 13:53:16,gate3b_restricted_search,137,universal_restricted,5,0.00018924123965722266,xavier,1600.0
502,2026-09-01 13:53:16,gate3b_restricted_search,137,universal_restricted,6,0.0003620600725744741,xavier,1600.0
503,2026-09-01 13:53:17,gate3b_restricted_search,137,universal_restricted,7,0.001088133500363589,xavier,477.0
504,2026-09-01 13:53:17,gate3b_restricted_search,137,universal_restricted,8,0.0015498955191377143,xavier,444.0
505,2026-09-01 13:53:17,gate3b_restricted_search,137,universal_restricted,9,0.00413475900783472,xavier,175.0
506,2026-09-01 13:53:17,gate3b_restricted_search,137,universal_restricted,10,0.09290791998691832,xavier,109.0
507,2026-09-01 13:53:17,gate3b_restricted_search,137,universal_restricted,11,0.07785058870653301,xavier,210.0
508,2026-09-01 13:53:18,gate3b_restricted_search,137,universal_restricted,12,0.0797234062203645,xavier,126.0
509,2026-09-01 13:53:18,gate3b_restricted_search,137,universal_restricted,13,0.017223705768801514,xavier,114.0
510,2026-09-01 13:53:18,gate3b_restricted_search,137,universal_restricted,14,0.02354874493860281,xavier,126.0
511,2026-09-01 13:53:19,gate3b_restricted_search,141,reference,0,0.004430375245218269,xavier,726.0
512,2026-09-01 13:53:20,gate3b_restricted_search,141,reference,1,0.0018662266976517971,orthogonal,1600.0
513,2026-09-01 13:53:20,gate3b_restricted_search,141,reference,2,0.07780155576901421,he,1600.0
514,2026-09-01 13:53:21,gate3b_restricted_search,141,reference,3,0.005059803874660437,xavier,726.0
515,2026-09-01 13:53:22,gate3b_restricted_search,141,reference,4,0.00011498870747119459,orthogonal,1600.0
516,2026-09-01 13:53:22,gate3b_restricted_search,141,reference,5,0.08626905220714905,xavier,1600.0
517,2026-09-01 13:53:23,gate3b_restricted_search,141,reference,6,0.00022637229697395497,orthogonal,1600.0
518,2026-09-01 13:53:24,gate3b_restricted_search,141,reference,7,0.0036774346621052147,orthogonal,633.0
519,2026-09-01 13:53:24,gate3b_restricted_search,141,reference,8,0.0023358825194833557,orthogonal,1600.0
520,2026-09-01 13:53:25,gate3b_restricted_search,141,reference,9,0.006859416411328701,he,1600.0
521,2026-09-01 13:53:26,gate3b_restricted_search,141,reference,10,0.0005430405379671376,orthogonal,1600.0
522,2026-09-01 13:53:26,gate3b_restricted_search,141,reference,11,0.00956676148396563,xavier,797.0
523,2026-09-01 13:53:27,gate3b_restricted_search,141,reference,12,0.02528606280729329,xavier,1600.0
524,2026-09-01 13:53:28,gate3b_restricted_search,141,reference,13,0.0009496053560963326,xavier,1600.0
525,2026-09-01 13:53:28,gate3b_restricted_search,141,reference,14,0.021178889448851296,he,608.0
526,2026-09-01 13:53:29,gate3b_restricted_search,141,reference,15,0.02089974892930764,he,608.0
527,2026-09-01 13:53:29,gate3b_restricted_search,141,reference,16,0.02295754493299188,he,653.0
528,2026-09-01 13:53:30,gate3b_restricted_search,141,reference,17,0.019801382231565214,he,539.0
529,2026-09-01 13:53:30,gate3b_restricted_search,141,reference,18,0.043241453262356074,he,1600.0
530,2026-09-01 13:53:31,gate3b_restricted_search,141,reference,19,0.011429797214822679,he,592.0
531,2026-09-01 13:53:32,gate3b_restricted_search,141,reference,20,0.01241865768253855,he,726.0
532,2026-09-01 13:53:32,gate3b_restricted_search,141,reference,21,0.015073202229360953,he,669.0
533,2026-09-01 13:53:34,gate3b_restricted_search,141,reference,22,0.03171700442754821,he,1600.0
534,2026-09-01 13:53:34,gate3b_restricted_search,141,reference,23,0.047870355449870144,he,1600.0
535,2026-09-01 13:53:35,gate3b_restricted_search,141,reference,24,0.009172095890121247,he,539.0
536,2026-09-01 13:53:35,gate3b_restricted_search,141,reference,25,0.00949938352202265,he,667.0
537,2026-09-01 13:53:36,gate3b_restricted_search,141,reference,26,0.0023215310560460523,he,1600.0
538,2026-09-01 13:53:37,gate3b_restricted_search,141,reference,27,0.007850200184319957,he,726.0
539,2026-09-01 13:53:37,gate3b_restricted_search,141,reference,28,0.014605947830587744,he,569.0
540,2026-09-01 13:53:38,gate3b_restricted_search,141,reference,29,0.004399757653844035,he,678.0
541,2026-09-01 13:53:38,gate3b_restricted_search,141,reference,30,0.05523466456743534,he,1600.0
542,2026-09-01 13:53:39,gate3b_restricted_search,141,reference,31,0.013984605220302242,he,569.0
543,2026-09-01 13:53:39,gate3b_restricted_search,141,reference,32,0.01615152775206997,he,577.0
544,2026-09-01 13:53:40,gate3b_restricted_search,141,reference,33,0.038054707835244776,he,1600.0
545,2026-09-01 13:53:40,gate3b_restricted_search,141,reference,34,0.0059053867545654564,he,1600.0
546,2026-09-01 13:53:41,gate3b_restricted_search,141,reference,35,0.003192029304846269,he,1600.0
547,2026-09-01 13:53:42,gate3b_restricted_search,141,reference,36,0.0014340868424214553,he,1600.0
548,2026-09-01 13:53:42,gate3b_restricted_search,141,reference,37,0.015206113219558053,he,643.0
549,2026-09-01 13:53:43,gate3b_restricted_search,141,reference,38,0.06454376837133567,xavier,1600.0
550,2026-09-01 13:53:44,gate3b_restricted_search,141,reference,39,0.09072041839416388,orthogonal,1600.0
551,2026-09-01 13:53:44,gate3b_restricted_search,141,cold,0,0.0017826497151386949,xavier,1600.0
552,2026-09-01 13:53:45,gate3b_restricted_search,141,cold,1,0.0002755926764027377,orthogonal,1600.0
553,2026-09-01 13:53:45,gate3b_restricted_search,141,cold,2,0.0015498955191377143,orthogonal,1600.0
554,2026-09-01 13:53:46,gate3b_restricted_search,141,cold,3,0.00041054120168588934,xavier,1600.0
555,2026-09-01 13:53:47,gate3b_restricted_search,141,cold,4,0.001786135519762597,xavier,1600.0
556,2026-09-01 13:53:47,gate3b_restricted_search,141,cold,5,0.025248390936171015,xavier,1600.0
557,2026-09-01 13:53:48,gate3b_restricted_search,141,cold,6,0.04257625486011382,xavier,1600.0
558,2026-09-01 13:53:49,gate3b_restricted_search,141,cold,7,0.0003232148147351276,xavier,1600.0
559,2026-09-01 13:53:50,gate3b_restricted_search,141,cold,8,0.07475987911298648,he,1600.0
560,2026-09-01 13:53:50,gate3b_restricted_search,141,cold,9,0.011468398705751582,xavier,678.0
561,2026-09-01 13:53:51,gate3b_restricted_search,141,cold,10,0.013520030930076584,he,534.0
562,2026-09-01 13:53:51,gate3b_restricted_search,141,cold,11,0.012050318703919807,he,726.0
563,2026-09-01 13:53:52,gate3b_restricted_search,141,cold,12,0.008901992342500538,he,726.0
564,2026-09-01 13:53:52,gate3b_restricted_search,141,cold,13,0.007480156754080965,he,726.0
565,2026-09-01 13:53:53,gate3b_restricted_search,141,cold,14,0.01743266588357272,he,665.0
566,2026-09-01 13:53:54,gate3b_restricted_search,141,informed_restricted,0,0.0017826497151386949,xavier,1600.0
567,2026-09-01 13:53:54,gate3b_restricted_search,141,informed_restricted,1,0.01448683388723935,xavier,539.0
568,2026-09-01 13:53:55,gate3b_restricted_search,141,informed_restricted,2,0.00010007903854383786,xavier,1600.0
569,2026-09-01 13:53:56,gate3b_restricted_search,141,informed_restricted,3,0.0008072307884499761,xavier,1600.0
570,2026-09-01 13:53:56,gate3b_restricted_search,141,informed_restricted,4,0.0002755926764027377,xavier,1600.0
571,2026-09-01 13:53:57,gate3b_restricted_search,141,informed_restricted,5,0.00018924123965722266,xavier,1600.0
572,2026-09-01 13:53:58,gate3b_restricted_search,141,informed_restricted,6,0.0003620600725744741,xavier,1600.0
573,2026-09-01 13:53:58,gate3b_restricted_search,141,informed_restricted,7,0.001088133500363589,xavier,1600.0
574,2026-09-01 13:53:59,gate3b_restricted_search,141,informed_restricted,8,0.0015498955191377143,xavier,1600.0
575,2026-09-01 13:54:00,gate3b_restricted_search,141,informed_restricted,9,0.00413475900783472,xavier,726.0
576,2026-09-01 13:54:00,gate3b_restricted_search,141,informed_restricted,10,0.09290791998691832,xavier,1600.0
577,2026-09-01 13:54:01,gate3b_restricted_search,141,informed_restricted,11,0.011930383561222451,xavier,643.0
578,2026-09-01 13:54:01,gate3b_restricted_search,141,informed_restricted,12,0.016535107145461723,xavier,666.0
579,2026-09-01 13:54:02,gate3b_restricted_search,141,informed_restricted,13,0.01416591916805599,xavier,574.0
580,2026-09-01 13:54:02,gate3b_restricted_search,141,informed_restricted,14,0.035690305590833374,xavier,1600.0
581,2026-09-01 13:54:03,gate3b_restricted_search,141,universal_restricted,0,0.0017826497151386949,xavier,1600.0
582,2026-09-01 13:54:03,gate3b_restricted_search,141,universal_restricted,1,0.01448683388723935,xavier,539.0
583,2026-09-01 13:54:04,gate3b_restricted_search,141,universal_restricted,2,0.00010007903854383786,xavier,1600.0
584,2026-09-01 13:54:05,gate3b_restricted_search,141,universal_restricted,3,0.0008072307884499761,xavier,1600.0
585,2026-09-01 13:54:06,gate3b_restricted_search,141,universal_restricted,4,0.0002755926764027377,xavier,1600.0
586,2026-09-01 13:54:06,gate3b_restricted_search,141,universal_restricted,5,0.00018924123965722266,xavier,1600.0
587,2026-09-01 13:54:07,gate3b_restricted_search,141,universal_restricted,6,0.0003620600725744741,xavier,1600.0
588,2026-09-01 13:54:08,gate3b_restricted_search,141,universal_restricted,7,0.001088133500363589,xavier,1600.0
589,2026-09-01 13:54:09,gate3b_restricted_search,141,universal_restricted,8,0.0015498955191377143,xavier,1600.0
590,2026-09-01 13:54:09,gate3b_restricted_search,141,universal_restricted,9,0.00413475900783472,xavier,726.0
591,2026-09-01 13:54:10,gate3b_restricted_search,141,universal_restricted,10,0.09290791998691832,xavier,1600.0
592,2026-09-01 13:54:10,gate3b_restricted_search,141,universal_restricted,11,0.011930383561222451,xavier,643.0
593,2026-09-01 13:54:11,gate3b_restricted_search,141,universal_restricted,12,0.016535107145461723,xavier,666.0
594,2026-09-01 13:54:11,gate3b_restricted_search,141,universal_restricted,13,0.01416591916805599,xavier,574.0
595,2026-09-01 13:54:12,gate3b_restricted_search,141,universal_restricted,14,0.035690305590833374,xavier,1600.0
596,2026-09-01 13:54:13,gate3b_restricted_search,146,reference,0,0.004430375245218269,xavier,224.0
597,2026-09-01 13:54:13,gate3b_restricted_search,146,reference,1,0.0018662266976517971,orthogonal,140.0
598,2026-09-01 13:54:13,gate3b_restricted_search,146,reference,2,0.07780155576901421,he,188.0
599,2026-09-01 13:54:13,gate3b_restricted_search,146,reference,3,0.005059803874660437,xavier,183.0
600,2026-09-01 13:54:14,gate3b_restricted_search,146,reference,4,0.00011498870747119459,orthogonal,1600.0
601,2026-09-01 13:54:14,gate3b_restricted_search,146,reference,5,0.08626905220714905,xavier,132.0
602,2026-09-01 13:54:15,gate3b_restricted_search,146,reference,6,0.00022637229697395497,orthogonal,1600.0
603,2026-09-01 13:54:15,gate3b_restricted_search,146,reference,7,0.0036774346621052147,orthogonal,267.0
604,2026-09-01 13:54:15,gate3b_restricted_search,146,reference,8,0.0023358825194833557,orthogonal,339.0
605,2026-09-01 13:54:16,gate3b_restricted_search,146,reference,9,0.006859416411328701,he,183.0
606,2026-09-01 13:54:16,gate3b_restricted_search,146,reference,10,0.07162629642639848,xavier,54.0
607,2026-09-01 13:54:16,gate3b_restricted_search,146,reference,11,0.07216635702812188,xavier,97.0
608,2026-09-01 13:54:16,gate3b_restricted_search,146,reference,12,0.02451418499252173,xavier,107.0
609,2026-09-01 13:54:16,gate3b_restricted_search,146,reference,13,0.020527514539894275,xavier,82.0
610,2026-09-01 13:54:16,gate3b_restricted_search,146,reference,14,0.020674066664502364,xavier,82.0
611,2026-09-01 13:54:16,gate3b_restricted_search,146,reference,15,0.02607907298745821,xavier,93.0
612,2026-09-01 13:54:16,gate3b_restricted_search,146,reference,16,0.012809307180985878,xavier,130.0
613,2026-09-01 13:54:16,gate3b_restricted_search,146,reference,17,0.03836061852778862,he,147.0
614,2026-09-01 13:54:17,gate3b_restricted_search,146,reference,18,0.000874020247958294,xavier,339.0
615,2026-09-01 13:54:17,gate3b_restricted_search,146,reference,19,0.010185879366329805,xavier,101.0
616,2026-09-01 13:54:17,gate3b_restricted_search,146,reference,20,0.044310253038350525,he,101.0
617,2026-09-01 13:54:17,gate3b_restricted_search,146,reference,21,0.017437388370562343,xavier,101.0
618,2026-09-01 13:54:17,gate3b_restricted_search,146,reference,22,0.04486895703641575,xavier,93.0
619,2026-09-01 13:54:17,gate3b_restricted_search,146,reference,23,0.019354166622284237,xavier,82.0
620,2026-09-01 13:54:17,gate3b_restricted_search,146,reference,24,0.009545568782339506,xavier,160.0
621,2026-09-01 13:54:17,gate3b_restricted_search,146,reference,25,0.0380213334997393,xavier,93.0
622,2026-09-01 13:54:17,gate3b_restricted_search,146,reference,26,0.015733160752608433,xavier,82.0
623,2026-09-01 13:54:18,gate3b_restricted_search,146,reference,27,0.054623938148665625,xavier,132.0
624,2026-09-01 13:54:18,gate3b_restricted_search,146,reference,28,0.011422748695152236,he,178.0
625,2026-09-01 13:54:18,gate3b_restricted_search,146,reference,29,0.0307721149343911,xavier,97.0
626,2026-09-01 13:54:18,gate3b_restricted_search,146,reference,30,0.09865659655619732,xavier,94.0
627,2026-09-01 13:54:18,gate3b_restricted_search,146,reference,31,0.01589476825533016,xavier,82.0
628,2026-09-01 13:54:18,gate3b_restricted_search,146,reference,32,0.0075720353527378255,xavier,173.0
629,2026-09-01 13:54:19,gate3b_restricted_search,146,reference,33,0.003095927270912348,xavier,226.0
630,2026-09-01 13:54:19,gate3b_restricted_search,146,reference,34,0.001298408499282176,xavier,339.0
631,2026-09-01 13:54:19,gate3b_restricted_search,146,reference,35,0.005159279612199888,xavier,183.0
632,2026-09-01 13:54:19,gate3b_restricted_search,146,reference,36,0.06390371196676446,orthogonal,94.0
633,2026-09-01 13:54:19,gate3b_restricted_search,146,reference,37,0.019244558398127887,xavier,101.0
634,2026-09-01 13:54:20,gate3b_restricted_search,146,reference,38,0.030343302565225647,he,82.0
635,2026-09-01 13:54:20,gate3b_restricted_search,146,reference,39,0.03189570083889558,he,147.0
636,2026-09-01 13:54:20,gate3b_restricted_search,146,cold,0,0.0017826497151386949,xavier,339.0
637,2026-09-01 13:54:21,gate3b_restricted_search,146,cold,1,0.0002755926764027377,orthogonal,1600.0
638,2026-09-01 13:54:21,gate3b_restricted_search,146,cold,2,0.0015498955191377143,orthogonal,339.0
639,2026-09-01 13:54:22,gate3b_restricted_search,146,cold,3,0.00041054120168588934,xavier,1600.0
640,2026-09-01 13:54:22,gate3b_restricted_search,146,cold,4,0.001786135519762597,xavier,339.0
641,2026-09-01 13:54:22,gate3b_restricted_search,146,cold,5,0.025248390936171015,xavier,93.0
642,2026-09-01 13:54:22,gate3b_restricted_search,146,cold,6,0.04257625486011382,xavier,93.0
643,2026-09-01 13:54:23,gate3b_restricted_search,146,cold,7,0.0003232148147351276,xavier,1600.0
644,2026-09-01 13:54:23,gate3b_restricted_search,146,cold,8,0.07475987911298648,he,221.0
645,2026-09-01 13:54:23,gate3b_restricted_search,146,cold,9,0.011468398705751582,xavier,101.0
646,2026-09-01 13:54:23,gate3b_restricted_search,146,cold,10,0.014576193863035302,he,173.0
647,2026-09-01 13:54:23,gate3b_restricted_search,146,cold,11,0.0797234062203645,xavier,130.0
648,2026-09-01 13:54:23,gate3b_restricted_search,146,cold,12,0.018729908809075033,xavier,82.0
649,2026-09-01 13:54:24,gate3b_restricted_search,146,cold,13,0.016983851798071364,xavier,82.0
650,2026-09-01 13:54:24,gate3b_restricted_search,146,cold,14,0.007330807339450185,orthogonal,198.0
651,2026-09-01 13:54:24,gate3b_restricted_search,146,informed_restricted,0,0.0017826497151386949,xavier,339.0
652,2026-09-01 13:54:24,gate3b_restricted_search,146,informed_restricted,1,0.01448683388723935,xavier,82.0
653,2026-09-01 13:54:25,gate3b_restricted_search,146,informed_restricted,2,0.00010007903854383786,xavier,1600.0
654,2026-09-01 13:54:25,gate3b_restricted_search,146,informed_restricted,3,0.0008072307884499761,xavier,642.0
655,2026-09-01 13:54:26,gate3b_restricted_search,146,informed_restricted,4,0.0002755926764027377,xavier,1600.0
656,2026-09-01 13:54:27,gate3b_restricted_search,146,informed_restricted,5,0.00018924123965722266,xavier,1600.0
657,2026-09-01 13:54:27,gate3b_restricted_search,146,informed_restricted,6,0.0003620600725744741,xavier,1600.0
658,2026-09-01 13:54:28,gate3b_restricted_search,146,informed_restricted,7,0.001088133500363589,xavier,339.0
659,2026-09-01 13:54:28,gate3b_restricted_search,146,informed_restricted,8,0.0015498955191377143,xavier,339.0
660,2026-09-01 13:54:28,gate3b_restricted_search,146,informed_restricted,9,0.00413475900783472,xavier,221.0
661,2026-09-01 13:54:28,gate3b_restricted_search,146,informed_restricted,10,0.09290791998691832,xavier,69.0
662,2026-09-01 13:54:28,gate3b_restricted_search,146,informed_restricted,11,0.07785058870653301,xavier,190.0
663,2026-09-01 13:54:28,gate3b_restricted_search,146,informed_restricted,12,0.0797234062203645,xavier,130.0
664,2026-09-01 13:54:28,gate3b_restricted_search,146,informed_restricted,13,0.017223705768801514,xavier,101.0
665,2026-09-01 13:54:29,gate3b_restricted_search,146,informed_restricted,14,0.02354874493860281,xavier,103.0
666,2026-09-01 13:54:29,gate3b_restricted_search,146,universal_restricted,0,0.0017826497151386949,xavier,339.0
667,2026-09-01 13:54:29,gate3b_restricted_search,146,universal_restricted,1,0.01448683388723935,xavier,82.0
668,2026-09-01 13:54:30,gate3b_restricted_search,146,universal_restricted,2,0.00010007903854383786,xavier,1600.0
669,2026-09-01 13:54:30,gate3b_restricted_search,146,universal_restricted,3,0.0008072307884499761,xavier,642.0
670,2026-09-01 13:54:31,gate3b_restricted_search,146,universal_restricted,4,0.0002755926764027377,xavier,1600.0
671,2026-09-01 13:54:31,gate3b_restricted_search,146,universal_restricted,5,0.00018924123965722266,xavier,1600.0
672,2026-09-01 13:54:32,gate3b_restricted_search,146,universal_restricted,6,0.0003620600725744741,xavier,1600.0
673,2026-09-01 13:54:32,gate3b_restricted_search,146,universal_restricted,7,0.001088133500363589,xavier,339.0
674,2026-09-01 13:54:33,gate3b_restricted_search,146,universal_restricted,8,0.0015498955191377143,xavier,339.0
675,2026-09-01 13:54:33,gate3b_restricted_search,146,universal_restricted,9,0.00413475900783472,xavier,221.0
676,2026-09-01 13:54:33,gate3b_restricted_search,146,universal_restricted,10,0.09290791998691832,xavier,69.0
677,2026-09-01 13:54:33,gate3b_restricted_search,146,universal_restricted,11,0.07785058870653301,xavier,190.0
678,2026-09-01 13:54:33,gate3b_restricted_search,146,universal_restricted,12,0.0797234062203645,xavier,130.0
679,2026-09-01 13:54:33,gate3b_restricted_search,146,universal_restricted,13,0.017223705768801514,xavier,101.0
680,2026-09-01 13:54:33,gate3b_restricted_search,146,universal_restricted,14,0.02354874493860281,xavier,103.0
681,2026-09-01 13:54:34,gate3b_restricted_search,147,reference,0,0.004430375245218269,xavier,1600.0
682,2026-09-01 13:54:35,gate3b_restricted_search,147,reference,1,0.0018662266976517971,orthogonal,1600.0
683,2026-09-01 13:54:35,gate3b_restricted_search,147,reference,2,0.07780155576901421,he,1600.0
684,2026-09-01 13:54:36,gate3b_restricted_search,147,reference,3,0.005059803874660437,xavier,766.0
685,2026-09-01 13:54:37,gate3b_restricted_search,147,reference,4,0.00011498870747119459,orthogonal,1600.0
686,2026-09-01 13:54:37,gate3b_restricted_search,147,reference,5,0.08626905220714905,xavier,1600.0
687,2026-09-01 13:54:38,gate3b_restricted_search,147,reference,6,0.00022637229697395497,orthogonal,1600.0
688,2026-09-01 13:54:39,gate3b_restricted_search,147,reference,7,0.0036774346621052147,orthogonal,1600.0
689,2026-09-01 13:54:39,gate3b_restricted_search,147,reference,8,0.0023358825194833557,orthogonal,1600.0
690,2026-09-01 13:54:40,gate3b_restricted_search,147,reference,9,0.006859416411328701,he,601.0
691,2026-09-01 13:54:40,gate3b_restricted_search,147,reference,10,0.019907506982928588,he,651.0
692,2026-09-01 13:54:41,gate3b_restricted_search,147,reference,11,0.020814104803987817,he,651.0
693,2026-09-01 13:54:42,gate3b_restricted_search,147,reference,12,0.016044606150810846,he,651.0
694,2026-09-01 13:54:42,gate3b_restricted_search,147,reference,13,0.015769071584025966,he,748.0
695,2026-09-01 13:54:43,gate3b_restricted_search,147,reference,14,0.0008619247845699831,he,1600.0
696,2026-09-01 13:54:43,gate3b_restricted_search,147,reference,15,0.031488332841565325,he,601.0
697,2026-09-01 13:54:44,gate3b_restricted_search,147,reference,16,0.03744312368804204,he,1600.0
698,2026-09-01 13:54:45,gate3b_restricted_search,147,reference,17,0.010464461596565652,he,722.0
699,2026-09-01 13:54:45,gate3b_restricted_search,147,reference,18,0.0005946225617605244,he,1600.0
700,2026-09-01 13:54:46,gate3b_restricted_search,147,reference,19,0.04049803968429553,he,1600.0
701,2026-09-01 13:54:47,gate3b_restricted_search,147,reference,20,0.04151582560533646,xavier,699.0
702,2026-09-01 13:54:47,gate3b_restricted_search,147,reference,21,0.008187741902089783,he,651.0
703,2026-09-01 13:54:48,gate3b_restricted_search,147,reference,22,0.026987258872713835,he,610.0
704,2026-09-01 13:54:48,gate3b_restricted_search,147,reference,23,0.00774329128527927,he,691.0
705,2026-09-01 13:54:49,gate3b_restricted_search,147,reference,24,0.033224985502312544,he,795.0
706,2026-09-01 13:54:50,gate3b_restricted_search,147,reference,25,0.0531247979072868,he,1600.0
707,2026-09-01 13:54:50,gate3b_restricted_search,147,reference,26,0.011123093347767881,he,651.0
708,2026-09-01 13:54:51,gate3b_restricted_search,147,reference,27,0.023957568781667153,he,632.0
709,2026-09-01 13:54:51,gate3b_restricted_search,147,reference,28,0.0016511655805773625,xavier,1600.0
710,2026-09-01 13:54:52,gate3b_restricted_search,147,reference,29,0.005624124674326841,he,1600.0
711,2026-09-01 13:54:53,gate3b_restricted_search,147,reference,30,0.003202360617238367,xavier,1600.0
712,2026-09-01 13:54:53,gate3b_restricted_search,147,reference,31,0.02434874234139065,he,632.0
713,2026-09-01 13:54:54,gate3b_restricted_search,147,reference,32,0.015515511822437714,he,651.0
714,2026-09-01 13:54:55,gate3b_restricted_search,147,reference,33,0.06252260001796416,he,736.0
715,2026-09-01 13:54:55,gate3b_restricted_search,147,reference,34,0.09564631538636548,he,1600.0
716,2026-09-01 13:54:56,gate3b_restricted_search,147,reference,35,0.006316427777620403,he,601.0
717,2026-09-01 13:54:56,gate3b_restricted_search,147,reference,36,0.004664591324140993,orthogonal,1600.0
718,2026-09-01 13:54:57,gate3b_restricted_search,147,reference,37,0.0011048970593448666,he,1600.0
719,2026-09-01 13:54:58,gate3b_restricted_search,147,reference,38,0.006841918975535652,xavier,673.0
720,2026-09-01 13:54:58,gate3b_restricted_search,147,reference,39,0.011464747198590603,orthogonal,446.0
721,2026-09-01 13:54:59,gate3b_restricted_search,147,cold,0,0.0017826497151386949,xavier,1600.0
722,2026-09-01 13:54:59,gate3b_restricted_search,147,cold,1,0.0002755926764027377,orthogonal,1600.0
723,2026-09-01 13:55:00,gate3b_restricted_search,147,cold,2,0.0015498955191377143,orthogonal,1600.0
724,2026-09-01 13:55:01,gate3b_restricted_search,147,cold,3,0.00041054120168588934,xavier,1600.0
725,2026-09-01 13:55:01,gate3b_restricted_search,147,cold,4,0.001786135519762597,xavier,1600.0
726,2026-09-01 13:55:02,gate3b_restricted_search,147,cold,5,0.025248390936171015,xavier,1600.0
727,2026-09-01 13:55:03,gate3b_restricted_search,147,cold,6,0.04257625486011382,xavier,1600.0
728,2026-09-01 13:55:03,gate3b_restricted_search,147,cold,7,0.0003232148147351276,xavier,1600.0
729,2026-09-01 13:55:04,gate3b_restricted_search,147,cold,8,0.07475987911298648,he,1600.0
730,2026-09-01 13:55:04,gate3b_restricted_search,147,cold,9,0.011468398705751582,xavier,438.0
731,2026-09-01 13:55:05,gate3b_restricted_search,147,cold,10,0.013520030930076584,he,627.0
732,2026-09-01 13:55:05,gate3b_restricted_search,147,cold,11,0.012050318703919807,he,651.0
733,2026-09-01 13:55:06,gate3b_restricted_search,147,cold,12,0.008901992342500538,he,651.0
734,2026-09-01 13:55:06,gate3b_restricted_search,147,cold,13,0.007480156754080965,he,745.0
735,2026-09-01 13:55:07,gate3b_restricted_search,147,cold,14,0.01743266588357272,he,1600.0
736,2026-09-01 13:55:08,gate3b_restricted_search,147,informed_restricted,0,0.0017826497151386949,he,1600.0
737,2026-09-01 13:55:08,gate3b_restricted_search,147,informed_restricted,1,0.01448683388723935,he,651.0
738,2026-09-01 13:55:09,gate3b_restricted_search,147,informed_restricted,2,0.00010007903854383786,he,1600.0
739,2026-09-01 13:55:10,gate3b_restricted_search,147,informed_restricted,3,0.0008072307884499761,he,1600.0
740,2026-09-01 13:55:10,gate3b_restricted_search,147,informed_restricted,4,0.0002755926764027377,he,1600.0
741,2026-09-01 13:55:11,gate3b_restricted_search,147,informed_restricted,5,0.00018924123965722266,he,1600.0
742,2026-09-01 13:55:11,gate3b_restricted_search,147,informed_restricted,6,0.0003620600725744741,he,1600.0
743,2026-09-01 13:55:12,gate3b_restricted_search,147,informed_restricted,7,0.001088133500363589,he,1600.0
744,2026-09-01 13:55:13,gate3b_restricted_search,147,informed_restricted,8,0.0015498955191377143,he,1600.0
745,2026-09-01 13:55:13,gate3b_restricted_search,147,informed_restricted,9,0.00413475900783472,he,1600.0
746,2026-09-01 13:55:14,gate3b_restricted_search,147,informed_restricted,10,0.09290791998691832,he,1600.0
747,2026-09-01 13:55:15,gate3b_restricted_search,147,informed_restricted,11,0.012973330597331065,he,666.0
748,2026-09-01 13:55:16,gate3b_restricted_search,147,informed_restricted,12,0.016535107145461723,he,748.0
749,2026-09-01 13:55:16,gate3b_restricted_search,147,informed_restricted,13,0.01416591916805599,he,651.0
750,2026-09-01 13:55:17,gate3b_restricted_search,147,informed_restricted,14,0.028706522045155586,he,795.0
751,2026-09-01 13:55:18,gate3b_restricted_search,147,universal_restricted,0,0.0017826497151386949,xavier,1600.0
752,2026-09-01 13:55:18,gate3b_restricted_search,147,universal_restricted,1,0.01448683388723935,xavier,736.0
753,2026-09-01 13:55:19,gate3b_restricted_search,147,universal_restricted,2,0.00010007903854383786,xavier,1600.0
754,2026-09-01 13:55:20,gate3b_restricted_search,147,universal_restricted,3,0.0008072307884499761,xavier,1600.0
755,2026-09-01 13:55:21,gate3b_restricted_search,147,universal_restricted,4,0.0002755926764027377,xavier,1600.0
756,2026-09-01 13:55:21,gate3b_restricted_search,147,universal_restricted,5,0.00018924123965722266,xavier,1600.0
757,2026-09-01 13:55:22,gate3b_restricted_search,147,universal_restricted,6,0.0003620600725744741,xavier,1600.0
758,2026-09-01 13:55:22,gate3b_restricted_search,147,universal_restricted,7,0.001088133500363589,xavier,1600.0
759,2026-09-01 13:55:23,gate3b_restricted_search,147,universal_restricted,8,0.0015498955191377143,xavier,1600.0
760,2026-09-01 13:55:24,gate3b_restricted_search,147,universal_restricted,9,0.00413475900783472,xavier,1600.0
761,2026-09-01 13:55:25,gate3b_restricted_search,147,universal_restricted,10,0.09290791998691832,xavier,1600.0
762,2026-09-01 13:55:25,gate3b_restricted_search,147,universal_restricted,11,0.012973330597331065,xavier,623.0
763,2026-09-01 13:55:26,gate3b_restricted_search,147,universal_restricted,12,0.016535107145461723,xavier,784.0
764,2026-09-01 13:55:26,gate3b_restricted_search,147,universal_restricted,13,0.01416591916805599,xavier,745.0
765,2026-09-01 13:55:27,gate3b_restricted_search,147,universal_restricted,14,0.01553710788150454,xavier,712.0
766,2026-09-01 13:55:27,gate3b_restricted_search,148,reference,0,0.004430375245218269,xavier,61.0
767,2026-09-01 13:55:27,gate3b_restricted_search,148,reference,1,0.0018662266976517971,orthogonal,98.0
768,2026-09-01 13:55:27,gate3b_restricted_search,148,reference,2,0.07780155576901421,he,36.0
769,2026-09-01 13:55:27,gate3b_restricted_search,148,reference,3,0.005059803874660437,xavier,59.0
770,2026-09-01 13:55:28,gate3b_restricted_search,148,reference,4,0.00011498870747119459,orthogonal,1600.0
771,2026-09-01 13:55:28,gate3b_restricted_search,148,reference,5,0.08626905220714905,xavier,27.0
772,2026-09-01 13:55:28,gate3b_restricted_search,148,reference,6,0.00022637229697395497,orthogonal,490.0
773,2026-09-01 13:55:28,gate3b_restricted_search,148,reference,7,0.0036774346621052147,orthogonal,56.0
774,2026-09-01 13:55:28,gate3b_restricted_search,148,reference,8,0.0023358825194833557,orthogonal,76.0
775,2026-09-01 13:55:28,gate3b_restricted_search,148,reference,9,0.006859416411328701,he,57.0
776,2026-09-01 13:55:29,gate3b_restricted_search,148,reference,10,0.07162629642639848,xavier,27.0
777,2026-09-01 13:55:29,gate3b_restricted_search,148,reference,11,0.07216635702812188,xavier,27.0
778,2026-09-01 13:55:29,gate3b_restricted_search,148,reference,12,0.02365310875574803,xavier,34.0
779,2026-09-01 13:55:29,gate3b_restricted_search,148,reference,13,0.020534207875627673,xavier,34.0
780,2026-09-01 13:55:29,gate3b_restricted_search,148,reference,14,0.023951753262696922,xavier,36.0
781,2026-09-01 13:55:29,gate3b_restricted_search,148,reference,15,0.0839033390712048,xavier,22.0
782,2026-09-01 13:55:29,gate3b_restricted_search,148,reference,16,0.03927811376350381,xavier,35.0
783,2026-09-01 13:55:29,gate3b_restricted_search,148,reference,17,0.01107573455920372,he,32.0
784,2026-09-01 13:55:29,gate3b_restricted_search,148,reference,18,0.04075023934212166,xavier,32.0
785,2026-09-01 13:55:29,gate3b_restricted_search,148,reference,19,0.0010503533449916396,xavier,174.0
786,2026-09-01 13:55:29,gate3b_restricted_search,148,reference,20,0.011599640297318851,he,32.0
787,2026-09-01 13:55:29,gate3b_restricted_search,148,reference,21,0.09397627525560069,xavier,32.0
788,2026-09-01 13:55:29,gate3b_restricted_search,148,reference,22,0.050092157630370664,xavier,19.0
789,2026-09-01 13:55:29,gate3b_restricted_search,148,reference,23,0.04143715539486634,xavier,32.0
790,2026-09-01 13:55:29,gate3b_restricted_search,148,reference,24,0.04431122807139708,xavier,35.0
791,2026-09-01 13:55:29,gate3b_restricted_search,148,reference,25,0.015778307915707834,xavier,36.0
792,2026-09-01 13:55:29,gate3b_restricted_search,148,reference,26,0.05002371060472908,xavier,19.0
793,2026-09-01 13:55:29,gate3b_restricted_search,148,reference,27,0.03321184038433212,xavier,40.0
794,2026-09-01 13:55:29,gate3b_restricted_search,148,reference,28,0.05466981193586748,xavier,19.0
795,2026-09-01 13:55:29,gate3b_restricted_search,148,reference,29,0.01087772468223232,he,32.0
796,2026-09-01 13:55:29,gate3b_restricted_search,148,reference,30,0.05482167606663647,xavier,19.0
797,2026-09-01 13:55:29,gate3b_restricted_search,148,reference,31,0.049851913492759435,xavier,19.0
798,2026-09-01 13:55:29,gate3b_restricted_search,148,reference,32,0.02829915738647803,xavier,40.0
799,2026-09-01 13:55:29,gate3b_restricted_search,148,reference,33,0.05831049391272415,xavier,39.0
800,2026-09-01 13:55:29,gate3b_restricted_search,148,reference,34,0.0173119719039013,xavier,26.0
801,2026-09-01 13:55:29,gate3b_restricted_search,148,reference,35,0.055205689626113295,xavier,19.0
802,2026-09-01 13:55:30,gate3b_restricted_search,148,reference,36,0.0985008310472339,orthogonal,27.0
803,2026-09-01 13:55:30,gate3b_restricted_search,148,reference,37,0.029664162074889564,xavier,45.0
804,2026-09-01 13:55:30,gate3b_restricted_search,148,reference,38,0.014995158089081091,he,32.0
805,2026-09-01 13:55:30,gate3b_restricted_search,148,reference,39,0.0005329200247232395,orthogonal,220.0
806,2026-09-01 13:55:30,gate3b_restricted_search,148,cold,0,0.0017826497151386949,xavier,103.0
807,2026-09-01 13:55:30,gate3b_restricted_search,148,cold,1,0.0002755926764027377,orthogonal,442.0
808,2026-09-01 13:55:30,gate3b_restricted_search,148,cold,2,0.0015498955191377143,orthogonal,103.0
809,2026-09-01 13:55:31,gate3b_restricted_search,148,cold,3,0.00041054120168588934,xavier,331.0
810,2026-09-01 13:55:31,gate3b_restricted_search,148,cold,4,0.001786135519762597,xavier,103.0
811,2026-09-01 13:55:31,gate3b_restricted_search,148,cold,5,0.025248390936171015,xavier,36.0
812,2026-09-01 13:55:31,gate3b_restricted_search,148,cold,6,0.04257625486011382,xavier,32.0
813,2026-09-01 13:55:31,gate3b_restricted_search,148,cold,7,0.0003232148147351276,xavier,442.0
814,2026-09-01 13:55:31,gate3b_restricted_search,148,cold,8,0.07475987911298648,he,36.0
815,2026-09-01 13:55:31,gate3b_restricted_search,148,cold,9,0.011468398705751582,xavier,32.0
816,2026-09-01 13:55:31,gate3b_restricted_search,148,cold,10,0.013520030930076584,he,32.0
817,2026-09-01 13:55:31,gate3b_restricted_search,148,cold,11,0.012050318703919807,he,32.0
818,2026-09-01 13:55:31,gate3b_restricted_search,148,cold,12,0.008901992342500538,he,52.0
819,2026-09-01 13:55:31,gate3b_restricted_search,148,cold,13,0.007480156754080965,he,57.0
820,2026-09-01 13:55:31,gate3b_restricted_search,148,cold,14,0.01743266588357272,he,32.0
821,2026-09-01 13:55:31,gate3b_restricted_search,148,informed_restricted,0,0.0017826497151386949,orthogonal,98.0
822,2026-09-01 13:55:31,gate3b_restricted_search,148,informed_restricted,1,0.01448683388723935,orthogonal,32.0
823,2026-09-01 13:55:32,gate3b_restricted_search,148,informed_restricted,2,0.00010007903854383786,orthogonal,1600.0
824,2026-09-01 13:55:32,gate3b_restricted_search,148,informed_restricted,3,0.0008072307884499761,orthogonal,181.0
825,2026-09-01 13:55:33,gate3b_restricted_search,148,informed_restricted,4,0.0002755926764027377,orthogonal,442.0
826,2026-09-01 13:55:33,gate3b_restricted_search,148,informed_restricted,5,0.00018924123965722266,orthogonal,645.0
827,2026-09-01 13:55:33,gate3b_restricted_search,148,informed_restricted,6,0.0003620600725744741,orthogonal,331.0
828,2026-09-01 13:55:34,gate3b_restricted_search,148,informed_restricted,7,0.001088133500363589,orthogonal,131.0
829,2026-09-01 13:55:34,gate3b_restricted_search,148,informed_restricted,8,0.0015498955191377143,orthogonal,103.0
830,2026-09-01 13:55:34,gate3b_restricted_search,148,informed_restricted,9,0.00413475900783472,orthogonal,56.0
831,2026-09-01 13:55:34,gate3b_restricted_search,148,informed_restricted,10,0.09290791998691832,orthogonal,24.0
832,2026-09-01 13:55:34,gate3b_restricted_search,148,informed_restricted,11,0.07785058870653301,orthogonal,32.0
833,2026-09-01 13:55:34,gate3b_restricted_search,148,informed_restricted,12,0.0797234062203645,orthogonal,31.0
834,2026-09-01 13:55:34,gate3b_restricted_search,148,informed_restricted,13,0.017223705768801514,orthogonal,32.0
835,2026-09-01 13:55:34,gate3b_restricted_search,148,informed_restricted,14,0.02354874493860281,orthogonal,39.0
836,2026-09-01 13:55:34,gate3b_restricted_search,148,universal_restricted,0,0.0017826497151386949,xavier,103.0
837,2026-09-01 13:55:34,gate3b_restricted_search,148,universal_restricted,1,0.01448683388723935,xavier,40.0
838,2026-09-01 13:55:35,gate3b_restricted_search,148,universal_restricted,2,0.00010007903854383786,xavier,1600.0
839,2026-09-01 13:55:35,gate3b_restricted_search,148,universal_restricted,3,0.0008072307884499761,xavier,194.0
840,2026-09-01 13:55:35,gate3b_restricted_search,148,universal_restricted,4,0.0002755926764027377,xavier,444.0
841,2026-09-01 13:55:36,gate3b_restricted_search,148,universal_restricted,5,0.00018924123965722266,xavier,661.0
842,2026-09-01 13:55:36,gate3b_restricted_search,148,universal_restricted,6,0.0003620600725744741,xavier,358.0
843,2026-09-01 13:55:36,gate3b_restricted_search,148,universal_restricted,7,0.001088133500363589,xavier,154.0
844,2026-09-01 13:55:36,gate3b_restricted_search,148,universal_restricted,8,0.0015498955191377143,xavier,117.0
845,2026-09-01 13:55:36,gate3b_restricted_search,148,universal_restricted,9,0.00413475900783472,xavier,61.0
846,2026-09-01 13:55:36,gate3b_restricted_search,148,universal_restricted,10,0.09290791998691832,xavier,44.0
847,2026-09-01 13:55:36,gate3b_restricted_search,148,universal_restricted,11,0.07785058870653301,xavier,27.0
848,2026-09-01 13:55:36,gate3b_restricted_search,148,universal_restricted,12,0.0464700795252923,xavier,36.0
849,2026-09-01 13:55:36,gate3b_restricted_search,148,universal_restricted,13,0.09182660868186439,xavier,32.0
850,2026-09-01 13:55:37,gate3b_restricted_search,148,universal_restricted,14,0.02354874493860281,xavier,34.0
851,2026-09-01 13:55:37,gate3b_restricted_search,150,reference,0,0.004430375245218269,xavier,468.0
852,2026-09-01 13:55:38,gate3b_restricted_search,150,reference,1,0.0018662266976517971,orthogonal,1600.0
853,2026-09-01 13:55:38,gate3b_restricted_search,150,reference,2,0.07780155576901421,he,1600.0
854,2026-09-01 13:55:39,gate3b_restricted_search,150,reference,3,0.005059803874660437,xavier,544.0
855,2026-09-01 13:55:39,gate3b_restricted_search,150,reference,4,0.00011498870747119459,orthogonal,1600.0
856,2026-09-01 13:55:40,gate3b_restricted_search,150,reference,5,0.08626905220714905,xavier,1600.0
857,2026-09-01 13:55:41,gate3b_restricted_search,150,reference,6,0.00022637229697395497,orthogonal,1600.0
858,2026-09-01 13:55:41,gate3b_restricted_search,150,reference,7,0.0036774346621052147,orthogonal,626.0
859,2026-09-01 13:55:42,gate3b_restricted_search,150,reference,8,0.0023358825194833557,orthogonal,1600.0
860,2026-09-01 13:55:42,gate3b_restricted_search,150,reference,9,0.006859416411328701,he,565.0
861,2026-09-01 13:55:43,gate3b_restricted_search,150,reference,10,0.019907506982928588,xavier,324.0
862,2026-09-01 13:55:43,gate3b_restricted_search,150,reference,11,0.020814104803987817,xavier,339.0
863,2026-09-01 13:55:43,gate3b_restricted_search,150,reference,12,0.021644937500336026,xavier,398.0
864,2026-09-01 13:55:44,gate3b_restricted_search,150,reference,13,0.020527514539894275,xavier,501.0
865,2026-09-01 13:55:44,gate3b_restricted_search,150,reference,14,0.021178889448851296,xavier,501.0
866,2026-09-01 13:55:45,gate3b_restricted_search,150,reference,15,0.000694465168883101,xavier,1600.0
867,2026-09-01 13:55:45,gate3b_restricted_search,150,reference,16,0.011599421468819674,xavier,456.0
868,2026-09-01 13:55:46,gate3b_restricted_search,150,reference,17,0.0385998309482012,he,1600.0
869,2026-09-01 13:55:46,gate3b_restricted_search,150,reference,18,0.042140601439425406,xavier,752.0
870,2026-09-01 13:55:47,gate3b_restricted_search,150,reference,19,0.010284672764162348,xavier,549.0
871,2026-09-01 13:55:47,gate3b_restricted_search,150,reference,20,0.0009712798508231742,he,1600.0
872,2026-09-01 13:55:48,gate3b_restricted_search,150,reference,21,0.019944093242273486,xavier,544.0
873,2026-09-01 13:55:48,gate3b_restricted_search,150,reference,22,0.04589899866247784,xavier,1600.0
874,2026-09-01 13:55:49,gate3b_restricted_search,150,reference,23,0.011855144358031231,xavier,456.0
875,2026-09-01 13:55:49,gate3b_restricted_search,150,reference,24,0.02590845460307929,xavier,638.0
876,2026-09-01 13:55:50,gate3b_restricted_search,150,reference,25,0.009263396141036433,xavier,544.0
877,2026-09-01 13:55:51,gate3b_restricted_search,150,reference,26,0.05216046206469252,xavier,1600.0
878,2026-09-01 13:55:51,gate3b_restricted_search,150,reference,27,0.014073534254354876,xavier,616.0
879,2026-09-01 13:55:51,gate3b_restricted_search,150,reference,28,0.029884139767470782,he,519.0
880,2026-09-01 13:55:52,gate3b_restricted_search,150,reference,29,0.006161549310231957,xavier,626.0
881,2026-09-01 13:55:53,gate3b_restricted_search,150,reference,30,0.0030362340943985407,xavier,797.0
882,2026-09-01 13:55:53,gate3b_restricted_search,150,reference,31,0.0015227622664444232,xavier,1600.0
883,2026-09-01 13:55:54,gate3b_restricted_search,150,reference,32,0.01563896763139383,xavier,435.0
884,2026-09-01 13:55:54,gate3b_restricted_search,150,reference,33,0.06492694861889084,xavier,534.0
885,2026-09-01 13:55:55,gate3b_restricted_search,150,reference,34,0.004182933103411075,orthogonal,697.0
886,2026-09-01 13:55:55,gate3b_restricted_search,150,reference,35,0.007791440450518857,xavier,468.0
887,2026-09-01 13:55:56,gate3b_restricted_search,150,reference,36,0.09599785628606218,xavier,1600.0
888,2026-09-01 13:55:56,gate3b_restricted_search,150,reference,37,0.0006248848564126178,orthogonal,1600.0
889,2026-09-01 13:55:57,gate3b_restricted_search,150,reference,38,0.005508556301434098,he,544.0
890,2026-09-01 13:55:57,gate3b_restricted_search,150,reference,39,0.03258259333601196,xavier,1600.0
891,2026-09-01 13:55:58,gate3b_restricted_search,150,cold,0,0.0017826497151386949,xavier,1600.0
892,2026-09-01 13:55:59,gate3b_restricted_search,150,cold,1,0.0002755926764027377,orthogonal,1600.0
893,2026-09-01 13:55:59,gate3b_restricted_search,150,cold,2,0.0015498955191377143,orthogonal,1600.0
894,2026-09-01 13:56:00,gate3b_restricted_search,150,cold,3,0.00041054120168588934,xavier,1600.0
895,2026-09-01 13:56:01,gate3b_restricted_search,150,cold,4,0.001786135519762597,xavier,1600.0
896,2026-09-01 13:56:01,gate3b_restricted_search,150,cold,5,0.025248390936171015,xavier,696.0
897,2026-09-01 13:56:02,gate3b_restricted_search,150,cold,6,0.04257625486011382,xavier,698.0
898,2026-09-01 13:56:02,gate3b_restricted_search,150,cold,7,0.0003232148147351276,xavier,1600.0
899,2026-09-01 13:56:03,gate3b_restricted_search,150,cold,8,0.07475987911298648,he,1600.0
900,2026-09-01 13:56:03,gate3b_restricted_search,150,cold,9,0.011468398705751582,xavier,532.0
901,2026-09-01 13:56:04,gate3b_restricted_search,150,cold,10,0.013520030930076584,he,488.0
902,2026-09-01 13:56:04,gate3b_restricted_search,150,cold,11,0.012050318703919807,he,433.0
903,2026-09-01 13:56:05,gate3b_restricted_search,150,cold,12,0.008159364238707795,he,544.0
904,2026-09-01 13:56:05,gate3b_restricted_search,150,cold,13,0.006844410962507337,he,566.0
905,2026-09-01 13:56:05,gate3b_restricted_search,150,cold,14,0.01743266588357272,he,427.0
906,2026-09-01 13:56:06,gate3b_restricted_search,150,informed_restricted,0,0.0017826497151386949,he,1600.0
907,2026-09-01 13:56:07,gate3b_restricted_search,150,informed_restricted,1,0.01448683388723935,he,435.0
908,2026-09-01 13:56:07,gate3b_restricted_search,150,informed_restricted,2,0.00010007903854383786,he,1600.0
909,2026-09-01 13:56:08,gate3b_restricted_search,150,informed_restricted,3,0.0008072307884499761,he,1600.0
910,2026-09-01 13:56:09,gate3b_restricted_search,150,informed_restricted,4,0.0002755926764027377,he,1600.0
911,2026-09-01 13:56:09,gate3b_restricted_search,150,informed_restricted,5,0.00018924123965722266,he,1600.0
912,2026-09-01 13:56:10,gate3b_restricted_search,150,informed_restricted,6,0.0003620600725744741,he,1600.0
913,2026-09-01 13:56:10,gate3b_restricted_search,150,informed_restricted,7,0.001088133500363589,he,1600.0
914,2026-09-01 13:56:11,gate3b_restricted_search,150,informed_restricted,8,0.0015498955191377143,he,1600.0
915,2026-09-01 13:56:12,gate3b_restricted_search,150,informed_restricted,9,0.00413475900783472,he,697.0
916,2026-09-01 13:56:12,gate3b_restricted_search,150,informed_restricted,10,0.09290791998691832,he,675.0
917,2026-09-01 13:56:13,gate3b_restricted_search,150,informed_restricted,11,0.07785058870653301,he,1600.0
918,2026-09-01 13:56:13,gate3b_restricted_search,150,informed_restricted,12,0.0797234062203645,he,1600.0
919,2026-09-01 13:56:14,gate3b_restricted_search,150,informed_restricted,13,0.017223705768801514,he,339.0
920,2026-09-01 13:56:14,gate3b_restricted_search,150,informed_restricted,14,0.01553710788150454,he,339.0
921,2026-09-01 13:56:15,gate3b_restricted_search,150,universal_restricted,0,0.0017826497151386949,xavier,1600.0
922,2026-09-01 13:56:15,gate3b_restricted_search,150,universal_restricted,1,0.01448683388723935,xavier,435.0
923,2026-09-01 13:56:16,gate3b_restricted_search,150,universal_restricted,2,0.00010007903854383786,xavier,1600.0
924,2026-09-01 13:56:16,gate3b_restricted_search,150,universal_restricted,3,0.0008072307884499761,xavier,1600.0
925,2026-09-01 13:56:17,gate3b_restricted_search,150,universal_restricted,4,0.0002755926764027377,xavier,1600.0
926,2026-09-01 13:56:18,gate3b_restricted_search,150,universal_restricted,5,0.00018924123965722266,xavier,1600.0
927,2026-09-01 13:56:18,gate3b_restricted_search,150,universal_restricted,6,0.0003620600725744741,xavier,1600.0
928,2026-09-01 13:56:19,gate3b_restricted_search,150,universal_restricted,7,0.001088133500363589,xavier,1600.0
929,2026-09-01 13:56:20,gate3b_restricted_search,150,universal_restricted,8,0.0015498955191377143,xavier,1600.0
930,2026-09-01 13:56:20,gate3b_restricted_search,150,universal_restricted,9,0.00413475900783472,xavier,468.0
931,2026-09-01 13:56:21,gate3b_restricted_search,150,universal_restricted,10,0.09290791998691832,xavier,1600.0
932,2026-09-01 13:56:21,gate3b_restricted_search,150,universal_restricted,11,0.011930383561222451,xavier,387.0
933,2026-09-01 13:56:22,gate3b_restricted_search,150,universal_restricted,12,0.016535107145461723,xavier,271.0
934,2026-09-01 13:56:22,gate3b_restricted_search,150,universal_restricted,13,0.01718356475580144,xavier,328.0
935,2026-09-01 13:56:22,gate3b_restricted_search,150,universal_restricted,14,0.045819362061605,xavier,1600.0
936,2026-09-01 13:56:23,gate3b_restricted_search,151,reference,0,0.004430375245218269,xavier,80.0
937,2026-09-01 13:56:23,gate3b_restricted_search,151,reference,1,0.0018662266976517971,orthogonal,132.0
938,2026-09-01 13:56:23,gate3b_restricted_search,151,reference,2,0.07780155576901421,he,51.0
939,2026-09-01 13:56:23,gate3b_restricted_search,151,reference,3,0.005059803874660437,xavier,80.0
940,2026-09-01 13:56:24,gate3b_restricted_search,151,reference,4,0.00011498870747119459,orthogonal,1600.0
941,2026-09-01 13:56:24,gate3b_restricted_search,151,reference,5,0.08626905220714905,xavier,51.0
942,2026-09-01 13:56:24,gate3b_restricted_search,151,reference,6,0.00022637229697395497,orthogonal,755.0
943,2026-09-01 13:56:25,gate3b_restricted_search,151,reference,7,0.0036774346621052147,orthogonal,71.0
944,2026-09-01 13:56:25,gate3b_restricted_search,151,reference,8,0.0023358825194833557,orthogonal,132.0
945,2026-09-01 13:56:25,gate3b_restricted_search,151,reference,9,0.006859416411328701,he,97.0
946,2026-09-01 13:56:25,gate3b_restricted_search,151,reference,10,0.07156452541054531,he,51.0
947,2026-09-01 13:56:25,gate3b_restricted_search,151,reference,11,0.07216635702812188,xavier,45.0
948,2026-09-01 13:56:25,gate3b_restricted_search,151,reference,12,0.02542434762936629,he,64.0
949,2026-09-01 13:56:25,gate3b_restricted_search,151,reference,13,0.020527514539894275,he,80.0
950,2026-09-01 13:56:25,gate3b_restricted_search,151,reference,14,0.022874327706749274,xavier,51.0
951,2026-09-01 13:56:25,gate3b_restricted_search,151,reference,15,0.04480226290415168,he,40.0
952,2026-09-01 13:56:25,gate3b_restricted_search,151,reference,16,0.03569545261285185,xavier,60.0
953,2026-09-01 13:56:25,gate3b_restricted_search,151,reference,17,0.012267820562355597,he,64.0
954,2026-09-01 13:56:25,gate3b_restricted_search,151,reference,18,0.04135341256901734,xavier,33.0
955,2026-09-01 13:56:25,gate3b_restricted_search,151,reference,19,0.0010503533449916396,xavier,219.0
956,2026-09-01 13:56:25,gate3b_restricted_search,151,reference,20,0.04011473589633689,he,60.0
957,2026-09-01 13:56:25,gate3b_restricted_search,151,reference,21,0.012700120322056837,xavier,64.0
958,2026-09-01 13:56:26,gate3b_restricted_search,151,reference,22,0.04771573031457399,xavier,40.0
959,2026-09-01 13:56:26,gate3b_restricted_search,151,reference,23,0.010155063855043101,xavier,64.0
960,2026-09-01 13:56:26,gate3b_restricted_search,151,reference,24,0.04557386826671009,xavier,40.0
961,2026-09-01 13:56:26,gate3b_restricted_search,151,reference,25,0.04293421690046496,xavier,33.0
962,2026-09-01 13:56:26,gate3b_restricted_search,151,reference,26,0.017324168066323774,he,80.0
963,2026-09-01 13:56:26,gate3b_restricted_search,151,reference,27,0.03137048559313179,xavier,60.0
964,2026-09-01 13:56:26,gate3b_restricted_search,151,reference,28,0.051115481359684946,xavier,64.0
965,2026-09-01 13:56:26,gate3b_restricted_search,151,reference,29,0.009191777712733365,he,64.0
966,2026-09-01 13:56:26,gate3b_restricted_search,151,reference,30,0.09865659655619732,xavier,60.0
967,2026-09-01 13:56:26,gate3b_restricted_search,151,reference,31,0.05444672342183984,xavier,60.0
968,2026-09-01 13:56:26,gate3b_restricted_search,151,reference,32,0.01773722436975709,xavier,60.0
969,2026-09-01 13:56:26,gate3b_restricted_search,151,reference,33,0.030022344093951363,xavier,45.0
970,2026-09-01 13:56:26,gate3b_restricted_search,151,reference,34,0.053895807832220005,xavier,60.0
971,2026-09-01 13:56:26,gate3b_restricted_search,151,reference,35,0.030313537918189137,xavier,60.0
972,2026-09-01 13:56:26,gate3b_restricted_search,151,reference,36,0.09811388576860376,orthogonal,89.0
973,2026-09-01 13:56:26,gate3b_restricted_search,151,reference,37,0.06202866461176477,xavier,55.0
974,2026-09-01 13:56:26,gate3b_restricted_search,151,reference,38,0.015353096584800744,he,85.0
975,2026-09-01 13:56:27,gate3b_restricted_search,151,reference,39,0.0005329200247232395,orthogonal,382.0
976,2026-09-01 13:56:27,gate3b_restricted_search,151,cold,0,0.0017826497151386949,xavier,165.0
977,2026-09-01 13:56:27,gate3b_restricted_search,151,cold,1,0.0002755926764027377,orthogonal,576.0
978,2026-09-01 13:56:28,gate3b_restricted_search,151,cold,2,0.0015498955191377143,orthogonal,143.0
979,2026-09-01 13:56:28,gate3b_restricted_search,151,cold,3,0.00041054120168588934,xavier,405.0
980,2026-09-01 13:56:28,gate3b_restricted_search,151,cold,4,0.001786135519762597,xavier,165.0
981,2026-09-01 13:56:28,gate3b_restricted_search,151,cold,5,0.025248390936171015,xavier,60.0
982,2026-09-01 13:56:28,gate3b_restricted_search,151,cold,6,0.04257625486011382,xavier,33.0
983,2026-09-01 13:56:29,gate3b_restricted_search,151,cold,7,0.0003232148147351276,xavier,664.0
984,2026-09-01 13:56:29,gate3b_restricted_search,151,cold,8,0.07475987911298648,he,51.0
985,2026-09-01 13:56:29,gate3b_restricted_search,151,cold,9,0.011468398705751582,xavier,64.0
986,2026-09-01 13:56:29,gate3b_restricted_search,151,cold,10,0.09344501034181055,he,40.0
987,2026-09-01 13:56:29,gate3b_restricted_search,151,cold,11,0.0797234062203645,he,40.0
988,2026-09-01 13:56:29,gate3b_restricted_search,151,cold,12,0.017140882277504783,he,80.0
989,2026-09-01 13:56:29,gate3b_restricted_search,151,cold,13,0.04179764115437302,he,60.0
990,2026-09-01 13:56:29,gate3b_restricted_search,151,cold,14,0.007330807339450185,he,97.0
991,2026-09-01 13:56:29,gate3b_restricted_search,151,informed_restricted,0,0.0017826497151386949,orthogonal,143.0
992,2026-09-01 13:56:29,gate3b_restricted_search,151,informed_restricted,1,0.01448683388723935,orthogonal,40.0
993,2026-09-01 13:56:30,gate3b_restricted_search,151,informed_restricted,2,0.00010007903854383786,orthogonal,1600.0
994,2026-09-01 13:56:30,gate3b_restricted_search,151,informed_restricted,3,0.0008072307884499761,orthogonal,291.0
995,2026-09-01 13:56:31,gate3b_restricted_search,151,informed_restricted,4,0.0002755926764027377,orthogonal,576.0
996,2026-09-01 13:56:32,gate3b_restricted_search,151,informed_restricted,5,0.00018924123965722266,orthogonal,755.0
997,2026-09-01 13:56:32,gate3b_restricted_search,151,informed_restricted,6,0.0003620600725744741,orthogonal,440.0
998,2026-09-01 13:56:32,gate3b_restricted_search,151,informed_restricted,7,0.001088133500363589,orthogonal,207.0
999,2026-09-01 13:56:33,gate3b_restricted_search,151,informed_restricted,8,0.0015498955191377143,orthogonal,143.0
1000,2026-09-01 13:56:33,gate3b_restricted_search,151,informed_restricted,9,0.00413475900783472,orthogonal,71.0
1001,2026-09-01 13:56:33,gate3b_restricted_search,151,informed_restricted,10,0.09290791998691832,orthogonal,25.0
1002,2026-09-01 13:56:33,gate3b_restricted_search,151,informed_restricted,11,0.07785058870653301,orthogonal,51.0
1003,2026-09-01 13:56:33,gate3b_restricted_search,151,informed_restricted,12,0.0797234062203645,orthogonal,51.0
1004,2026-09-01 13:56:33,gate3b_restricted_search,151,informed_restricted,13,0.017223705768801514,orthogonal,45.0
1005,2026-09-01 13:56:33,gate3b_restricted_search,151,informed_restricted,14,0.02354874493860281,orthogonal,25.0
1006,2026-09-01 13:56:33,gate3b_restricted_search,151,universal_restricted,0,0.0017826497151386949,xavier,165.0
1007,2026-09-01 13:56:33,gate3b_restricted_search,151,universal_restricted,1,0.01448683388723935,xavier,64.0
1008,2026-09-01 13:56:34,gate3b_restricted_search,151,universal_restricted,2,0.00010007903854383786,xavier,1600.0
1009,2026-09-01 13:56:35,gate3b_restricted_search,151,universal_restricted,3,0.0008072307884499761,xavier,329.0
1010,2026-09-01 13:56:35,gate3b_restricted_search,151,universal_restricted,4,0.0002755926764027377,xavier,677.0
1011,2026-09-01 13:56:36,gate3b_restricted_search,151,universal_restricted,5,0.00018924123965722266,xavier,755.0
1012,2026-09-01 13:56:36,gate3b_restricted_search,151,universal_restricted,6,0.0003620600725744741,xavier,664.0
1013,2026-09-01 13:56:37,gate3b_restricted_search,151,universal_restricted,7,0.001088133500363589,xavier,219.0
1014,2026-09-01 13:56:37,gate3b_restricted_search,151,universal_restricted,8,0.0015498955191377143,xavier,165.0
1015,2026-09-01 13:56:37,gate3b_restricted_search,151,universal_restricted,9,0.00413475900783472,xavier,100.0
1016,2026-09-01 13:56:37,gate3b_restricted_search,151,universal_restricted,10,0.09290791998691832,xavier,89.0
1017,2026-09-01 13:56:37,gate3b_restricted_search,151,universal_restricted,11,0.07785058870653301,xavier,118.0
1018,2026-09-01 13:56:37,gate3b_restricted_search,151,universal_restricted,12,0.0797234062203645,xavier,117.0
1019,2026-09-01 13:56:37,gate3b_restricted_search,151,universal_restricted,13,0.017223705768801514,xavier,51.0
1020,2026-09-01 13:56:37,gate3b_restricted_search,151,universal_restricted,14,0.01553710788150454,xavier,60.0
1021,2026-09-01 13:56:38,gate3b_restricted_search,155,reference,0,0.004430375245218269,xavier,281.0
1022,2026-09-01 13:56:38,gate3b_restricted_search,155,reference,1,0.0018662266976517971,orthogonal,473.0
1023,2026-09-01 13:56:39,gate3b_restricted_search,155,reference,2,0.07780155576901421,he,419.0
1024,2026-09-01 13:56:39,gate3b_restricted_search,155,reference,3,0.005059803874660437,xavier,248.0
1025,2026-09-01 13:56:40,gate3b_restricted_search,155,reference,4,0.00011498870747119459,orthogonal,1600.0
1026,2026-09-01 13:56:40,gate3b_restricted_search,155,reference,5,0.08626905220714905,xavier,465.0
1027,2026-09-01 13:56:41,gate3b_restricted_search,155,reference,6,0.00022637229697395497,orthogonal,1600.0
1028,2026-09-01 13:56:41,gate3b_restricted_search,155,reference,7,0.0036774346621052147,orthogonal,331.0
1029,2026-09-01 13:56:41,gate3b_restricted_search,155,reference,8,0.0023358825194833557,orthogonal,467.0
1030,2026-09-01 13:56:42,gate3b_restricted_search,155,reference,9,0.006859416411328701,he,251.0
1031,2026-09-01 13:56:42,gate3b_restricted_search,155,reference,10,0.019907506982928588,he,122.0
1032,2026-09-01 13:56:42,gate3b_restricted_search,155,reference,11,0.020814104803987817,he,200.0
1033,2026-09-01 13:56:42,gate3b_restricted_search,155,reference,12,0.021644937500336026,he,170.0
1034,2026-09-01 13:56:42,gate3b_restricted_search,155,reference,13,0.020527514539894275,he,197.0
1035,2026-09-01 13:56:42,gate3b_restricted_search,155,reference,14,0.021178889448851296,he,151.0
1036,2026-09-01 13:56:43,gate3b_restricted_search,155,reference,15,0.000694465168883101,he,1600.0
1037,2026-09-01 13:56:43,gate3b_restricted_search,155,reference,16,0.011599421468819674,he,209.0
1038,2026-09-01 13:56:43,gate3b_restricted_search,155,reference,17,0.038899342047540496,he,170.0
1039,2026-09-01 13:56:44,gate3b_restricted_search,155,reference,18,0.042140601439425406,he,197.0
1040,2026-09-01 13:56:44,gate3b_restricted_search,155,reference,19,0.010409344933850779,he,209.0
1041,2026-09-01 13:56:44,gate3b_restricted_search,155,reference,20,0.0009712798508231742,xavier,647.0
1042,2026-09-01 13:56:45,gate3b_restricted_search,155,reference,21,0.034219477076590364,he,153.0
1043,2026-09-01 13:56:45,gate3b_restricted_search,155,reference,22,0.03303641876502784,he,94.0
1044,2026-09-01 13:56:45,gate3b_restricted_search,155,reference,23,0.010155063855043101,he,251.0
1045,2026-09-01 13:56:45,gate3b_restricted_search,155,reference,24,0.051420971999288904,he,211.0
1046,2026-09-01 13:56:45,gate3b_restricted_search,155,reference,25,0.015591547159648257,he,122.0
1047,2026-09-01 13:56:45,gate3b_restricted_search,155,reference,26,0.013779224251472568,he,209.0
1048,2026-09-01 13:56:46,gate3b_restricted_search,155,reference,27,0.06458754937563391,he,311.0
1049,2026-09-01 13:56:46,gate3b_restricted_search,155,reference,28,0.029884139767470782,xavier,153.0
1050,2026-09-01 13:56:46,gate3b_restricted_search,155,reference,29,0.006816384595663999,he,251.0
1051,2026-09-01 13:56:47,gate3b_restricted_search,155,reference,30,0.09865659655619732,xavier,528.0
1052,2026-09-01 13:56:47,gate3b_restricted_search,155,reference,31,0.03023944515395962,xavier,151.0
1053,2026-09-01 13:56:47,gate3b_restricted_search,155,reference,32,0.017077547858514373,xavier,177.0
1054,2026-09-01 13:56:47,gate3b_restricted_search,155,reference,33,0.02908790864063317,xavier,122.0
1055,2026-09-01 13:56:47,gate3b_restricted_search,155,reference,34,0.056790899104191085,xavier,197.0
1056,2026-09-01 13:56:47,gate3b_restricted_search,155,reference,35,0.008774176305144864,xavier,226.0
1057,2026-09-01 13:56:48,gate3b_restricted_search,155,reference,36,0.003891185912833557,orthogonal,331.0
1058,2026-09-01 13:56:48,gate3b_restricted_search,155,reference,37,0.016084356133623946,xavier,177.0
1059,2026-09-01 13:56:48,gate3b_restricted_search,155,reference,38,0.005563612484654995,he,248.0
1060,2026-09-01 13:56:48,gate3b_restricted_search,155,reference,39,0.02933482255045717,orthogonal,158.0
1061,2026-09-01 13:56:49,gate3b_restricted_search,155,cold,0,0.0017826497151386949,xavier,381.0
1062,2026-09-01 13:56:49,gate3b_restricted_search,155,cold,1,0.0002755926764027377,orthogonal,1600.0
1063,2026-09-01 13:56:50,gate3b_restricted_search,155,cold,2,0.0015498955191377143,orthogonal,559.0
1064,2026-09-01 13:56:51,gate3b_restricted_search,155,cold,3,0.00041054120168588934,xavier,1600.0
1065,2026-09-01 13:56:51,gate3b_restricted_search,155,cold,4,0.001786135519762597,xavier,381.0
1066,2026-09-01 13:56:51,gate3b_restricted_search,155,cold,5,0.025248390936171015,xavier,153.0
1067,2026-09-01 13:56:51,gate3b_restricted_search,155,cold,6,0.04257625486011382,xavier,225.0
1068,2026-09-01 13:56:52,gate3b_restricted_search,155,cold,7,0.0003232148147351276,xavier,1600.0
1069,2026-09-01 13:56:52,gate3b_restricted_search,155,cold,8,0.07475987911298648,he,252.0
1070,2026-09-01 13:56:52,gate3b_restricted_search,155,cold,9,0.011468398705751582,xavier,181.0
1071,2026-09-01 13:56:52,gate3b_restricted_search,155,cold,10,0.014576193863035302,he,209.0
1072,2026-09-01 13:56:53,gate3b_restricted_search,155,cold,11,0.010686274357222558,xavier,209.0
1073,2026-09-01 13:56:53,gate3b_restricted_search,155,cold,12,0.012490731612965383,xavier,148.0
1074,2026-09-01 13:56:53,gate3b_restricted_search,155,cold,13,0.023860671076111128,xavier,122.0
1075,2026-09-01 13:56:53,gate3b_restricted_search,155,cold,14,0.030343527652196604,orthogonal,153.0
1076,2026-09-01 13:56:53,gate3b_restricted_search,155,informed_restricted,0,0.0017826497151386949,orthogonal,473.0
1077,2026-09-01 13:56:54,gate3b_restricted_search,155,informed_restricted,1,0.01448683388723935,orthogonal,197.0
1078,2026-09-01 13:56:55,gate3b_restricted_search,155,informed_restricted,2,0.00010007903854383786,orthogonal,1600.0
1079,2026-09-01 13:56:55,gate3b_restricted_search,155,informed_restricted,3,0.0008072307884499761,orthogonal,722.0
1080,2026-09-01 13:56:56,gate3b_restricted_search,155,informed_restricted,4,0.0002755926764027377,orthogonal,1600.0
1081,2026-09-01 13:56:56,gate3b_restricted_search,155,informed_restricted,5,0.00018924123965722266,orthogonal,1600.0
1082,2026-09-01 13:56:57,gate3b_restricted_search,155,informed_restricted,6,0.0003620600725744741,orthogonal,1600.0
1083,2026-09-01 13:56:58,gate3b_restricted_search,155,informed_restricted,7,0.001088133500363589,orthogonal,693.0
1084,2026-09-01 13:56:58,gate3b_restricted_search,155,informed_restricted,8,0.0015498955191377143,orthogonal,559.0
1085,2026-09-01 13:56:58,gate3b_restricted_search,155,informed_restricted,9,0.00413475900783472,orthogonal,323.0
1086,2026-09-01 13:56:59,gate3b_restricted_search,155,informed_restricted,10,0.09290791998691832,orthogonal,385.0
1087,2026-09-01 13:56:59,gate3b_restricted_search,155,informed_restricted,11,0.011930383561222451,orthogonal,130.0
1088,2026-09-01 13:56:59,gate3b_restricted_search,155,informed_restricted,12,0.016535107145461723,orthogonal,197.0
1089,2026-09-01 13:56:59,gate3b_restricted_search,155,informed_restricted,13,0.01416591916805599,orthogonal,197.0
1090,2026-09-01 13:56:59,gate3b_restricted_search,155,informed_restricted,14,0.01553710788150454,orthogonal,197.0
1091,2026-09-01 13:57:00,gate3b_restricted_search,155,universal_restricted,0,0.0017826497151386949,xavier,381.0
1092,2026-09-01 13:57:00,gate3b_restricted_search,155,universal_restricted,1,0.01448683388723935,xavier,148.0
1093,2026-09-01 13:57:01,gate3b_restricted_search,155,universal_restricted,2,0.00010007903854383786,xavier,1600.0
1094,2026-09-01 13:57:01,gate3b_restricted_search,155,universal_restricted,3,0.0008072307884499761,xavier,722.0
1095,2026-09-01 13:57:02,gate3b_restricted_search,155,universal_restricted,4,0.0002755926764027377,xavier,1600.0
1096,2026-09-01 13:57:02,gate3b_restricted_search,155,universal_restricted,5,0.00018924123965722266,xavier,1600.0
1097,2026-09-01 13:57:03,gate3b_restricted_search,155,universal_restricted,6,0.0003620600725744741,xavier,1600.0
1098,2026-09-01 13:57:04,gate3b_restricted_search,155,universal_restricted,7,0.001088133500363589,xavier,647.0
1099,2026-09-01 13:57:04,gate3b_restricted_search,155,universal_restricted,8,0.0015498955191377143,xavier,473.0
1100,2026-09-01 13:57:04,gate3b_restricted_search,155,universal_restricted,9,0.00413475900783472,xavier,281.0
1101,2026-09-01 13:57:05,gate3b_restricted_search,155,universal_restricted,10,0.09290791998691832,xavier,268.0
1102,2026-09-01 13:57:05,gate3b_restricted_search,155,universal_restricted,11,0.07785058870653301,xavier,321.0
1103,2026-09-01 13:57:05,gate3b_restricted_search,155,universal_restricted,12,0.0797234062203645,xavier,253.0
1104,2026-09-01 13:57:05,gate3b_restricted_search,155,universal_restricted,13,0.017223705768801514,xavier,153.0
1105,2026-09-01 13:57:05,gate3b_restricted_search,155,universal_restricted,14,0.01553710788150454,xavier,153.0
1106,2026-09-01 13:57:06,gate3b_restricted_search,171,reference,0,0.004430375245218269,xavier,372.0
1107,2026-09-01 13:57:06,gate3b_restricted_search,171,reference,1,0.0018662266976517971,orthogonal,1600.0
1108,2026-09-01 13:57:07,gate3b_restricted_search,171,reference,2,0.07780155576901421,he,698.0
1109,2026-09-01 13:57:07,gate3b_restricted_search,171,reference,3,0.005059803874660437,xavier,372.0
1110,2026-09-01 13:57:08,gate3b_restricted_search,171,reference,4,0.00011498870747119459,orthogonal,1600.0
1111,2026-09-01 13:57:08,gate3b_restricted_search,171,reference,5,0.08626905220714905,xavier,510.0
1112,2026-09-01 13:57:09,gate3b_restricted_search,171,reference,6,0.00022637229697395497,orthogonal,1600.0
1113,2026-09-01 13:57:09,gate3b_restricted_search,171,reference,7,0.0036774346621052147,orthogonal,505.0
1114,2026-09-01 13:57:10,gate3b_restricted_search,171,reference,8,0.0023358825194833557,orthogonal,665.0
1115,2026-09-01 13:57:10,gate3b_restricted_search,171,reference,9,0.006859416411328701,he,403.0
1116,2026-09-01 13:57:10,gate3b_restricted_search,171,reference,10,0.019907506982928588,xavier,265.0
1117,2026-09-01 13:57:11,gate3b_restricted_search,171,reference,11,0.020814104803987817,xavier,410.0
1118,2026-09-01 13:57:11,gate3b_restricted_search,171,reference,12,0.014554752236498185,xavier,265.0
1119,2026-09-01 13:57:11,gate3b_restricted_search,171,reference,13,0.020979607398391477,xavier,326.0
1120,2026-09-01 13:57:12,gate3b_restricted_search,171,reference,14,0.021178889448851296,xavier,396.0
1121,2026-09-01 13:57:12,gate3b_restricted_search,171,reference,15,0.0007663762496379292,xavier,1600.0
1122,2026-09-01 13:57:13,gate3b_restricted_search,171,reference,16,0.011599421468819674,xavier,339.0
1123,2026-09-01 13:57:13,gate3b_restricted_search,171,reference,17,0.04230440741762608,he,400.0
1124,2026-09-01 13:57:13,gate3b_restricted_search,171,reference,18,0.042140601439425406,xavier,395.0
1125,2026-09-01 13:57:14,gate3b_restricted_search,171,reference,19,0.010954222785873538,xavier,361.0
1126,2026-09-01 13:57:14,gate3b_restricted_search,171,reference,20,0.0009712798508231742,he,1600.0
1127,2026-09-01 13:57:15,gate3b_restricted_search,171,reference,21,0.02373893646537192,xavier,395.0
1128,2026-09-01 13:57:15,gate3b_restricted_search,171,reference,22,0.011358766283871478,xavier,361.0
1129,2026-09-01 13:57:15,gate3b_restricted_search,171,reference,23,0.03591585415980874,xavier,403.0
1130,2026-09-01 13:57:16,gate3b_restricted_search,171,reference,24,0.009172095890121247,xavier,343.0
1131,2026-09-01 13:57:16,gate3b_restricted_search,171,reference,25,0.02194447450120696,xavier,419.0
1132,2026-09-01 13:57:16,gate3b_restricted_search,171,reference,26,0.014674403788604844,xavier,265.0
1133,2026-09-01 13:57:16,gate3b_restricted_search,171,reference,27,0.046390035851127595,xavier,278.0
1134,2026-09-01 13:57:17,gate3b_restricted_search,171,reference,28,0.014665177619614061,he,384.0
1135,2026-09-01 13:57:17,gate3b_restricted_search,171,reference,29,0.0038512250250003492,xavier,602.0
1136,2026-09-01 13:57:17,gate3b_restricted_search,171,reference,30,0.00824215721627102,xavier,256.0
1137,2026-09-01 13:57:18,gate3b_restricted_search,171,reference,31,0.006477296166551874,xavier,372.0
1138,2026-09-01 13:57:18,gate3b_restricted_search,171,reference,32,0.0027914443998276668,xavier,642.0
1139,2026-09-01 13:57:19,gate3b_restricted_search,171,reference,33,0.0014983487066000192,xavier,1600.0
1140,2026-09-01 13:57:20,gate3b_restricted_search,171,reference,34,0.007043240270834379,xavier,372.0
1141,2026-09-01 13:57:20,gate3b_restricted_search,171,reference,35,0.059701837689705606,xavier,265.0
1142,2026-09-01 13:57:20,gate3b_restricted_search,171,reference,36,0.059541807120386446,orthogonal,698.0
1143,2026-09-01 13:57:21,gate3b_restricted_search,171,reference,37,0.09911022670879743,xavier,1600.0
1144,2026-09-01 13:57:21,gate3b_restricted_search,171,reference,38,0.033176196011673056,he,396.0
1145,2026-09-01 13:57:22,gate3b_restricted_search,171,reference,39,0.05528099703964653,orthogonal,189.0
1146,2026-09-01 13:57:22,gate3b_restricted_search,171,cold,0,0.0017826497151386949,xavier,1600.0
1147,2026-09-01 13:57:23,gate3b_restricted_search,171,cold,1,0.0002755926764027377,orthogonal,1600.0
1148,2026-09-01 13:57:24,gate3b_restricted_search,171,cold,2,0.0015498955191377143,orthogonal,1600.0
1149,2026-09-01 13:57:25,gate3b_restricted_search,171,cold,3,0.00041054120168588934,xavier,1600.0
1150,2026-09-01 13:57:25,gate3b_restricted_search,171,cold,4,0.001786135519762597,xavier,1600.0
1151,2026-09-01 13:57:25,gate3b_restricted_search,171,cold,5,0.025248390936171015,xavier,256.0
1152,2026-09-01 13:57:26,gate3b_restricted_search,171,cold,6,0.04257625486011382,xavier,330.0
1153,2026-09-01 13:57:26,gate3b_restricted_search,171,cold,7,0.0003232148147351276,xavier,1600.0
1154,2026-09-01 13:57:27,gate3b_restricted_search,171,cold,8,0.07475987911298648,he,698.0
1155,2026-09-01 13:57:27,gate3b_restricted_search,171,cold,9,0.011468398705751582,xavier,361.0
1156,2026-09-01 13:57:27,gate3b_restricted_search,171,cold,10,0.014576193863035302,he,372.0
1157,2026-09-01 13:57:28,gate3b_restricted_search,171,cold,11,0.0797234062203645,xavier,412.0
1158,2026-09-01 13:57:28,gate3b_restricted_search,171,cold,12,0.018729908809075033,xavier,326.0
1159,2026-09-01 13:57:28,gate3b_restricted_search,171,cold,13,0.016983851798071364,xavier,361.0
1160,2026-09-01 13:57:29,gate3b_restricted_search,171,cold,14,0.007330807339450185,orthogonal,330.0
1161,2026-09-01 13:57:29,gate3b_restricted_search,171,informed_restricted,0,0.0017826497151386949,xavier,1600.0
1162,2026-09-01 13:57:30,gate3b_restricted_search,171,informed_restricted,1,0.01448683388723935,xavier,265.0
1163,2026-09-01 13:57:30,gate3b_restricted_search,171,informed_restricted,2,0.00010007903854383786,xavier,1600.0
1164,2026-09-01 13:57:31,gate3b_restricted_search,171,informed_restricted,3,0.0008072307884499761,xavier,1600.0
1165,2026-09-01 13:57:32,gate3b_restricted_search,171,informed_restricted,4,0.0002755926764027377,xavier,1600.0
1166,2026-09-01 13:57:32,gate3b_restricted_search,171,informed_restricted,5,0.00018924123965722266,xavier,1600.0
1167,2026-09-01 13:57:33,gate3b_restricted_search,171,informed_restricted,6,0.0003620600725744741,xavier,1600.0
1168,2026-09-01 13:57:34,gate3b_restricted_search,171,informed_restricted,7,0.001088133500363589,xavier,1600.0
1169,2026-09-01 13:57:34,gate3b_restricted_search,171,informed_restricted,8,0.0015498955191377143,xavier,1600.0
1170,2026-09-01 13:57:34,gate3b_restricted_search,171,informed_restricted,9,0.00413475900783472,xavier,372.0
1171,2026-09-01 13:57:35,gate3b_restricted_search,171,informed_restricted,10,0.09290791998691832,xavier,1600.0
1172,2026-09-01 13:57:35,gate3b_restricted_search,171,informed_restricted,11,0.011930383561222451,xavier,361.0
1173,2026-09-01 13:57:36,gate3b_restricted_search,171,informed_restricted,12,0.016535107145461723,xavier,365.0
1174,2026-09-01 13:57:36,gate3b_restricted_search,171,informed_restricted,13,0.01416591916805599,xavier,326.0
1175,2026-09-01 13:57:36,gate3b_restricted_search,171,informed_restricted,14,0.035690305590833374,xavier,396.0
1176,2026-09-01 13:57:37,gate3b_restricted_search,171,universal_restricted,0,0.0017826497151386949,xavier,1600.0
1177,2026-09-01 13:57:37,gate3b_restricted_search,171,universal_restricted,1,0.01448683388723935,xavier,265.0
1178,2026-09-01 13:57:38,gate3b_restricted_search,171,universal_restricted,2,0.00010007903854383786,xavier,1600.0
1179,2026-09-01 13:57:38,gate3b_restricted_search,171,universal_restricted,3,0.0008072307884499761,xavier,1600.0
1180,2026-09-01 13:57:39,gate3b_restricted_search,171,universal_restricted,4,0.0002755926764027377,xavier,1600.0
1181,2026-09-01 13:57:40,gate3b_restricted_search,171,universal_restricted,5,0.00018924123965722266,xavier,1600.0
1182,2026-09-01 13:57:41,gate3b_restricted_search,171,universal_restricted,6,0.0003620600725744741,xavier,1600.0
1183,2026-09-01 13:57:42,gate3b_restricted_search,171,universal_restricted,7,0.001088133500363589,xavier,1600.0
1184,2026-09-01 13:57:42,gate3b_restricted_search,171,universal_restricted,8,0.0015498955191377143,xavier,1600.0
1185,2026-09-01 13:57:43,gate3b_restricted_search,171,universal_restricted,9,0.00413475900783472,xavier,372.0
1186,2026-09-01 13:57:43,gate3b_restricted_search,171,universal_restricted,10,0.09290791998691832,xavier,1600.0
1187,2026-09-01 13:57:44,gate3b_restricted_search,171,universal_restricted,11,0.011930383561222451,xavier,361.0
1188,2026-09-01 13:57:44,gate3b_restricted_search,171,universal_restricted,12,0.016535107145461723,xavier,365.0
1189,2026-09-01 13:57:44,gate3b_restricted_search,171,universal_restricted,13,0.01416591916805599,xavier,326.0
1190,2026-09-01 13:57:44,gate3b_restricted_search,171,universal_restricted,14,0.035690305590833374,xavier,396.0
1191,2026-09-01 13:57:45,gate3b_restricted_search,172,reference,0,0.004430375245218269,xavier,29.0
1192,2026-09-01 13:57:45,gate3b_restricted_search,172,reference,1,0.0018662266976517971,orthogonal,50.0
1193,2026-09-01 13:57:45,gate3b_restricted_search,172,reference,2,0.07780155576901421,he,23.0
1194,2026-09-01 13:57:45,gate3b_restricted_search,172,reference,3,0.005059803874660437,xavier,27.0
1195,2026-09-01 13:57:45,gate3b_restricted_search,172,reference,4,0.00011498870747119459,orthogonal,633.0
1196,2026-09-01 13:57:45,gate3b_restricted_search,172,reference,5,0.08626905220714905,xavier,23.0
1197,2026-09-01 13:57:46,gate3b_restricted_search,172,reference,6,0.00022637229697395497,orthogonal,331.0
1198,2026-09-01 13:57:46,gate3b_restricted_search,172,reference,7,0.0036774346621052147,orthogonal,37.0
1199,2026-09-01 13:57:46,gate3b_restricted_search,172,reference,8,0.0023358825194833557,orthogonal,41.0
1200,2026-09-01 13:57:46,gate3b_restricted_search,172,reference,9,0.006859416411328701,he,16.0
1201,2026-09-01 13:57:46,gate3b_restricted_search,172,reference,10,0.019907506982928588,he,8.0
1202,2026-09-01 13:57:46,gate3b_restricted_search,172,reference,11,0.020814104803987817,he,8.0
1203,2026-09-01 13:57:46,gate3b_restricted_search,172,reference,12,0.021644937500336026,he,16.0
1204,2026-09-01 13:57:46,gate3b_restricted_search,172,reference,13,0.020527514539894275,he,16.0
1205,2026-09-01 13:57:46,gate3b_restricted_search,172,reference,14,0.021178889448851296,he,16.0
1206,2026-09-01 13:57:46,gate3b_restricted_search,172,reference,15,0.000694465168883101,he,102.0
1207,2026-09-01 13:57:46,gate3b_restricted_search,172,reference,16,0.011599421468819674,he,20.0
1208,2026-09-01 13:57:46,gate3b_restricted_search,172,reference,17,0.0385998309482012,he,21.0
1209,2026-09-01 13:57:46,gate3b_restricted_search,172,reference,18,0.042140601439425406,he,23.0
1210,2026-09-01 13:57:46,gate3b_restricted_search,172,reference,19,0.010284672764162348,he,23.0
1211,2026-09-01 13:57:46,gate3b_restricted_search,172,reference,20,0.0009712798508231742,xavier,73.0
1212,2026-09-01 13:57:46,gate3b_restricted_search,172,reference,21,0.008187741902089783,he,16.0
1213,2026-09-01 13:57:46,gate3b_restricted_search,172,reference,22,0.04150795816723086,he,23.0
1214,2026-09-01 13:57:46,gate3b_restricted_search,172,reference,23,0.014846356018397873,he,18.0
1215,2026-09-01 13:57:46,gate3b_restricted_search,172,reference,24,0.006244859441010322,he,16.0
1216,2026-09-01 13:57:46,gate3b_restricted_search,172,reference,25,0.031076204279393074,he,20.0
1217,2026-09-01 13:57:46,gate3b_restricted_search,172,reference,26,0.00240186880668409,he,35.0
1218,2026-09-01 13:57:46,gate3b_restricted_search,172,reference,27,0.013004565221344733,he,19.0
1219,2026-09-01 13:57:46,gate3b_restricted_search,172,reference,28,0.05705971565528197,xavier,23.0
1220,2026-09-01 13:57:46,gate3b_restricted_search,172,reference,29,0.003846708316603036,he,27.0
1221,2026-09-01 13:57:46,gate3b_restricted_search,172,reference,30,0.0013796314181147116,xavier,44.0
1222,2026-09-01 13:57:47,gate3b_restricted_search,172,reference,31,0.008584485837695473,he,16.0
1223,2026-09-01 13:57:47,gate3b_restricted_search,172,reference,32,0.006525429855172187,he,16.0
1224,2026-09-01 13:57:47,gate3b_restricted_search,172,reference,33,0.007829632401510743,he,16.0
1225,2026-09-01 13:57:47,gate3b_restricted_search,172,reference,34,0.02560399242500538,he,19.0
1226,2026-09-01 13:57:47,gate3b_restricted_search,172,reference,35,0.015827938413142607,he,8.0
1227,2026-09-01 13:57:47,gate3b_restricted_search,172,reference,36,0.06407911902293262,orthogonal,26.0
1228,2026-09-01 13:57:47,gate3b_restricted_search,172,reference,37,0.015962281984557982,he,8.0
1229,2026-09-01 13:57:47,gate3b_restricted_search,172,reference,38,0.01607560269766838,xavier,23.0
1230,2026-09-01 13:57:47,gate3b_restricted_search,172,reference,39,0.09072041839416388,orthogonal,17.0
1231,2026-09-01 13:57:47,gate3b_restricted_search,172,cold,0,0.0017826497151386949,xavier,42.0
1232,2026-09-01 13:57:47,gate3b_restricted_search,172,cold,1,0.0002755926764027377,orthogonal,252.0
1233,2026-09-01 13:57:47,gate3b_restricted_search,172,cold,2,0.0015498955191377143,orthogonal,51.0
1234,2026-09-01 13:57:47,gate3b_restricted_search,172,cold,3,0.00041054120168588934,xavier,168.0
1235,2026-09-01 13:57:47,gate3b_restricted_search,172,cold,4,0.001786135519762597,xavier,42.0
1236,2026-09-01 13:57:47,gate3b_restricted_search,172,cold,5,0.025248390936171015,xavier,17.0
1237,2026-09-01 13:57:47,gate3b_restricted_search,172,cold,6,0.04257625486011382,xavier,14.0
1238,2026-09-01 13:57:48,gate3b_restricted_search,172,cold,7,0.0003232148147351276,xavier,197.0
1239,2026-09-01 13:57:48,gate3b_restricted_search,172,cold,8,0.07475987911298648,he,23.0
1240,2026-09-01 13:57:48,gate3b_restricted_search,172,cold,9,0.011468398705751582,xavier,16.0
1241,2026-09-01 13:57:48,gate3b_restricted_search,172,cold,10,0.09344501034181055,he,35.0
1242,2026-09-01 13:57:48,gate3b_restricted_search,172,cold,11,0.021361236429000122,xavier,20.0
1243,2026-09-01 13:57:48,gate3b_restricted_search,172,cold,12,0.018729908809075033,xavier,22.0
1244,2026-09-01 13:57:48,gate3b_restricted_search,172,cold,13,0.00728316494133813,xavier,20.0
1245,2026-09-01 13:57:48,gate3b_restricted_search,172,cold,14,0.039131135779775145,orthogonal,14.0
1246,2026-09-01 13:57:48,gate3b_restricted_search,172,informed_restricted,0,0.0017826497151386949,xavier,42.0
1247,2026-09-01 13:57:48,gate3b_restricted_search,172,informed_restricted,1,0.01448683388723935,xavier,16.0
1248,2026-09-01 13:57:48,gate3b_restricted_search,172,informed_restricted,2,0.00010007903854383786,xavier,562.0
1249,2026-09-01 13:57:48,gate3b_restricted_search,172,informed_restricted,3,0.0008072307884499761,xavier,81.0
1250,2026-09-01 13:57:49,gate3b_restricted_search,172,informed_restricted,4,0.0002755926764027377,xavier,245.0
1251,2026-09-01 13:57:49,gate3b_restricted_search,172,informed_restricted,5,0.00018924123965722266,xavier,333.0
1252,2026-09-01 13:57:49,gate3b_restricted_search,172,informed_restricted,6,0.0003620600725744741,xavier,188.0
1253,2026-09-01 13:57:49,gate3b_restricted_search,172,informed_restricted,7,0.001088133500363589,xavier,62.0
1254,2026-09-01 13:57:49,gate3b_restricted_search,172,informed_restricted,8,0.0015498955191377143,xavier,43.0
1255,2026-09-01 13:57:49,gate3b_restricted_search,172,informed_restricted,9,0.00413475900783472,xavier,20.0
1256,2026-09-01 13:57:49,gate3b_restricted_search,172,informed_restricted,10,0.09290791998691832,xavier,27.0
1257,2026-09-01 13:57:49,gate3b_restricted_search,172,informed_restricted,11,0.011930383561222451,xavier,16.0
1258,2026-09-01 13:57:50,gate3b_restricted_search,172,informed_restricted,12,0.016535107145461723,xavier,23.0
1259,2026-09-01 13:57:50,gate3b_restricted_search,172,informed_restricted,13,0.01416591916805599,xavier,16.0
1260,2026-09-01 13:57:50,gate3b_restricted_search,172,informed_restricted,14,0.01553710788150454,xavier,23.0
1261,2026-09-01 13:57:50,gate3b_restricted_search,172,universal_restricted,0,0.0017826497151386949,xavier,42.0
1262,2026-09-01 13:57:50,gate3b_restricted_search,172,universal_restricted,1,0.01448683388723935,xavier,16.0
1263,2026-09-01 13:57:50,gate3b_restricted_search,172,universal_restricted,2,0.00010007903854383786,xavier,562.0
1264,2026-09-01 13:57:50,gate3b_restricted_search,172,universal_restricted,3,0.0008072307884499761,xavier,81.0
1265,2026-09-01 13:57:50,gate3b_restricted_search,172,universal_restricted,4,0.0002755926764027377,xavier,245.0
1266,2026-09-01 13:57:51,gate3b_restricted_search,172,universal_restricted,5,0.00018924123965722266,xavier,333.0
1267,2026-09-01 13:57:51,gate3b_restricted_search,172,universal_restricted,6,0.0003620600725744741,xavier,188.0
1268,2026-09-01 13:57:51,gate3b_restricted_search,172,universal_restricted,7,0.001088133500363589,xavier,62.0
1269,2026-09-01 13:57:51,gate3b_restricted_search,172,universal_restricted,8,0.0015498955191377143,xavier,43.0
1270,2026-09-01 13:57:51,gate3b_restricted_search,172,universal_restricted,9,0.00413475900783472,xavier,20.0
1271,2026-09-01 13:57:51,gate3b_restricted_search,172,universal_restricted,10,0.09290791998691832,xavier,27.0
1272,2026-09-01 13:57:51,gate3b_restricted_search,172,universal_restricted,11,0.011930383561222451,xavier,16.0
1273,2026-09-01 13:57:51,gate3b_restricted_search,172,universal_restricted,12,0.016535107145461723,xavier,23.0
1274,2026-09-01 13:57:51,gate3b_restricted_search,172,universal_restricted,13,0.01416591916805599,xavier,16.0
1275,2026-09-01 13:57:51,gate3b_restricted_search,172,universal_restricted,14,0.01553710788150454,xavier,23.0
1276,2026-09-01 13:57:51,gate3b_restricted_search,175,reference,0,0.004430375245218269,xavier,50.0
1277,2026-09-01 13:57:51,gate3b_restricted_search,175,reference,1,0.0018662266976517971,orthogonal,75.0
1278,2026-09-01 13:57:51,gate3b_restricted_search,175,reference,2,0.07780155576901421,he,37.0
1279,2026-09-01 13:57:51,gate3b_restricted_search,175,reference,3,0.005059803874660437,xavier,44.0
1280,2026-09-01 13:57:52,gate3b_restricted_search,175,reference,4,0.00011498870747119459,orthogonal,1600.0
1281,2026-09-01 13:57:52,gate3b_restricted_search,175,reference,5,0.08626905220714905,xavier,23.0
1282,2026-09-01 13:57:52,gate3b_restricted_search,175,reference,6,0.00022637229697395497,orthogonal,476.0
1283,2026-09-01 13:57:53,gate3b_restricted_search,175,reference,7,0.0036774346621052147,orthogonal,51.0
1284,2026-09-01 13:57:53,gate3b_restricted_search,175,reference,8,0.0023358825194833557,orthogonal,70.0
1285,2026-09-01 13:57:53,gate3b_restricted_search,175,reference,9,0.006859416411328701,he,38.0
1286,2026-09-01 13:57:53,gate3b_restricted_search,175,reference,10,0.07162629642639848,xavier,22.0
1287,2026-09-01 13:57:53,gate3b_restricted_search,175,reference,11,0.07216635702812188,xavier,26.0
1288,2026-09-01 13:57:53,gate3b_restricted_search,175,reference,12,0.02365310875574803,xavier,23.0
1289,2026-09-01 13:57:53,gate3b_restricted_search,175,reference,13,0.020534207875627673,xavier,24.0
1290,2026-09-01 13:57:53,gate3b_restricted_search,175,reference,14,0.023951753262696922,xavier,23.0
1291,2026-09-01 13:57:53,gate3b_restricted_search,175,reference,15,0.0839033390712048,xavier,13.0
1292,2026-09-01 13:57:53,gate3b_restricted_search,175,reference,16,0.03927811376350381,xavier,22.0
1293,2026-09-01 13:57:53,gate3b_restricted_search,175,reference,17,0.01107573455920372,he,37.0
1294,2026-09-01 13:57:53,gate3b_restricted_search,175,reference,18,0.04075023934212166,xavier,22.0
1295,2026-09-01 13:57:53,gate3b_restricted_search,175,reference,19,0.0010503533449916396,xavier,136.0
1296,2026-09-01 13:57:53,gate3b_restricted_search,175,reference,20,0.011599640297318851,he,35.0
1297,2026-09-01 13:57:53,gate3b_restricted_search,175,reference,21,0.04175996188279236,xavier,22.0
1298,2026-09-01 13:57:53,gate3b_restricted_search,175,reference,22,0.04205377847257968,xavier,22.0
1299,2026-09-01 13:57:53,gate3b_restricted_search,175,reference,23,0.09031643066599075,xavier,23.0
1300,2026-09-01 13:57:53,gate3b_restricted_search,175,reference,24,0.039727608479010926,xavier,22.0
1301,2026-09-01 13:57:53,gate3b_restricted_search,175,reference,25,0.013435297413820999,xavier,26.0
1302,2026-09-01 13:57:53,gate3b_restricted_search,175,reference,26,0.048961701147093785,xavier,22.0
1303,2026-09-01 13:57:53,gate3b_restricted_search,175,reference,27,0.09268366821339347,xavier,22.0
1304,2026-09-01 13:57:53,gate3b_restricted_search,175,reference,28,0.02271730006821637,he,26.0
1305,2026-09-01 13:57:53,gate3b_restricted_search,175,reference,29,0.029003520614021065,xavier,23.0
1306,2026-09-01 13:57:53,gate3b_restricted_search,175,reference,30,0.0530556323346157,xavier,22.0
1307,2026-09-01 13:57:53,gate3b_restricted_search,175,reference,31,0.09546990200572116,xavier,23.0
1308,2026-09-01 13:57:53,gate3b_restricted_search,175,reference,32,0.06055322179318667,xavier,22.0
1309,2026-09-01 13:57:53,gate3b_restricted_search,175,reference,33,0.01606122948693956,xavier,26.0
1310,2026-09-01 13:57:53,gate3b_restricted_search,175,reference,34,0.06384528770042146,xavier,22.0
1311,2026-09-01 13:57:53,gate3b_restricted_search,175,reference,35,0.03199308057853885,xavier,23.0
1312,2026-09-01 13:57:53,gate3b_restricted_search,175,reference,36,0.09794252064384981,orthogonal,25.0
1313,2026-09-01 13:57:53,gate3b_restricted_search,175,reference,37,0.06061612346438043,xavier,22.0
1314,2026-09-01 13:57:54,gate3b_restricted_search,175,reference,38,0.00036028819984949644,orthogonal,318.0
1315,2026-09-01 13:57:54,gate3b_restricted_search,175,reference,39,0.008826912758995714,he,40.0
1316,2026-09-01 13:57:54,gate3b_restricted_search,175,cold,0,0.0017826497151386949,xavier,76.0
1317,2026-09-01 13:57:54,gate3b_restricted_search,175,cold,1,0.0002755926764027377,orthogonal,410.0
1318,2026-09-01 13:57:55,gate3b_restricted_search,175,cold,2,0.0015498955191377143,orthogonal,96.0
1319,2026-09-01 13:57:55,gate3b_restricted_search,175,cold,3,0.00041054120168588934,xavier,318.0
1320,2026-09-01 13:57:55,gate3b_restricted_search,175,cold,4,0.001786135519762597,xavier,76.0
1321,2026-09-01 13:57:55,gate3b_restricted_search,175,cold,5,0.025248390936171015,xavier,23.0
1322,2026-09-01 13:57:55,gate3b_restricted_search,175,cold,6,0.04257625486011382,xavier,22.0
1323,2026-09-01 13:57:55,gate3b_restricted_search,175,cold,7,0.0003232148147351276,xavier,403.0
1324,2026-09-01 13:57:55,gate3b_restricted_search,175,cold,8,0.07475987911298648,he,32.0
1325,2026-09-01 13:57:55,gate3b_restricted_search,175,cold,9,0.011468398705751582,xavier,37.0
1326,2026-09-01 13:57:55,gate3b_restricted_search,175,cold,10,0.014576193863035302,he,26.0
1327,2026-09-01 13:57:55,gate3b_restricted_search,175,cold,11,0.0797234062203645,xavier,18.0
1328,2026-09-01 13:57:55,gate3b_restricted_search,175,cold,12,0.021932663570538802,xavier,23.0
1329,2026-09-01 13:57:56,gate3b_restricted_search,175,cold,13,0.007032326838045421,xavier,37.0
1330,2026-09-01 13:57:56,gate3b_restricted_search,175,cold,14,0.06559307508633366,orthogonal,26.0
1331,2026-09-01 13:57:56,gate3b_restricted_search,175,informed_restricted,0,0.0017826497151386949,xavier,76.0
1332,2026-09-01 13:57:56,gate3b_restricted_search,175,informed_restricted,1,0.01448683388723935,xavier,26.0
1333,2026-09-01 13:57:56,gate3b_restricted_search,175,informed_restricted,2,0.00010007903854383786,xavier,1600.0
1334,2026-09-01 13:57:56,gate3b_restricted_search,175,informed_restricted,3,0.0008072307884499761,xavier,156.0
1335,2026-09-01 13:57:57,gate3b_restricted_search,175,informed_restricted,4,0.0002755926764027377,xavier,481.0
1336,2026-09-01 13:57:57,gate3b_restricted_search,175,informed_restricted,5,0.00018924123965722266,xavier,632.0
1337,2026-09-01 13:57:58,gate3b_restricted_search,175,informed_restricted,6,0.0003620600725744741,xavier,373.0
1338,2026-09-01 13:57:58,gate3b_restricted_search,175,informed_restricted,7,0.001088133500363589,xavier,131.0
1339,2026-09-01 13:57:58,gate3b_restricted_search,175,informed_restricted,8,0.0015498955191377143,xavier,96.0
1340,2026-09-01 13:57:58,gate3b_restricted_search,175,informed_restricted,9,0.00413475900783472,xavier,50.0
1341,2026-09-01 13:57:58,gate3b_restricted_search,175,informed_restricted,10,0.09290791998691832,xavier,22.0
1342,2026-09-01 13:57:58,gate3b_restricted_search,175,informed_restricted,11,0.07785058870653301,xavier,18.0
1343,2026-09-01 13:57:58,gate3b_restricted_search,175,informed_restricted,12,0.0797234062203645,xavier,18.0
1344,2026-09-01 13:57:58,gate3b_restricted_search,175,informed_restricted,13,0.09182660868186439,xavier,22.0
1345,2026-09-01 13:57:58,gate3b_restricted_search,175,informed_restricted,14,0.027775736900324165,xavier,23.0
1346,2026-09-01 13:57:58,gate3b_restricted_search,175,universal_restricted,0,0.0017826497151386949,xavier,76.0
1347,2026-09-01 13:57:58,gate3b_restricted_search,175,universal_restricted,1,0.01448683388723935,xavier,26.0
1348,2026-09-01 13:57:59,gate3b_restricted_search,175,universal_restricted,2,0.00010007903854383786,xavier,1600.0
1349,2026-09-01 13:57:59,gate3b_restricted_search,175,universal_restricted,3,0.0008072307884499761,xavier,156.0
1350,2026-09-01 13:57:59,gate3b_restricted_search,175,universal_restricted,4,0.0002755926764027377,xavier,481.0
1351,2026-09-01 13:58:00,gate3b_restricted_search,175,universal_restricted,5,0.00018924123965722266,xavier,632.0
1352,2026-09-01 13:58:00,gate3b_restricted_search,175,universal_restricted,6,0.0003620600725744741,xavier,373.0
1353,2026-09-01 13:58:00,gate3b_restricted_search,175,universal_restricted,7,0.001088133500363589,xavier,131.0
1354,2026-09-01 13:58:01,gate3b_restricted_search,175,universal_restricted,8,0.0015498955191377143,xavier,96.0
1355,2026-09-01 13:58:01,gate3b_restricted_search,175,universal_restricted,9,0.00413475900783472,xavier,50.0
1356,2026-09-01 13:58:01,gate3b_restricted_search,175,universal_restricted,10,0.09290791998691832,xavier,22.0
1357,2026-09-01 13:58:01,gate3b_restricted_search,175,universal_restricted,11,0.07785058870653301,xavier,18.0
1358,2026-09-01 13:58:01,gate3b_restricted_search,175,universal_restricted,12,0.0797234062203645,xavier,18.0
1359,2026-09-01 13:58:01,gate3b_restricted_search,175,universal_restricted,13,0.09182660868186439,xavier,22.0
1360,2026-09-01 13:58:01,gate3b_restricted_search,175,universal_restricted,14,0.027775736900324165,xavier,23.0
1361,2026-09-01 13:58:01,gate3b_restricted_search,197,reference,0,0.004430375245218269,xavier,218.0
1362,2026-09-01 13:58:01,gate3b_restricted_search,197,reference,1,0.0018662266976517971,orthogonal,354.0
1363,2026-09-01 13:58:02,gate3b_restricted_search,197,reference,2,0.07780155576901421,he,169.0
1364,2026-09-01 13:58:02,gate3b_restricted_search,197,reference,3,0.005059803874660437,xavier,198.0
1365,2026-09-01 13:58:02,gate3b_restricted_search,197,reference,4,0.00011498870747119459,orthogonal,1600.0
1366,2026-09-01 13:58:03,gate3b_restricted_search,197,reference,5,0.08626905220714905,xavier,133.0
1367,2026-09-01 13:58:03,gate3b_restricted_search,197,reference,6,0.00022637229697395497,orthogonal,1600.0
1368,2026-09-01 13:58:03,gate3b_restricted_search,197,reference,7,0.0036774346621052147,orthogonal,140.0
1369,2026-09-01 13:58:04,gate3b_restricted_search,197,reference,8,0.0023358825194833557,orthogonal,234.0
1370,2026-09-01 13:58:04,gate3b_restricted_search,197,reference,9,0.006859416411328701,he,222.0
1371,2026-09-01 13:58:04,gate3b_restricted_search,197,reference,10,0.07162629642639848,xavier,94.0
1372,2026-09-01 13:58:04,gate3b_restricted_search,197,reference,11,0.07216635702812188,xavier,184.0
1373,2026-09-01 13:58:04,gate3b_restricted_search,197,reference,12,0.02365310875574803,xavier,62.0
1374,2026-09-01 13:58:04,gate3b_restricted_search,197,reference,13,0.020527514539894275,xavier,62.0
1375,2026-09-01 13:58:04,gate3b_restricted_search,197,reference,14,0.021178889448851296,xavier,62.0
1376,2026-09-01 13:58:04,gate3b_restricted_search,197,reference,15,0.016272512253749993,xavier,121.0
1377,2026-09-01 13:58:04,gate3b_restricted_search,197,reference,16,0.022160309361523196,xavier,62.0
1378,2026-09-01 13:58:05,gate3b_restricted_search,197,reference,17,0.0005834317563228813,he,1600.0
1379,2026-09-01 13:58:05,gate3b_restricted_search,197,reference,18,0.01020243879143715,xavier,151.0
1380,2026-09-01 13:58:05,gate3b_restricted_search,197,reference,19,0.0377064817545237,xavier,82.0
1381,2026-09-01 13:58:05,gate3b_restricted_search,197,reference,20,0.039310800027082204,he,111.0
1382,2026-09-01 13:58:05,gate3b_restricted_search,197,reference,21,0.021354028757118674,xavier,111.0
1383,2026-09-01 13:58:05,gate3b_restricted_search,197,reference,22,0.011268879784723585,xavier,121.0
1384,2026-09-01 13:58:06,gate3b_restricted_search,197,reference,23,0.03256892082464625,xavier,102.0
1385,2026-09-01 13:58:06,gate3b_restricted_search,197,reference,24,0.010627708853338087,xavier,160.0
1386,2026-09-01 13:58:06,gate3b_restricted_search,197,reference,25,0.031668805239459474,xavier,62.0
1387,2026-09-01 13:58:06,gate3b_restricted_search,197,reference,26,0.017240806295061372,xavier,151.0
1388,2026-09-01 13:58:06,gate3b_restricted_search,197,reference,27,0.04818156777390295,xavier,69.0
1389,2026-09-01 13:58:06,gate3b_restricted_search,197,reference,28,0.0077017559463688915,he,232.0
1390,2026-09-01 13:58:07,gate3b_restricted_search,197,reference,29,0.001145964059487866,xavier,640.0
1391,2026-09-01 13:58:07,gate3b_restricted_search,197,reference,30,0.003912247831269999,xavier,222.0
1392,2026-09-01 13:58:07,gate3b_restricted_search,197,reference,31,0.021014438821524626,xavier,62.0
1393,2026-09-01 13:58:07,gate3b_restricted_search,197,reference,32,0.02445002069471034,xavier,62.0
1394,2026-09-01 13:58:07,gate3b_restricted_search,197,reference,33,0.013275072500528583,xavier,69.0
1395,2026-09-01 13:58:07,gate3b_restricted_search,197,reference,34,0.05230356196410682,xavier,69.0
1396,2026-09-01 13:58:07,gate3b_restricted_search,197,reference,35,0.025534903600640278,xavier,62.0
1397,2026-09-01 13:58:07,gate3b_restricted_search,197,reference,36,0.006626313018691983,orthogonal,121.0
1398,2026-09-01 13:58:08,gate3b_restricted_search,197,reference,37,0.09790143648459437,xavier,209.0
1399,2026-09-01 13:58:08,gate3b_restricted_search,197,reference,38,0.028685116266948165,he,124.0
1400,2026-09-01 13:58:08,gate3b_restricted_search,197,reference,39,0.04825688396828007,orthogonal,98.0
1401,2026-09-01 13:58:08,gate3b_restricted_search,197,cold,0,0.0017826497151386949,xavier,354.0
1402,2026-09-01 13:58:09,gate3b_restricted_search,197,cold,1,0.0002755926764027377,orthogonal,1600.0
1403,2026-09-01 13:58:09,gate3b_restricted_search,197,cold,2,0.0015498955191377143,orthogonal,354.0
1404,2026-09-01 13:58:10,gate3b_restricted_search,197,cold,3,0.00041054120168588934,xavier,1600.0
1405,2026-09-01 13:58:10,gate3b_restricted_search,197,cold,4,0.001786135519762597,xavier,354.0
1406,2026-09-01 13:58:10,gate3b_restricted_search,197,cold,5,0.025248390936171015,xavier,62.0
1407,2026-09-01 13:58:10,gate3b_restricted_search,197,cold,6,0.04257625486011382,xavier,108.0
1408,2026-09-01 13:58:11,gate3b_restricted_search,197,cold,7,0.0003232148147351276,xavier,1600.0
1409,2026-09-01 13:58:11,gate3b_restricted_search,197,cold,8,0.07475987911298648,he,172.0
1410,2026-09-01 13:58:11,gate3b_restricted_search,197,cold,9,0.011468398705751582,xavier,121.0
1411,2026-09-01 13:58:11,gate3b_restricted_search,197,cold,10,0.014576193863035302,he,145.0
1412,2026-09-01 13:58:11,gate3b_restricted_search,197,cold,11,0.0797234062203645,xavier,111.0
1413,2026-09-01 13:58:11,gate3b_restricted_search,197,cold,12,0.018729908809075033,xavier,62.0
1414,2026-09-01 13:58:11,gate3b_restricted_search,197,cold,13,0.016983851798071364,xavier,121.0
1415,2026-09-01 13:58:12,gate3b_restricted_search,197,cold,14,0.007330807339450185,orthogonal,121.0
1416,2026-09-01 13:58:12,gate3b_restricted_search,197,informed_restricted,0,0.0017826497151386949,xavier,354.0
1417,2026-09-01 13:58:12,gate3b_restricted_search,197,informed_restricted,1,0.01448683388723935,xavier,111.0
1418,2026-09-01 13:58:13,gate3b_restricted_search,197,informed_restricted,2,0.00010007903854383786,xavier,1600.0
1419,2026-09-01 13:58:13,gate3b_restricted_search,197,informed_restricted,3,0.0008072307884499761,xavier,661.0
1420,2026-09-01 13:58:14,gate3b_restricted_search,197,informed_restricted,4,0.0002755926764027377,xavier,1600.0
1421,2026-09-01 13:58:14,gate3b_restricted_search,197,informed_restricted,5,0.00018924123965722266,xavier,1600.0
1422,2026-09-01 13:58:15,gate3b_restricted_search,197,informed_restricted,6,0.0003620600725744741,xavier,1600.0
1423,2026-09-01 13:58:16,gate3b_restricted_search,197,informed_restricted,7,0.001088133500363589,xavier,650.0
1424,2026-09-01 13:58:16,gate3b_restricted_search,197,informed_restricted,8,0.0015498955191377143,xavier,469.0
1425,2026-09-01 13:58:16,gate3b_restricted_search,197,informed_restricted,9,0.00413475900783472,xavier,222.0
1426,2026-09-01 13:58:16,gate3b_restricted_search,197,informed_restricted,10,0.09290791998691832,xavier,161.0
1427,2026-09-01 13:58:17,gate3b_restricted_search,197,informed_restricted,11,0.07785058870653301,xavier,158.0
1428,2026-09-01 13:58:17,gate3b_restricted_search,197,informed_restricted,12,0.0797234062203645,xavier,111.0
1429,2026-09-01 13:58:17,gate3b_restricted_search,197,informed_restricted,13,0.01780718886107045,xavier,62.0
1430,2026-09-01 13:58:17,gate3b_restricted_search,197,informed_restricted,14,0.01553710788150454,xavier,69.0
1431,2026-09-01 13:58:17,gate3b_restricted_search,197,universal_restricted,0,0.0017826497151386949,xavier,354.0
1432,2026-09-01 13:58:17,gate3b_restricted_search,197,universal_restricted,1,0.01448683388723935,xavier,111.0
1433,2026-09-01 13:58:18,gate3b_restricted_search,197,universal_restricted,2,0.00010007903854383786,xavier,1600.0
1434,2026-09-01 13:58:19,gate3b_restricted_search,197,universal_restricted,3,0.0008072307884499761,xavier,661.0
1435,2026-09-01 13:58:19,gate3b_restricted_search,197,universal_restricted,4,0.0002755926764027377,xavier,1600.0
1436,2026-09-01 13:58:20,gate3b_restricted_search,197,universal_restricted,5,0.00018924123965722266,xavier,1600.0
1437,2026-09-01 13:58:21,gate3b_restricted_search,197,universal_restricted,6,0.0003620600725744741,xavier,1600.0
1438,2026-09-01 13:58:21,gate3b_restricted_search,197,universal_restricted,7,0.001088133500363589,xavier,650.0
1439,2026-09-01 13:58:22,gate3b_restricted_search,197,universal_restricted,8,0.0015498955191377143,xavier,469.0
1440,2026-09-01 13:58:22,gate3b_restricted_search,197,universal_restricted,9,0.00413475900783472,xavier,222.0
1441,2026-09-01 13:58:22,gate3b_restricted_search,197,universal_restricted,10,0.09290791998691832,xavier,161.0
1442,2026-09-01 13:58:22,gate3b_restricted_search,197,universal_restricted,11,0.07785058870653301,xavier,158.0
1443,2026-09-01 13:58:22,gate3b_restricted_search,197,universal_restricted,12,0.0797234062203645,xavier,111.0
1444,2026-09-01 13:58:22,gate3b_restricted_search,197,universal_restricted,13,0.01780718886107045,xavier,62.0
1445,2026-09-01 13:58:22,gate3b_restricted_search,197,universal_restricted,14,0.01553710788150454,xavier,69.0
1446,2026-09-01 13:58:23,gate3b_restricted_search,204,reference,0,0.004430375245218269,xavier,358.0
1447,2026-09-01 13:58:23,gate3b_restricted_search,204,reference,1,0.0018662266976517971,orthogonal,722.0
1448,2026-09-01 13:58:24,gate3b_restricted_search,204,reference,2,0.07780155576901421,he,1600.0
1449,2026-09-01 13:58:25,gate3b_restricted_search,204,reference,3,0.005059803874660437,xavier,358.0
1450,2026-09-01 13:58:25,gate3b_restricted_search,204,reference,4,0.00011498870747119459,orthogonal,1600.0
1451,2026-09-01 13:58:26,gate3b_restricted_search,204,reference,5,0.08626905220714905,xavier,757.0
1452,2026-09-01 13:58:26,gate3b_restricted_search,204,reference,6,0.00022637229697395497,orthogonal,1600.0
1453,2026-09-01 13:58:27,gate3b_restricted_search,204,reference,7,0.0036774346621052147,orthogonal,547.0
1454,2026-09-01 13:58:27,gate3b_restricted_search,204,reference,8,0.0023358825194833557,orthogonal,625.0
1455,2026-09-01 13:58:28,gate3b_restricted_search,204,reference,9,0.006859416411328701,he,306.0
1456,2026-09-01 13:58:28,gate3b_restricted_search,204,reference,10,0.019907506982928588,he,162.0
1457,2026-09-01 13:58:28,gate3b_restricted_search,204,reference,11,0.020814104803987817,he,192.0
1458,2026-09-01 13:58:28,gate3b_restricted_search,204,reference,12,0.021644937500336026,he,335.0
1459,2026-09-01 13:58:29,gate3b_restricted_search,204,reference,13,0.020527514539894275,he,470.0
1460,2026-09-01 13:58:29,gate3b_restricted_search,204,reference,14,0.021178889448851296,he,162.0
1461,2026-09-01 13:58:30,gate3b_restricted_search,204,reference,15,0.000694465168883101,he,1600.0
1462,2026-09-01 13:58:30,gate3b_restricted_search,204,reference,16,0.011599421468819674,he,253.0
1463,2026-09-01 13:58:30,gate3b_restricted_search,204,reference,17,0.038899342047540496,he,359.0
1464,2026-09-01 13:58:30,gate3b_restricted_search,204,reference,18,0.042140601439425406,he,350.0
1465,2026-09-01 13:58:31,gate3b_restricted_search,204,reference,19,0.010409344933850779,he,253.0
1466,2026-09-01 13:58:31,gate3b_restricted_search,204,reference,20,0.0009712798508231742,xavier,1600.0
1467,2026-09-01 13:58:31,gate3b_restricted_search,204,reference,21,0.019944093242273486,he,162.0
1468,2026-09-01 13:58:32,gate3b_restricted_search,204,reference,22,0.04405819431174489,he,301.0
1469,2026-09-01 13:58:32,gate3b_restricted_search,204,reference,23,0.011122218398527785,he,221.0
1470,2026-09-01 13:58:32,gate3b_restricted_search,204,reference,24,0.026204796853294045,he,246.0
1471,2026-09-01 13:58:32,gate3b_restricted_search,204,reference,25,0.013512556513192461,he,290.0
1472,2026-09-01 13:58:33,gate3b_restricted_search,204,reference,26,0.05255780221369887,he,479.0
1473,2026-09-01 13:58:33,gate3b_restricted_search,204,reference,27,0.006570875535534412,he,306.0
1474,2026-09-01 13:58:33,gate3b_restricted_search,204,reference,28,0.029884139767470782,xavier,489.0
1475,2026-09-01 13:58:34,gate3b_restricted_search,204,reference,29,0.014221904708446895,he,274.0
1476,2026-09-01 13:58:34,gate3b_restricted_search,204,reference,30,0.0030362340943985407,xavier,465.0
1477,2026-09-01 13:58:34,gate3b_restricted_search,204,reference,31,0.019204792096438612,he,162.0
1478,2026-09-01 13:58:34,gate3b_restricted_search,204,reference,32,0.0077758039328751204,he,304.0
1479,2026-09-01 13:58:35,gate3b_restricted_search,204,reference,33,0.06330365499971989,he,447.0
1480,2026-09-01 13:58:35,gate3b_restricted_search,204,reference,34,0.033485640208958826,he,400.0
1481,2026-09-01 13:58:35,gate3b_restricted_search,204,reference,35,0.017021203582162598,he,197.0
1482,2026-09-01 13:58:36,gate3b_restricted_search,204,reference,36,0.0953433590830593,orthogonal,1600.0
1483,2026-09-01 13:58:36,gate3b_restricted_search,204,reference,37,0.009223198129592516,he,306.0
1484,2026-09-01 13:58:36,gate3b_restricted_search,204,reference,38,0.004946538979379741,xavier,343.0
1485,2026-09-01 13:58:37,gate3b_restricted_search,204,reference,39,0.058452908767971636,orthogonal,555.0
1486,2026-09-01 13:58:38,gate3b_restricted_search,204,cold,0,0.0017826497151386949,xavier,1600.0
1487,2026-09-01 13:58:38,gate3b_restricted_search,204,cold,1,0.0002755926764027377,orthogonal,1600.0
1488,2026-09-01 13:58:39,gate3b_restricted_search,204,cold,2,0.0015498955191377143,orthogonal,748.0
1489,2026-09-01 13:58:39,gate3b_restricted_search,204,cold,3,0.00041054120168588934,xavier,1600.0
1490,2026-09-01 13:58:40,gate3b_restricted_search,204,cold,4,0.001786135519762597,xavier,1600.0
1491,2026-09-01 13:58:40,gate3b_restricted_search,204,cold,5,0.025248390936171015,xavier,358.0
1492,2026-09-01 13:58:41,gate3b_restricted_search,204,cold,6,0.04257625486011382,xavier,359.0
1493,2026-09-01 13:58:41,gate3b_restricted_search,204,cold,7,0.0003232148147351276,xavier,1600.0
1494,2026-09-01 13:58:42,gate3b_restricted_search,204,cold,8,0.07475987911298648,he,1600.0
1495,2026-09-01 13:58:42,gate3b_restricted_search,204,cold,9,0.011468398705751582,xavier,321.0
1496,2026-09-01 13:58:43,gate3b_restricted_search,204,cold,10,0.013520030930076584,he,253.0
1497,2026-09-01 13:58:43,gate3b_restricted_search,204,cold,11,0.012050318703919807,he,256.0
1498,2026-09-01 13:58:43,gate3b_restricted_search,204,cold,12,0.008159364238707795,he,306.0
1499,2026-09-01 13:58:43,gate3b_restricted_search,204,cold,13,0.006844410962507337,he,306.0
1500,2026-09-01 13:58:44,gate3b_restricted_search,204,cold,14,0.01743266588357272,he,310.0
1501,2026-09-01 13:58:44,gate3b_restricted_search,204,informed_restricted,0,0.0017826497151386949,xavier,1600.0
1502,2026-09-01 13:58:44,gate3b_restricted_search,204,informed_restricted,1,0.01448683388723935,xavier,274.0
1503,2026-09-01 13:58:45,gate3b_restricted_search,204,informed_restricted,2,0.00010007903854383786,xavier,1600.0
1504,2026-09-01 13:58:46,gate3b_restricted_search,204,informed_restricted,3,0.0008072307884499761,xavier,1600.0
1505,2026-09-01 13:58:46,gate3b_restricted_search,204,informed_restricted,4,0.0002755926764027377,xavier,1600.0
1506,2026-09-01 13:58:47,gate3b_restricted_search,204,informed_restricted,5,0.00018924123965722266,xavier,1600.0
1507,2026-09-01 13:58:48,gate3b_restricted_search,204,informed_restricted,6,0.0003620600725744741,xavier,1600.0
1508,2026-09-01 13:58:48,gate3b_restricted_search,204,informed_restricted,7,0.001088133500363589,xavier,1600.0
1509,2026-09-01 13:58:49,gate3b_restricted_search,204,informed_restricted,8,0.0015498955191377143,xavier,1600.0
1510,2026-09-01 13:58:50,gate3b_restricted_search,204,informed_restricted,9,0.00413475900783472,xavier,358.0
1511,2026-09-01 13:58:50,gate3b_restricted_search,204,informed_restricted,10,0.09290791998691832,xavier,590.0
1512,2026-09-01 13:58:50,gate3b_restricted_search,204,informed_restricted,11,0.011930383561222451,xavier,255.0
1513,2026-09-01 13:58:51,gate3b_restricted_search,204,informed_restricted,12,0.016535107145461723,xavier,354.0
1514,2026-09-01 13:58:51,gate3b_restricted_search,204,informed_restricted,13,0.01416591916805599,xavier,274.0
1515,2026-09-01 13:58:51,gate3b_restricted_search,204,informed_restricted,14,0.01553710788150454,xavier,304.0
1516,2026-09-01 13:58:52,gate3b_restricted_search,204,universal_restricted,0,0.0017826497151386949,xavier,1600.0
1517,2026-09-01 13:58:52,gate3b_restricted_search,204,universal_restricted,1,0.01448683388723935,xavier,274.0
1518,2026-09-01 13:58:53,gate3b_restricted_search,204,universal_restricted,2,0.00010007903854383786,xavier,1600.0
1519,2026-09-01 13:58:53,gate3b_restricted_search,204,universal_restricted,3,0.0008072307884499761,xavier,1600.0
1520,2026-09-01 13:58:54,gate3b_restricted_search,204,universal_restricted,4,0.0002755926764027377,xavier,1600.0
1521,2026-09-01 13:58:55,gate3b_restricted_search,204,universal_restricted,5,0.00018924123965722266,xavier,1600.0
1522,2026-09-01 13:58:56,gate3b_restricted_search,204,universal_restricted,6,0.0003620600725744741,xavier,1600.0
1523,2026-09-01 13:58:56,gate3b_restricted_search,204,universal_restricted,7,0.001088133500363589,xavier,1600.0
1524,2026-09-01 13:58:57,gate3b_restricted_search,204,universal_restricted,8,0.0015498955191377143,xavier,1600.0
1525,2026-09-01 13:58:57,gate3b_restricted_search,204,universal_restricted,9,0.00413475900783472,xavier,358.0
1526,2026-09-01 13:58:58,gate3b_restricted_search,204,universal_restricted,10,0.09290791998691832,xavier,590.0
1527,2026-09-01 13:58:58,gate3b_restricted_search,204,universal_restricted,11,0.011930383561222451,xavier,255.0
1528,2026-09-01 13:58:58,gate3b_restricted_search,204,universal_restricted,12,0.016535107145461723,xavier,354.0
1529,2026-09-01 13:58:58,gate3b_restricted_search,204,universal_restricted,13,0.01416591916805599,xavier,274.0
1530,2026-09-01 13:58:59,gate3b_restricted_search,204,universal_restricted,14,0.01553710788150454,xavier,304.0
1531,2026-09-01 13:58:59,gate3b_restricted_search,211,reference,0,0.004430375245218269,xavier,51.0
1532,2026-09-01 13:58:59,gate3b_restricted_search,211,reference,1,0.0018662266976517971,orthogonal,95.0
1533,2026-09-01 13:58:59,gate3b_restricted_search,211,reference,2,0.07780155576901421,he,49.0
1534,2026-09-01 13:58:59,gate3b_restricted_search,211,reference,3,0.005059803874660437,xavier,41.0
1535,2026-09-01 13:59:00,gate3b_restricted_search,211,reference,4,0.00011498870747119459,orthogonal,1600.0
1536,2026-09-01 13:59:00,gate3b_restricted_search,211,reference,5,0.08626905220714905,xavier,39.0
1537,2026-09-01 13:59:00,gate3b_restricted_search,211,reference,6,0.00022637229697395497,orthogonal,588.0
1538,2026-09-01 13:59:00,gate3b_restricted_search,211,reference,7,0.0036774346621052147,orthogonal,56.0
1539,2026-09-01 13:59:00,gate3b_restricted_search,211,reference,8,0.0023358825194833557,orthogonal,74.0
1540,2026-09-01 13:59:00,gate3b_restricted_search,211,reference,9,0.006859416411328701,he,52.0
1541,2026-09-01 13:59:00,gate3b_restricted_search,211,reference,10,0.07162629642639848,xavier,28.0
1542,2026-09-01 13:59:01,gate3b_restricted_search,211,reference,11,0.07216635702812188,xavier,28.0
1543,2026-09-01 13:59:01,gate3b_restricted_search,211,reference,12,0.02451418499252173,xavier,23.0
1544,2026-09-01 13:59:01,gate3b_restricted_search,211,reference,13,0.020527514539894275,xavier,26.0
1545,2026-09-01 13:59:01,gate3b_restricted_search,211,reference,14,0.021178889448851296,xavier,26.0
1546,2026-09-01 13:59:01,gate3b_restricted_search,211,reference,15,0.016272512253749993,xavier,28.0
1547,2026-09-01 13:59:01,gate3b_restricted_search,211,reference,16,0.022612400605723545,xavier,24.0
1548,2026-09-01 13:59:01,gate3b_restricted_search,211,reference,17,0.0006003732175661912,he,330.0
1549,2026-09-01 13:59:01,gate3b_restricted_search,211,reference,18,0.030834966094379808,xavier,23.0
1550,2026-09-01 13:59:01,gate3b_restricted_search,211,reference,19,0.010270274960217558,xavier,28.0
1551,2026-09-01 13:59:01,gate3b_restricted_search,211,reference,20,0.0399144312011952,he,33.0
1552,2026-09-01 13:59:01,gate3b_restricted_search,211,reference,21,0.03388568702320316,xavier,25.0
1553,2026-09-01 13:59:01,gate3b_restricted_search,211,reference,22,0.011119770008344689,xavier,28.0
1554,2026-09-01 13:59:01,gate3b_restricted_search,211,reference,23,0.03256892082464625,xavier,23.0
1555,2026-09-01 13:59:01,gate3b_restricted_search,211,reference,24,0.039727608479010926,xavier,26.0
1556,2026-09-01 13:59:01,gate3b_restricted_search,211,reference,25,0.03966288307114194,xavier,26.0
1557,2026-09-01 13:59:01,gate3b_restricted_search,211,reference,26,0.011123093347767881,xavier,28.0
1558,2026-09-01 13:59:01,gate3b_restricted_search,211,reference,27,0.02955134195037618,xavier,22.0
1559,2026-09-01 13:59:01,gate3b_restricted_search,211,reference,28,0.008098999906967932,xavier,37.0
1560,2026-09-01 13:59:01,gate3b_restricted_search,211,reference,29,0.016299388946380822,he,34.0
1561,2026-09-01 13:59:01,gate3b_restricted_search,211,reference,30,0.04733780693922763,xavier,27.0
1562,2026-09-01 13:59:01,gate3b_restricted_search,211,reference,31,0.025962993109518114,xavier,23.0
1563,2026-09-01 13:59:01,gate3b_restricted_search,211,reference,32,0.025152157707933363,xavier,23.0
1564,2026-09-01 13:59:01,gate3b_restricted_search,211,reference,33,0.014920941881482921,xavier,28.0
1565,2026-09-01 13:59:02,gate3b_restricted_search,211,reference,34,0.05388221559661374,xavier,29.0
1566,2026-09-01 13:59:02,gate3b_restricted_search,211,reference,35,0.004694939362741506,xavier,49.0
1567,2026-09-01 13:59:02,gate3b_restricted_search,211,reference,36,0.09678454683390718,orthogonal,25.0
1568,2026-09-01 13:59:02,gate3b_restricted_search,211,reference,37,0.09938635758273202,orthogonal,25.0
1569,2026-09-01 13:59:02,gate3b_restricted_search,211,reference,38,0.055249951405191296,orthogonal,18.0
1570,2026-09-01 13:59:02,gate3b_restricted_search,211,reference,39,0.05370590251719841,orthogonal,24.0
1571,2026-09-01 13:59:02,gate3b_restricted_search,211,cold,0,0.0017826497151386949,xavier,98.0
1572,2026-09-01 13:59:02,gate3b_restricted_search,211,cold,1,0.0002755926764027377,orthogonal,445.0
1573,2026-09-01 13:59:02,gate3b_restricted_search,211,cold,2,0.0015498955191377143,orthogonal,98.0
1574,2026-09-01 13:59:03,gate3b_restricted_search,211,cold,3,0.00041054120168588934,xavier,419.0
1575,2026-09-01 13:59:03,gate3b_restricted_search,211,cold,4,0.001786135519762597,xavier,98.0
1576,2026-09-01 13:59:03,gate3b_restricted_search,211,cold,5,0.025248390936171015,xavier,23.0
1577,2026-09-01 13:59:03,gate3b_restricted_search,211,cold,6,0.04257625486011382,xavier,27.0
1578,2026-09-01 13:59:03,gate3b_restricted_search,211,cold,7,0.0003232148147351276,xavier,441.0
1579,2026-09-01 13:59:03,gate3b_restricted_search,211,cold,8,0.07475987911298648,he,49.0
1580,2026-09-01 13:59:03,gate3b_restricted_search,211,cold,9,0.011468398705751582,xavier,28.0
1581,2026-09-01 13:59:03,gate3b_restricted_search,211,cold,10,0.014576193863035302,he,34.0
1582,2026-09-01 13:59:03,gate3b_restricted_search,211,cold,11,0.0797234062203645,xavier,29.0
1583,2026-09-01 13:59:03,gate3b_restricted_search,211,cold,12,0.018729908809075033,xavier,28.0
1584,2026-09-01 13:59:03,gate3b_restricted_search,211,cold,13,0.031234904643959893,xavier,23.0
1585,2026-09-01 13:59:04,gate3b_restricted_search,211,cold,14,0.007330807339450185,orthogonal,37.0
1586,2026-09-01 13:59:04,gate3b_restricted_search,211,informed_restricted,0,0.0017826497151386949,xavier,98.0
1587,2026-09-01 13:59:04,gate3b_restricted_search,211,informed_restricted,1,0.01448683388723935,xavier,28.0
1588,2026-09-01 13:59:04,gate3b_restricted_search,211,informed_restricted,2,0.00010007903854383786,xavier,1600.0
1589,2026-09-01 13:59:05,gate3b_restricted_search,211,informed_restricted,3,0.0008072307884499761,xavier,192.0
1590,2026-09-01 13:59:05,gate3b_restricted_search,211,informed_restricted,4,0.0002755926764027377,xavier,588.0
1591,2026-09-01 13:59:06,gate3b_restricted_search,211,informed_restricted,5,0.00018924123965722266,xavier,1600.0
1592,2026-09-01 13:59:07,gate3b_restricted_search,211,informed_restricted,6,0.0003620600725744741,xavier,441.0
1593,2026-09-01 13:59:07,gate3b_restricted_search,211,informed_restricted,7,0.001088133500363589,xavier,160.0
1594,2026-09-01 13:59:07,gate3b_restricted_search,211,informed_restricted,8,0.0015498955191377143,xavier,116.0
1595,2026-09-01 13:59:07,gate3b_restricted_search,211,informed_restricted,9,0.00413475900783472,xavier,54.0
1596,2026-09-01 13:59:07,gate3b_restricted_search,211,informed_restricted,10,0.09290791998691832,xavier,25.0
1597,2026-09-01 13:59:07,gate3b_restricted_search,211,informed_restricted,11,0.07785058870653301,xavier,29.0
1598,2026-09-01 13:59:07,gate3b_restricted_search,211,informed_restricted,12,0.0797234062203645,xavier,29.0
1599,2026-09-01 13:59:07,gate3b_restricted_search,211,informed_restricted,13,0.017223705768801514,xavier,28.0
1600,2026-09-01 13:59:07,gate3b_restricted_search,211,informed_restricted,14,0.02354874493860281,xavier,24.0
1601,2026-09-01 13:59:07,gate3b_restricted_search,211,universal_restricted,0,0.0017826497151386949,xavier,98.0
1602,2026-09-01 13:59:08,gate3b_restricted_search,211,universal_restricted,1,0.01448683388723935,xavier,28.0
1603,2026-09-01 13:59:08,gate3b_restricted_search,211,universal_restricted,2,0.00010007903854383786,xavier,1600.0
1604,2026-09-01 13:59:08,gate3b_restricted_search,211,universal_restricted,3,0.0008072307884499761,xavier,192.0
1605,2026-09-01 13:59:09,gate3b_restricted_search,211,universal_restricted,4,0.0002755926764027377,xavier,588.0
1606,2026-09-01 13:59:09,gate3b_restricted_search,211,universal_restricted,5,0.00018924123965722266,xavier,1600.0
1607,2026-09-01 13:59:10,gate3b_restricted_search,211,universal_restricted,6,0.0003620600725744741,xavier,441.0
1608,2026-09-01 13:59:10,gate3b_restricted_search,211,universal_restricted,7,0.001088133500363589,xavier,160.0
1609,2026-09-01 13:59:10,gate3b_restricted_search,211,universal_restricted,8,0.0015498955191377143,xavier,116.0
1610,2026-09-01 13:59:10,gate3b_restricted_search,211,universal_restricted,9,0.00413475900783472,xavier,54.0
1611,2026-09-01 13:59:10,gate3b_restricted_search,211,universal_restricted,10,0.09290791998691832,xavier,25.0
1612,2026-09-01 13:59:10,gate3b_restricted_search,211,universal_restricted,11,0.07785058870653301,xavier,29.0
1613,2026-09-01 13:59:10,gate3b_restricted_search,211,universal_restricted,12,0.0797234062203645,xavier,29.0
1614,2026-09-01 13:59:10,gate3b_restricted_search,211,universal_restricted,13,0.017223705768801514,xavier,28.0
1615,2026-09-01 13:59:10,gate3b_restricted_search,211,universal_restricted,14,0.02354874493860281,xavier,24.0
1616,2026-09-01 13:59:11,gate3b_restricted_search,213,reference,0,0.004430375245218269,xavier,130.0
1617,2026-09-01 13:59:11,gate3b_restricted_search,213,reference,1,0.0018662266976517971,orthogonal,468.0
1618,2026-09-01 13:59:11,gate3b_restricted_search,213,reference,2,0.07780155576901421,he,252.0
1619,2026-09-01 13:59:11,gate3b_restricted_search,213,reference,3,0.005059803874660437,xavier,171.0
1620,2026-09-01 13:59:12,gate3b_restricted_search,213,reference,4,0.00011498870747119459,orthogonal,1600.0
1621,2026-09-01 13:59:12,gate3b_restricted_search,213,reference,5,0.08626905220714905,xavier,229.0
1622,2026-09-01 13:59:13,gate3b_restricted_search,213,reference,6,0.00022637229697395497,orthogonal,1600.0
1623,2026-09-01 13:59:13,gate3b_restricted_search,213,reference,7,0.0036774346621052147,orthogonal,278.0
1624,2026-09-01 13:59:13,gate3b_restricted_search,213,reference,8,0.0023358825194833557,orthogonal,422.0
1625,2026-09-01 13:59:13,gate3b_restricted_search,213,reference,9,0.006859416411328701,he,247.0
1626,2026-09-01 13:59:14,gate3b_restricted_search,213,reference,10,0.019907506982928588,xavier,61.0
1627,2026-09-01 13:59:14,gate3b_restricted_search,213,reference,11,0.020814104803987817,xavier,61.0
1628,2026-09-01 13:59:14,gate3b_restricted_search,213,reference,12,0.021644937500336026,xavier,95.0
1629,2026-09-01 13:59:14,gate3b_restricted_search,213,reference,13,0.020527514539894275,xavier,61.0
1630,2026-09-01 13:59:14,gate3b_restricted_search,213,reference,14,0.021178889448851296,xavier,61.0
1631,2026-09-01 13:59:15,gate3b_restricted_search,213,reference,15,0.000694465168883101,xavier,1600.0
1632,2026-09-01 13:59:15,gate3b_restricted_search,213,reference,16,0.011599421468819674,xavier,208.0
1633,2026-09-01 13:59:15,gate3b_restricted_search,213,reference,17,0.0385998309482012,he,208.0
1634,2026-09-01 13:59:15,gate3b_restricted_search,213,reference,18,0.042140601439425406,xavier,158.0
1635,2026-09-01 13:59:15,gate3b_restricted_search,213,reference,19,0.010284672764162348,xavier,146.0
1636,2026-09-01 13:59:16,gate3b_restricted_search,213,reference,20,0.0009712798508231742,he,772.0
1637,2026-09-01 13:59:16,gate3b_restricted_search,213,reference,21,0.019944093242273486,xavier,61.0
1638,2026-09-01 13:59:16,gate3b_restricted_search,213,reference,22,0.04541120738084482,xavier,184.0
1639,2026-09-01 13:59:17,gate3b_restricted_search,213,reference,23,0.011657108315756374,xavier,208.0
1640,2026-09-01 13:59:17,gate3b_restricted_search,213,reference,24,0.02590845460307929,xavier,146.0
1641,2026-09-01 13:59:17,gate3b_restricted_search,213,reference,25,0.009263396141036433,xavier,171.0
1642,2026-09-01 13:59:17,gate3b_restricted_search,213,reference,26,0.05216046206469252,xavier,208.0
1643,2026-09-01 13:59:17,gate3b_restricted_search,213,reference,27,0.014073534254354876,xavier,95.0
1644,2026-09-01 13:59:17,gate3b_restricted_search,213,reference,28,0.029884139767470782,he,95.0
1645,2026-09-01 13:59:17,gate3b_restricted_search,213,reference,29,0.00605130280626793,xavier,171.0
1646,2026-09-01 13:59:18,gate3b_restricted_search,213,reference,30,0.0030362340943985407,xavier,343.0
1647,2026-09-01 13:59:18,gate3b_restricted_search,213,reference,31,0.019204792096438612,xavier,146.0
1648,2026-09-01 13:59:18,gate3b_restricted_search,213,reference,32,0.016683546906325564,xavier,208.0
1649,2026-09-01 13:59:18,gate3b_restricted_search,213,reference,33,0.06373313865499977,xavier,343.0
1650,2026-09-01 13:59:19,gate3b_restricted_search,213,reference,34,0.03415945982895076,xavier,231.0
1651,2026-09-01 13:59:19,gate3b_restricted_search,213,reference,35,0.026976072229331134,xavier,196.0
1652,2026-09-01 13:59:19,gate3b_restricted_search,213,reference,36,0.09588782262346678,orthogonal,343.0
1653,2026-09-01 13:59:19,gate3b_restricted_search,213,reference,37,0.006150417216518726,xavier,171.0
1654,2026-09-01 13:59:20,gate3b_restricted_search,213,reference,38,0.007989413128737199,he,171.0
1655,2026-09-01 13:59:20,gate3b_restricted_search,213,reference,39,0.06117121594987715,orthogonal,233.0
1656,2026-09-01 13:59:20,gate3b_restricted_search,213,cold,0,0.0017826497151386949,xavier,468.0
1657,2026-09-01 13:59:21,gate3b_restricted_search,213,cold,1,0.0002755926764027377,orthogonal,1600.0
1658,2026-09-01 13:59:21,gate3b_restricted_search,213,cold,2,0.0015498955191377143,orthogonal,489.0
1659,2026-09-01 13:59:22,gate3b_restricted_search,213,cold,3,0.00041054120168588934,xavier,1600.0
1660,2026-09-01 13:59:23,gate3b_restricted_search,213,cold,4,0.001786135519762597,xavier,468.0
1661,2026-09-01 13:59:23,gate3b_restricted_search,213,cold,5,0.025248390936171015,xavier,146.0
1662,2026-09-01 13:59:23,gate3b_restricted_search,213,cold,6,0.04257625486011382,xavier,153.0
1663,2026-09-01 13:59:24,gate3b_restricted_search,213,cold,7,0.0003232148147351276,xavier,1600.0
1664,2026-09-01 13:59:24,gate3b_restricted_search,213,cold,8,0.07475987911298648,he,229.0
1665,2026-09-01 13:59:24,gate3b_restricted_search,213,cold,9,0.011468398705751582,xavier,208.0
1666,2026-09-01 13:59:24,gate3b_restricted_search,213,cold,10,0.014576193863035302,he,241.0
1667,2026-09-01 13:59:25,gate3b_restricted_search,213,cold,11,0.0797234062203645,xavier,208.0
1668,2026-09-01 13:59:25,gate3b_restricted_search,213,cold,12,0.018729908809075033,xavier,208.0
1669,2026-09-01 13:59:25,gate3b_restricted_search,213,cold,13,0.031234904643959893,xavier,208.0
1670,2026-09-01 13:59:25,gate3b_restricted_search,213,cold,14,0.004614067695461879,orthogonal,171.0
1671,2026-09-01 13:59:26,gate3b_restricted_search,213,informed_restricted,0,0.0017826497151386949,he,489.0
1672,2026-09-01 13:59:26,gate3b_restricted_search,213,informed_restricted,1,0.01448683388723935,he,241.0
1673,2026-09-01 13:59:26,gate3b_restricted_search,213,informed_restricted,2,0.00010007903854383786,he,1600.0
1674,2026-09-01 13:59:27,gate3b_restricted_search,213,informed_restricted,3,0.0008072307884499761,he,1600.0
1675,2026-09-01 13:59:28,gate3b_restricted_search,213,informed_restricted,4,0.0002755926764027377,he,1600.0
1676,2026-09-01 13:59:28,gate3b_restricted_search,213,informed_restricted,5,0.00018924123965722266,he,1600.0
1677,2026-09-01 13:59:29,gate3b_restricted_search,213,informed_restricted,6,0.0003620600725744741,he,1600.0
1678,2026-09-01 13:59:30,gate3b_restricted_search,213,informed_restricted,7,0.001088133500363589,he,772.0
1679,2026-09-01 13:59:30,gate3b_restricted_search,213,informed_restricted,8,0.0015498955191377143,he,515.0
1680,2026-09-01 13:59:31,gate3b_restricted_search,213,informed_restricted,9,0.00413475900783472,he,247.0
1681,2026-09-01 13:59:31,gate3b_restricted_search,213,informed_restricted,10,0.09290791998691832,he,323.0
1682,2026-09-01 13:59:31,gate3b_restricted_search,213,informed_restricted,11,0.011930383561222451,he,171.0
1683,2026-09-01 13:59:31,gate3b_restricted_search,213,informed_restricted,12,0.016535107145461723,he,197.0
1684,2026-09-01 13:59:32,gate3b_restricted_search,213,informed_restricted,13,0.01718356475580144,he,231.0
1685,2026-09-01 13:59:32,gate3b_restricted_search,213,informed_restricted,14,0.014258411285390252,he,197.0
1686,2026-09-01 13:59:32,gate3b_restricted_search,213,universal_restricted,0,0.0017826497151386949,xavier,468.0
1687,2026-09-01 13:59:32,gate3b_restricted_search,213,universal_restricted,1,0.01448683388723935,xavier,95.0
1688,2026-09-01 13:59:33,gate3b_restricted_search,213,universal_restricted,2,0.00010007903854383786,xavier,1600.0
1689,2026-09-01 13:59:33,gate3b_restricted_search,213,universal_restricted,3,0.0008072307884499761,xavier,1600.0
1690,2026-09-01 13:59:34,gate3b_restricted_search,213,universal_restricted,4,0.0002755926764027377,xavier,1600.0
1691,2026-09-01 13:59:35,gate3b_restricted_search,213,universal_restricted,5,0.00018924123965722266,xavier,1600.0
1692,2026-09-01 13:59:35,gate3b_restricted_search,213,universal_restricted,6,0.0003620600725744741,xavier,1600.0
1693,2026-09-01 13:59:36,gate3b_restricted_search,213,universal_restricted,7,0.001088133500363589,xavier,750.0
1694,2026-09-01 13:59:36,gate3b_restricted_search,213,universal_restricted,8,0.0015498955191377143,xavier,515.0
1695,2026-09-01 13:59:37,gate3b_restricted_search,213,universal_restricted,9,0.00413475900783472,xavier,130.0
1696,2026-09-01 13:59:37,gate3b_restricted_search,213,universal_restricted,10,0.09290791998691832,xavier,358.0
1697,2026-09-01 13:59:37,gate3b_restricted_search,213,universal_restricted,11,0.011930383561222451,xavier,156.0
1698,2026-09-01 13:59:37,gate3b_restricted_search,213,universal_restricted,12,0.015093357760941058,xavier,176.0
1699,2026-09-01 13:59:37,gate3b_restricted_search,213,universal_restricted,13,0.006820076408998035,xavier,171.0
1700,2026-09-01 13:59:37,gate3b_restricted_search,213,universal_restricted,14,0.042082511315711495,xavier,158.0
1701,2026-09-01 13:59:38,gate3b_restricted_search,222,reference,0,0.004430375245218269,xavier,232.0
1702,2026-09-01 13:59:38,gate3b_restricted_search,222,reference,1,0.0018662266976517971,orthogonal,632.0
1703,2026-09-01 13:59:39,gate3b_restricted_search,222,reference,2,0.07780155576901421,he,454.0
1704,2026-09-01 13:59:39,gate3b_restricted_search,222,reference,3,0.005059803874660437,xavier,232.0
1705,2026-09-01 13:59:39,gate3b_restricted_search,222,reference,4,0.00011498870747119459,orthogonal,1600.0
1706,2026-09-01 13:59:40,gate3b_restricted_search,222,reference,5,0.08626905220714905,xavier,1600.0
1707,2026-09-01 13:59:41,gate3b_restricted_search,222,reference,6,0.00022637229697395497,orthogonal,1600.0
1708,2026-09-01 13:59:41,gate3b_restricted_search,222,reference,7,0.0036774346621052147,orthogonal,319.0
1709,2026-09-01 13:59:41,gate3b_restricted_search,222,reference,8,0.0023358825194833557,orthogonal,445.0
1710,2026-09-01 13:59:42,gate3b_restricted_search,222,reference,9,0.006859416411328701,he,339.0
1711,2026-09-01 13:59:42,gate3b_restricted_search,222,reference,10,0.019907506982928588,xavier,250.0
1712,2026-09-01 13:59:43,gate3b_restricted_search,222,reference,11,0.0007008898239275757,xavier,1600.0
1713,2026-09-01 13:59:43,gate3b_restricted_search,222,reference,12,0.01144294738647187,xavier,232.0
1714,2026-09-01 13:59:43,gate3b_restricted_search,222,reference,13,0.017937677544489227,xavier,223.0
1715,2026-09-01 13:59:43,gate3b_restricted_search,222,reference,14,0.021178889448851296,xavier,228.0
1716,2026-09-01 13:59:44,gate3b_restricted_search,222,reference,15,0.0009103919367841243,xavier,696.0
1717,2026-09-01 13:59:44,gate3b_restricted_search,222,reference,16,0.028596377925200322,xavier,164.0
1718,2026-09-01 13:59:44,gate3b_restricted_search,222,reference,17,0.04279705667857636,he,256.0
1719,2026-09-01 13:59:45,gate3b_restricted_search,222,reference,18,0.04356042310430464,xavier,552.0
1720,2026-09-01 13:59:45,gate3b_restricted_search,222,reference,19,0.008694222749452392,xavier,232.0
1721,2026-09-01 13:59:45,gate3b_restricted_search,222,reference,20,0.0009712798508231742,he,1600.0
1722,2026-09-01 13:59:46,gate3b_restricted_search,222,reference,21,0.017437388370562343,xavier,164.0
1723,2026-09-01 13:59:46,gate3b_restricted_search,222,reference,22,0.03751999535244843,xavier,250.0
1724,2026-09-01 13:59:46,gate3b_restricted_search,222,reference,23,0.010724722597605823,xavier,232.0
1725,2026-09-01 13:59:46,gate3b_restricted_search,222,reference,24,0.0035190940779415633,xavier,275.0
1726,2026-09-01 13:59:46,gate3b_restricted_search,222,reference,25,0.02412020358444278,xavier,232.0
1727,2026-09-01 13:59:47,gate3b_restricted_search,222,reference,26,0.013458197678167446,xavier,232.0
1728,2026-09-01 13:59:47,gate3b_restricted_search,222,reference,27,0.0339819586150318,xavier,250.0
1729,2026-09-01 13:59:47,gate3b_restricted_search,222,reference,28,0.006427165870636618,he,354.0
1730,2026-09-01 13:59:48,gate3b_restricted_search,222,reference,29,0.002009064600621077,xavier,445.0
1731,2026-09-01 13:59:48,gate3b_restricted_search,222,reference,30,0.07114365280210753,xavier,275.0
1732,2026-09-01 13:59:48,gate3b_restricted_search,222,reference,31,0.016195697596562465,xavier,250.0
1733,2026-09-01 13:59:48,gate3b_restricted_search,222,reference,32,0.02728056808027388,xavier,261.0
1734,2026-09-01 13:59:49,gate3b_restricted_search,222,reference,33,0.05958771296684627,xavier,431.0
1735,2026-09-01 13:59:49,gate3b_restricted_search,222,reference,34,0.005082090995591712,orthogonal,232.0
1736,2026-09-01 13:59:49,gate3b_restricted_search,222,reference,35,0.016114882433290897,xavier,164.0
1737,2026-09-01 13:59:49,gate3b_restricted_search,222,reference,36,0.00881788475462991,xavier,232.0
1738,2026-09-01 13:59:50,gate3b_restricted_search,222,reference,37,0.09673764573982581,orthogonal,1600.0
1739,2026-09-01 13:59:51,gate3b_restricted_search,222,reference,38,0.0032944862913753003,he,446.0
1740,2026-09-01 13:59:51,gate3b_restricted_search,222,reference,39,0.055426197709218875,xavier,250.0
1741,2026-09-01 13:59:51,gate3b_restricted_search,222,cold,0,0.0017826497151386949,xavier,445.0
1742,2026-09-01 13:59:52,gate3b_restricted_search,222,cold,1,0.0002755926764027377,orthogonal,1600.0
1743,2026-09-01 13:59:52,gate3b_restricted_search,222,cold,2,0.0015498955191377143,orthogonal,658.0
1744,2026-09-01 13:59:53,gate3b_restricted_search,222,cold,3,0.00041054120168588934,xavier,1600.0
1745,2026-09-01 13:59:53,gate3b_restricted_search,222,cold,4,0.001786135519762597,xavier,445.0
1746,2026-09-01 13:59:53,gate3b_restricted_search,222,cold,5,0.025248390936171015,xavier,179.0
1747,2026-09-01 13:59:54,gate3b_restricted_search,222,cold,6,0.04257625486011382,xavier,268.0
1748,2026-09-01 13:59:55,gate3b_restricted_search,222,cold,7,0.0003232148147351276,xavier,1600.0
1749,2026-09-01 13:59:55,gate3b_restricted_search,222,cold,8,0.07475987911298648,he,591.0
1750,2026-09-01 13:59:55,gate3b_restricted_search,222,cold,9,0.011468398705751582,xavier,232.0
1751,2026-09-01 13:59:55,gate3b_restricted_search,222,cold,10,0.014576193863035302,he,232.0
1752,2026-09-01 13:59:56,gate3b_restricted_search,222,cold,11,0.012710606512951533,he,232.0
1753,2026-09-01 13:59:56,gate3b_restricted_search,222,cold,12,0.01307460150352353,he,232.0
1754,2026-09-01 13:59:56,gate3b_restricted_search,222,cold,13,0.02617075331193701,he,250.0
1755,2026-09-01 13:59:56,gate3b_restricted_search,222,cold,14,0.007277381843354179,he,294.0
1756,2026-09-01 13:59:57,gate3b_restricted_search,222,informed_restricted,0,0.0017826497151386949,he,658.0
1757,2026-09-01 13:59:57,gate3b_restricted_search,222,informed_restricted,1,0.01448683388723935,he,232.0
1758,2026-09-01 13:59:58,gate3b_restricted_search,222,informed_restricted,2,0.00010007903854383786,he,1600.0
1759,2026-09-01 13:59:58,gate3b_restricted_search,222,informed_restricted,3,0.0008072307884499761,he,1600.0
1760,2026-09-01 13:59:59,gate3b_restricted_search,222,informed_restricted,4,0.0002755926764027377,he,1600.0
1761,2026-09-01 14:00:00,gate3b_restricted_search,222,informed_restricted,5,0.00018924123965722266,he,1600.0
1762,2026-09-01 14:00:00,gate3b_restricted_search,222,informed_restricted,6,0.0003620600725744741,he,1600.0
1763,2026-09-01 14:00:01,gate3b_restricted_search,222,informed_restricted,7,0.001088133500363589,he,705.0
1764,2026-09-01 14:00:01,gate3b_restricted_search,222,informed_restricted,8,0.0015498955191377143,he,696.0
1765,2026-09-01 14:00:02,gate3b_restricted_search,222,informed_restricted,9,0.00413475900783472,he,446.0
1766,2026-09-01 14:00:02,gate3b_restricted_search,222,informed_restricted,10,0.09290791998691832,he,758.0
1767,2026-09-01 14:00:03,gate3b_restricted_search,222,informed_restricted,11,0.011930383561222451,he,232.0
1768,2026-09-01 14:00:03,gate3b_restricted_search,222,informed_restricted,12,0.016535107145461723,he,232.0
1769,2026-09-01 14:00:03,gate3b_restricted_search,222,informed_restricted,13,0.01416591916805599,he,232.0
1770,2026-09-01 14:00:03,gate3b_restricted_search,222,informed_restricted,14,0.01553710788150454,he,232.0
1771,2026-09-01 14:00:03,gate3b_restricted_search,222,universal_restricted,0,0.0017826497151386949,xavier,445.0
1772,2026-09-01 14:00:03,gate3b_restricted_search,222,universal_restricted,1,0.01448683388723935,xavier,232.0
1773,2026-09-01 14:00:04,gate3b_restricted_search,222,universal_restricted,2,0.00010007903854383786,xavier,1600.0
1774,2026-09-01 14:00:05,gate3b_restricted_search,222,universal_restricted,3,0.0008072307884499761,xavier,779.0
1775,2026-09-01 14:00:05,gate3b_restricted_search,222,universal_restricted,4,0.0002755926764027377,xavier,1600.0
1776,2026-09-01 14:00:06,gate3b_restricted_search,222,universal_restricted,5,0.00018924123965722266,xavier,1600.0
1777,2026-09-01 14:00:06,gate3b_restricted_search,222,universal_restricted,6,0.0003620600725744741,xavier,1600.0
1778,2026-09-01 14:00:07,gate3b_restricted_search,222,universal_restricted,7,0.001088133500363589,xavier,591.0
1779,2026-09-01 14:00:07,gate3b_restricted_search,222,universal_restricted,8,0.0015498955191377143,xavier,591.0
1780,2026-09-01 14:00:07,gate3b_restricted_search,222,universal_restricted,9,0.00413475900783472,xavier,232.0
1781,2026-09-01 14:00:08,gate3b_restricted_search,222,universal_restricted,10,0.09290791998691832,xavier,1600.0
1782,2026-09-01 14:00:08,gate3b_restricted_search,222,universal_restricted,11,0.011930383561222451,xavier,232.0
1783,2026-09-01 14:00:08,gate3b_restricted_search,222,universal_restricted,12,0.015093357760941058,xavier,232.0
1784,2026-09-01 14:00:08,gate3b_restricted_search,222,universal_restricted,13,0.006820076408998035,xavier,232.0
1785,2026-09-01 14:00:08,gate3b_restricted_search,222,universal_restricted,14,0.042082511315711495,xavier,323.0
1786,2026-09-01 14:00:09,gate3b_restricted_search,224,reference,0,0.004430375245218269,xavier,465.0
1787,2026-09-01 14:00:09,gate3b_restricted_search,224,reference,1,0.0018662266976517971,orthogonal,1600.0
1788,2026-09-01 14:00:10,gate3b_restricted_search,224,reference,2,0.07780155576901421,he,741.0
1789,2026-09-01 14:00:10,gate3b_restricted_search,224,reference,3,0.005059803874660437,xavier,463.0
1790,2026-09-01 14:00:11,gate3b_restricted_search,224,reference,4,0.00011498870747119459,orthogonal,1600.0
1791,2026-09-01 14:00:11,gate3b_restricted_search,224,reference,5,0.08626905220714905,xavier,335.0
1792,2026-09-01 14:00:12,gate3b_restricted_search,224,reference,6,0.00022637229697395497,orthogonal,1600.0
1793,2026-09-01 14:00:12,gate3b_restricted_search,224,reference,7,0.0036774346621052147,orthogonal,541.0
1794,2026-09-01 14:00:12,gate3b_restricted_search,224,reference,8,0.0023358825194833557,orthogonal,1600.0
1795,2026-09-01 14:00:13,gate3b_restricted_search,224,reference,9,0.006859416411328701,he,537.0
1796,2026-09-01 14:00:13,gate3b_restricted_search,224,reference,10,0.07162629642639848,xavier,691.0
1797,2026-09-01 14:00:13,gate3b_restricted_search,224,reference,11,0.022541989102962234,xavier,225.0
1798,2026-09-01 14:00:14,gate3b_restricted_search,224,reference,12,0.02365310875574803,xavier,198.0
1799,2026-09-01 14:00:14,gate3b_restricted_search,224,reference,13,0.020527514539894275,xavier,231.0
1800,2026-09-01 14:00:14,gate3b_restricted_search,224,reference,14,0.021178889448851296,xavier,300.0
1801,2026-09-01 14:00:14,gate3b_restricted_search,224,reference,15,0.01777169818012893,xavier,198.0
1802,2026-09-01 14:00:14,gate3b_restricted_search,224,reference,16,0.011608793012496683,xavier,225.0
1803,2026-09-01 14:00:15,gate3b_restricted_search,224,reference,17,0.0005834317563228813,he,1600.0
1804,2026-09-01 14:00:15,gate3b_restricted_search,224,reference,18,0.03913300331270353,xavier,301.0
1805,2026-09-01 14:00:15,gate3b_restricted_search,224,reference,19,0.01058944355112779,xavier,306.0
1806,2026-09-01 14:00:16,gate3b_restricted_search,224,reference,20,0.0009712798508231742,he,1600.0
1807,2026-09-01 14:00:16,gate3b_restricted_search,224,reference,21,0.03226965609205582,xavier,323.0
1808,2026-09-01 14:00:16,gate3b_restricted_search,224,reference,22,0.012566840194819818,xavier,225.0
1809,2026-09-01 14:00:16,gate3b_restricted_search,224,reference,23,0.03915805092198091,xavier,323.0
1810,2026-09-01 14:00:17,gate3b_restricted_search,224,reference,24,0.021588520875124452,xavier,198.0
1811,2026-09-01 14:00:17,gate3b_restricted_search,224,reference,25,0.008594848007790657,xavier,317.0
1812,2026-09-01 14:00:17,gate3b_restricted_search,224,reference,26,0.0484700997653013,xavier,144.0
1813,2026-09-01 14:00:17,gate3b_restricted_search,224,reference,27,0.05124717899464302,xavier,316.0
1814,2026-09-01 14:00:17,gate3b_restricted_search,224,reference,28,0.01665413415829507,he,261.0
1815,2026-09-01 14:00:18,gate3b_restricted_search,224,reference,29,0.0512296408911335,xavier,435.0
1816,2026-09-01 14:00:18,gate3b_restricted_search,224,reference,30,0.09865659655619732,xavier,1600.0
1817,2026-09-01 14:00:19,gate3b_restricted_search,224,reference,31,0.0269295634828025,xavier,306.0
1818,2026-09-01 14:00:19,gate3b_restricted_search,224,reference,32,0.01463116169390054,xavier,306.0
1819,2026-09-01 14:00:19,gate3b_restricted_search,224,reference,33,0.006020566554700968,xavier,462.0
1820,2026-09-01 14:00:19,gate3b_restricted_search,224,reference,34,0.05406411654207138,xavier,335.0
1821,2026-09-01 14:00:20,gate3b_restricted_search,224,reference,35,0.003752303202694063,xavier,537.0
1822,2026-09-01 14:00:20,gate3b_restricted_search,224,reference,36,0.030106955599407216,orthogonal,300.0
1823,2026-09-01 14:00:20,gate3b_restricted_search,224,reference,37,0.016478896092614426,xavier,198.0
1824,2026-09-01 14:00:20,gate3b_restricted_search,224,reference,38,0.00794264886387611,he,240.0
1825,2026-09-01 14:00:21,gate3b_restricted_search,224,reference,39,0.06175435686313745,orthogonal,300.0
1826,2026-09-01 14:00:21,gate3b_restricted_search,224,cold,0,0.0017826497151386949,xavier,541.0
1827,2026-09-01 14:00:22,gate3b_restricted_search,224,cold,1,0.0002755926764027377,orthogonal,1600.0
1828,2026-09-01 14:00:22,gate3b_restricted_search,224,cold,2,0.0015498955191377143,orthogonal,1600.0
1829,2026-09-01 14:00:23,gate3b_restricted_search,224,cold,3,0.00041054120168588934,xavier,1600.0
1830,2026-09-01 14:00:23,gate3b_restricted_search,224,cold,4,0.001786135519762597,xavier,541.0
1831,2026-09-01 14:00:24,gate3b_restricted_search,224,cold,5,0.025248390936171015,xavier,198.0
1832,2026-09-01 14:00:24,gate3b_restricted_search,224,cold,6,0.04257625486011382,xavier,300.0
1833,2026-09-01 14:00:24,gate3b_restricted_search,224,cold,7,0.0003232148147351276,xavier,1600.0
1834,2026-09-01 14:00:25,gate3b_restricted_search,224,cold,8,0.07475987911298648,he,316.0
1835,2026-09-01 14:00:25,gate3b_restricted_search,224,cold,9,0.011468398705751582,xavier,306.0
1836,2026-09-01 14:00:25,gate3b_restricted_search,224,cold,10,0.014576193863035302,he,293.0
1837,2026-09-01 14:00:25,gate3b_restricted_search,224,cold,11,0.012710606512951533,he,306.0
1838,2026-09-01 14:00:25,gate3b_restricted_search,224,cold,12,0.01307460150352353,he,306.0
1839,2026-09-01 14:00:26,gate3b_restricted_search,224,cold,13,0.02617075331193701,he,306.0
1840,2026-09-01 14:00:26,gate3b_restricted_search,224,cold,14,0.007277381843354179,he,240.0
1841,2026-09-01 14:00:27,gate3b_restricted_search,224,informed_restricted,0,0.0017826497151386949,orthogonal,1600.0
1842,2026-09-01 14:00:27,gate3b_restricted_search,224,informed_restricted,1,0.01448683388723935,orthogonal,225.0
1843,2026-09-01 14:00:27,gate3b_restricted_search,224,informed_restricted,2,0.00010007903854383786,orthogonal,1600.0
1844,2026-09-01 14:00:28,gate3b_restricted_search,224,informed_restricted,3,0.0008072307884499761,orthogonal,1600.0
1845,2026-09-01 14:00:28,gate3b_restricted_search,224,informed_restricted,4,0.0002755926764027377,orthogonal,1600.0
1846,2026-09-01 14:00:29,gate3b_restricted_search,224,informed_restricted,5,0.00018924123965722266,orthogonal,1600.0
1847,2026-09-01 14:00:29,gate3b_restricted_search,224,informed_restricted,6,0.0003620600725744741,orthogonal,1600.0
1848,2026-09-01 14:00:30,gate3b_restricted_search,224,informed_restricted,7,0.001088133500363589,orthogonal,1600.0
1849,2026-09-01 14:00:30,gate3b_restricted_search,224,informed_restricted,8,0.0015498955191377143,orthogonal,1600.0
1850,2026-09-01 14:00:31,gate3b_restricted_search,224,informed_restricted,9,0.00413475900783472,orthogonal,537.0
1851,2026-09-01 14:00:31,gate3b_restricted_search,224,informed_restricted,10,0.09290791998691832,orthogonal,404.0
1852,2026-09-01 14:00:32,gate3b_restricted_search,224,informed_restricted,11,0.07785058870653301,orthogonal,767.0
1853,2026-09-01 14:00:32,gate3b_restricted_search,224,informed_restricted,12,0.0797234062203645,orthogonal,537.0
1854,2026-09-01 14:00:32,gate3b_restricted_search,224,informed_restricted,13,0.017223705768801514,orthogonal,279.0
1855,2026-09-01 14:00:32,gate3b_restricted_search,224,informed_restricted,14,0.01553710788150454,orthogonal,225.0
1856,2026-09-01 14:00:33,gate3b_restricted_search,224,universal_restricted,0,0.0017826497151386949,xavier,541.0
1857,2026-09-01 14:00:33,gate3b_restricted_search,224,universal_restricted,1,0.01448683388723935,xavier,225.0
1858,2026-09-01 14:00:33,gate3b_restricted_search,224,universal_restricted,2,0.00010007903854383786,xavier,1600.0
1859,2026-09-01 14:00:34,gate3b_restricted_search,224,universal_restricted,3,0.0008072307884499761,xavier,1600.0
1860,2026-09-01 14:00:35,gate3b_restricted_search,224,universal_restricted,4,0.0002755926764027377,xavier,1600.0
1861,2026-09-01 14:00:35,gate3b_restricted_search,224,universal_restricted,5,0.00018924123965722266,xavier,1600.0
1862,2026-09-01 14:00:36,gate3b_restricted_search,224,universal_restricted,6,0.0003620600725744741,xavier,1600.0
1863,2026-09-01 14:00:36,gate3b_restricted_search,224,universal_restricted,7,0.001088133500363589,xavier,1600.0
1864,2026-09-01 14:00:37,gate3b_restricted_search,224,universal_restricted,8,0.0015498955191377143,xavier,1600.0
1865,2026-09-01 14:00:37,gate3b_restricted_search,224,universal_restricted,9,0.00413475900783472,xavier,465.0
1866,2026-09-01 14:00:37,gate3b_restricted_search,224,universal_restricted,10,0.09290791998691832,xavier,727.0
1867,2026-09-01 14:00:38,gate3b_restricted_search,224,universal_restricted,11,0.011930383561222451,xavier,225.0
1868,2026-09-01 14:00:38,gate3b_restricted_search,224,universal_restricted,12,0.016535107145461723,xavier,306.0
1869,2026-09-01 14:00:38,gate3b_restricted_search,224,universal_restricted,13,0.01416591916805599,xavier,306.0
1870,2026-09-01 14:00:38,gate3b_restricted_search,224,universal_restricted,14,0.01553710788150454,xavier,225.0
1871,2026-09-01 14:00:39,gate3b_restricted_search,228,reference,0,0.004430375245218269,xavier,397.0
1872,2026-09-01 14:00:39,gate3b_restricted_search,228,reference,1,0.0018662266976517971,orthogonal,782.0
1873,2026-09-01 14:00:40,gate3b_restricted_search,228,reference,2,0.07780155576901421,he,685.0
1874,2026-09-01 14:00:40,gate3b_restricted_search,228,reference,3,0.005059803874660437,xavier,354.0
1875,2026-09-01 14:00:40,gate3b_restricted_search,228,reference,4,0.00011498870747119459,orthogonal,1600.0
1876,2026-09-01 14:00:41,gate3b_restricted_search,228,reference,5,0.08626905220714905,xavier,361.0
1877,2026-09-01 14:00:41,gate3b_restricted_search,228,reference,6,0.00022637229697395497,orthogonal,1600.0
1878,2026-09-01 14:00:42,gate3b_restricted_search,228,reference,7,0.0036774346621052147,orthogonal,354.0
1879,2026-09-01 14:00:42,gate3b_restricted_search,228,reference,8,0.0023358825194833557,orthogonal,699.0
1880,2026-09-01 14:00:42,gate3b_restricted_search,228,reference,9,0.006859416411328701,he,300.0
1881,2026-09-01 14:00:42,gate3b_restricted_search,228,reference,10,0.019907506982928588,he,325.0
1882,2026-09-01 14:00:43,gate3b_restricted_search,228,reference,11,0.020814104803987817,he,218.0
1883,2026-09-01 14:00:43,gate3b_restricted_search,228,reference,12,0.016044606150810846,he,325.0
1884,2026-09-01 14:00:43,gate3b_restricted_search,228,reference,13,0.019979972380664342,he,218.0
1885,2026-09-01 14:00:43,gate3b_restricted_search,228,reference,14,0.025022104452676313,he,218.0
1886,2026-09-01 14:00:43,gate3b_restricted_search,228,reference,15,0.03256899475841046,he,190.0
1887,2026-09-01 14:00:43,gate3b_restricted_search,228,reference,16,0.037972282339941474,he,190.0
1888,2026-09-01 14:00:44,gate3b_restricted_search,228,reference,17,0.04861222687467661,he,190.0
1889,2026-09-01 14:00:44,gate3b_restricted_search,228,reference,18,0.05059009426842365,he,225.0
1890,2026-09-01 14:00:44,gate3b_restricted_search,228,reference,19,0.0010503533449916396,he,1600.0
1891,2026-09-01 14:00:44,gate3b_restricted_search,228,reference,20,0.04462642727040704,xavier,258.0
1892,2026-09-01 14:00:45,gate3b_restricted_search,228,reference,21,0.03939923422053183,he,190.0
1893,2026-09-01 14:00:45,gate3b_restricted_search,228,reference,22,0.008552255430198255,he,295.0
1894,2026-09-01 14:00:45,gate3b_restricted_search,228,reference,23,0.010155063855043101,he,295.0
1895,2026-09-01 14:00:45,gate3b_restricted_search,228,reference,24,0.036619762900766156,he,190.0
1896,2026-09-01 14:00:46,gate3b_restricted_search,228,reference,25,0.08685045008904316,he,471.0
1897,2026-09-01 14:00:46,gate3b_restricted_search,228,reference,26,0.011123093347767881,he,295.0
1898,2026-09-01 14:00:46,gate3b_restricted_search,228,reference,27,0.05496729917528685,he,93.0
1899,2026-09-01 14:00:46,gate3b_restricted_search,228,reference,28,0.05412832726475046,xavier,258.0
1900,2026-09-01 14:00:46,gate3b_restricted_search,228,reference,29,0.01250892665860899,he,295.0
1901,2026-09-01 14:00:46,gate3b_restricted_search,228,reference,30,0.030617713316465175,xavier,190.0
1902,2026-09-01 14:00:46,gate3b_restricted_search,228,reference,31,0.028701644291449824,xavier,207.0
1903,2026-09-01 14:00:47,gate3b_restricted_search,228,reference,32,0.054667605539198735,xavier,463.0
1904,2026-09-01 14:00:47,gate3b_restricted_search,228,reference,33,0.0980602620755943,xavier,397.0
1905,2026-09-01 14:00:47,gate3b_restricted_search,228,reference,34,0.06696572631610567,xavier,412.0
1906,2026-09-01 14:00:48,gate3b_restricted_search,228,reference,35,0.03241204366710087,xavier,190.0
1907,2026-09-01 14:00:48,gate3b_restricted_search,228,reference,36,0.014899747601655617,orthogonal,190.0
1908,2026-09-01 14:00:48,gate3b_restricted_search,228,reference,37,0.005366315225754048,orthogonal,344.0
1909,2026-09-01 14:00:48,gate3b_restricted_search,228,reference,38,0.015153474398093204,orthogonal,172.0
1910,2026-09-01 14:00:48,gate3b_restricted_search,228,reference,39,0.013984142848634789,orthogonal,190.0
1911,2026-09-01 14:00:49,gate3b_restricted_search,228,cold,0,0.0017826497151386949,xavier,631.0
1912,2026-09-01 14:00:49,gate3b_restricted_search,228,cold,1,0.0002755926764027377,orthogonal,1600.0
1913,2026-09-01 14:00:50,gate3b_restricted_search,228,cold,2,0.0015498955191377143,orthogonal,1600.0
1914,2026-09-01 14:00:50,gate3b_restricted_search,228,cold,3,0.00041054120168588934,xavier,1600.0
1915,2026-09-01 14:00:51,gate3b_restricted_search,228,cold,4,0.001786135519762597,xavier,631.0
1916,2026-09-01 14:00:51,gate3b_restricted_search,228,cold,5,0.025248390936171015,xavier,218.0
1917,2026-09-01 14:00:51,gate3b_restricted_search,228,cold,6,0.04257625486011382,xavier,234.0
1918,2026-09-01 14:00:52,gate3b_restricted_search,228,cold,7,0.0003232148147351276,xavier,1600.0
1919,2026-09-01 14:00:52,gate3b_restricted_search,228,cold,8,0.07475987911298648,he,493.0
1920,2026-09-01 14:00:52,gate3b_restricted_search,228,cold,9,0.011468398705751582,xavier,207.0
1921,2026-09-01 14:00:53,gate3b_restricted_search,228,cold,10,0.014576193863035302,he,325.0
1922,2026-09-01 14:00:53,gate3b_restricted_search,228,cold,11,0.010686274357222558,xavier,207.0
1923,2026-09-01 14:00:53,gate3b_restricted_search,228,cold,12,0.012490731612965383,xavier,190.0
1924,2026-09-01 14:00:53,gate3b_restricted_search,228,cold,13,0.023860671076111128,xavier,143.0
1925,2026-09-01 14:00:53,gate3b_restricted_search,228,cold,14,0.007330807339450185,orthogonal,282.0
1926,2026-09-01 14:00:54,gate3b_restricted_search,228,informed_restricted,0,0.0017826497151386949,xavier,631.0
1927,2026-09-01 14:00:54,gate3b_restricted_search,228,informed_restricted,1,0.01448683388723935,xavier,190.0
1928,2026-09-01 14:00:54,gate3b_restricted_search,228,informed_restricted,2,0.00010007903854383786,xavier,1600.0
1929,2026-09-01 14:00:55,gate3b_restricted_search,228,informed_restricted,3,0.0008072307884499761,xavier,1600.0
1930,2026-09-01 14:00:55,gate3b_restricted_search,228,informed_restricted,4,0.0002755926764027377,xavier,1600.0
1931,2026-09-01 14:00:56,gate3b_restricted_search,228,informed_restricted,5,0.00018924123965722266,xavier,1600.0
1932,2026-09-01 14:00:56,gate3b_restricted_search,228,informed_restricted,6,0.0003620600725744741,xavier,1600.0
1933,2026-09-01 14:00:57,gate3b_restricted_search,228,informed_restricted,7,0.001088133500363589,xavier,1600.0
1934,2026-09-01 14:00:57,gate3b_restricted_search,228,informed_restricted,8,0.0015498955191377143,xavier,1600.0
1935,2026-09-01 14:00:58,gate3b_restricted_search,228,informed_restricted,9,0.00413475900783472,xavier,397.0
1936,2026-09-01 14:00:58,gate3b_restricted_search,228,informed_restricted,10,0.09290791998691832,xavier,760.0
1937,2026-09-01 14:00:58,gate3b_restricted_search,228,informed_restricted,11,0.011930383561222451,xavier,207.0
1938,2026-09-01 14:00:59,gate3b_restricted_search,228,informed_restricted,12,0.016535107145461723,xavier,190.0
1939,2026-09-01 14:00:59,gate3b_restricted_search,228,informed_restricted,13,0.022446911961699983,xavier,218.0
1940,2026-09-01 14:00:59,gate3b_restricted_search,228,informed_restricted,14,0.02354874493860281,xavier,218.0
1941,2026-09-01 14:00:59,gate3b_restricted_search,228,universal_restricted,0,0.0017826497151386949,xavier,631.0
1942,2026-09-01 14:00:59,gate3b_restricted_search,228,universal_restricted,1,0.01448683388723935,xavier,190.0
1943,2026-09-01 14:01:00,gate3b_restricted_search,228,universal_restricted,2,0.00010007903854383786,xavier,1600.0
1944,2026-09-01 14:01:01,gate3b_restricted_search,228,universal_restricted,3,0.0008072307884499761,xavier,1600.0
1945,2026-09-01 14:01:01,gate3b_restricted_search,228,universal_restricted,4,0.0002755926764027377,xavier,1600.0
1946,2026-09-01 14:01:02,gate3b_restricted_search,228,universal_restricted,5,0.00018924123965722266,xavier,1600.0
1947,2026-09-01 14:01:02,gate3b_restricted_search,228,universal_restricted,6,0.0003620600725744741,xavier,1600.0
1948,2026-09-01 14:01:03,gate3b_restricted_search,228,universal_restricted,7,0.001088133500363589,xavier,1600.0
1949,2026-09-01 14:01:03,gate3b_restricted_search,228,universal_restricted,8,0.0015498955191377143,xavier,1600.0
1950,2026-09-01 14:01:03,gate3b_restricted_search,228,universal_restricted,9,0.00413475900783472,xavier,397.0
1951,2026-09-01 14:01:04,gate3b_restricted_search,228,universal_restricted,10,0.09290791998691832,xavier,760.0
1952,2026-09-01 14:01:04,gate3b_restricted_search,228,universal_restricted,11,0.011930383561222451,xavier,207.0
1953,2026-09-01 14:01:04,gate3b_restricted_search,228,universal_restricted,12,0.016535107145461723,xavier,190.0
1954,2026-09-01 14:01:04,gate3b_restricted_search,228,universal_restricted,13,0.022446911961699983,xavier,218.0
1955,2026-09-01 14:01:05,gate3b_restricted_search,228,universal_restricted,14,0.02354874493860281,xavier,218.0
1956,2026-09-01 14:01:05,gate3b_restricted_search,232,reference,0,0.004430375245218269,xavier,17.0
1957,2026-09-01 14:01:05,gate3b_restricted_search,232,reference,1,0.0018662266976517971,orthogonal,41.0
1958,2026-09-01 14:01:05,gate3b_restricted_search,232,reference,2,0.07780155576901421,he,28.0
1959,2026-09-01 14:01:05,gate3b_restricted_search,232,reference,3,0.005059803874660437,xavier,15.0
1960,2026-09-01 14:01:05,gate3b_restricted_search,232,reference,4,0.00011498870747119459,orthogonal,626.0
1961,2026-09-01 14:01:05,gate3b_restricted_search,232,reference,5,0.08626905220714905,xavier,25.0
1962,2026-09-01 14:01:06,gate3b_restricted_search,232,reference,6,0.00022637229697395497,orthogonal,359.0
1963,2026-09-01 14:01:06,gate3b_restricted_search,232,reference,7,0.0036774346621052147,orthogonal,37.0
1964,2026-09-01 14:01:06,gate3b_restricted_search,232,reference,8,0.0023358825194833557,orthogonal,44.0
1965,2026-09-01 14:01:06,gate3b_restricted_search,232,reference,9,0.006859416411328701,he,20.0
1966,2026-09-01 14:01:06,gate3b_restricted_search,232,reference,10,0.019907506982928588,xavier,26.0
1967,2026-09-01 14:01:06,gate3b_restricted_search,232,reference,11,0.0007008898239275757,xavier,98.0
1968,2026-09-01 14:01:06,gate3b_restricted_search,232,reference,12,0.01144294738647187,xavier,15.0
1969,2026-09-01 14:01:06,gate3b_restricted_search,232,reference,13,0.016931923693629513,xavier,12.0
1970,2026-09-01 14:01:06,gate3b_restricted_search,232,reference,14,0.02033951789185555,xavier,26.0
1971,2026-09-01 14:01:06,gate3b_restricted_search,232,reference,15,0.015761932982033343,xavier,22.0
1972,2026-09-01 14:01:06,gate3b_restricted_search,232,reference,16,0.027707509583084346,xavier,9.0
1973,2026-09-01 14:01:06,gate3b_restricted_search,232,reference,17,0.04347426782895853,he,24.0
1974,2026-09-01 14:01:06,gate3b_restricted_search,232,reference,18,0.03923144661793059,xavier,7.0
1975,2026-09-01 14:01:06,gate3b_restricted_search,232,reference,19,0.04049803968429553,xavier,7.0
1976,2026-09-01 14:01:06,gate3b_restricted_search,232,reference,20,0.04759916318805256,he,24.0
1977,2026-09-01 14:01:06,gate3b_restricted_search,232,reference,21,0.03626107966758549,xavier,14.0
1978,2026-09-01 14:01:06,gate3b_restricted_search,232,reference,22,0.03266260621551383,xavier,8.0
1979,2026-09-01 14:01:06,gate3b_restricted_search,232,reference,23,0.010155063855043101,xavier,17.0
1980,2026-09-01 14:01:06,gate3b_restricted_search,232,reference,24,0.05280401711655984,xavier,18.0
1981,2026-09-01 14:01:06,gate3b_restricted_search,232,reference,25,0.08741983564165186,xavier,24.0
1982,2026-09-01 14:01:06,gate3b_restricted_search,232,reference,26,0.029220094415254885,xavier,22.0
1983,2026-09-01 14:01:06,gate3b_restricted_search,232,reference,27,0.008990581354271358,xavier,17.0
1984,2026-09-01 14:01:06,gate3b_restricted_search,232,reference,28,0.05411627176727824,he,30.0
1985,2026-09-01 14:01:06,gate3b_restricted_search,232,reference,29,0.030589595229320303,xavier,8.0
1986,2026-09-01 14:01:06,gate3b_restricted_search,232,reference,30,0.09865659655619732,xavier,23.0
1987,2026-09-01 14:01:06,gate3b_restricted_search,232,reference,31,0.026588234176896514,xavier,9.0
1988,2026-09-01 14:01:06,gate3b_restricted_search,232,reference,32,0.05464482951803449,xavier,27.0
1989,2026-09-01 14:01:06,gate3b_restricted_search,232,reference,33,0.014003135309018805,xavier,15.0
1990,2026-09-01 14:01:06,gate3b_restricted_search,232,reference,34,0.03479256425385481,xavier,14.0
1991,2026-09-01 14:01:06,gate3b_restricted_search,232,reference,35,0.06188873962274699,xavier,31.0
1992,2026-09-01 14:01:06,gate3b_restricted_search,232,reference,36,0.021262023471501235,orthogonal,21.0
1993,2026-09-01 14:01:06,gate3b_restricted_search,232,reference,37,0.00567046033589528,xavier,15.0
1994,2026-09-01 14:01:06,gate3b_restricted_search,232,reference,38,0.0372747898086614,he,21.0
1995,2026-09-01 14:01:06,gate3b_restricted_search,232,reference,39,0.07021637290735236,orthogonal,17.0
1996,2026-09-01 14:01:06,gate3b_restricted_search,232,cold,0,0.0017826497151386949,xavier,43.0
1997,2026-09-01 14:01:07,gate3b_restricted_search,232,cold,1,0.0002755926764027377,orthogonal,278.0
1998,2026-09-01 14:01:07,gate3b_restricted_search,232,cold,2,0.0015498955191377143,orthogonal,52.0
1999,2026-09-01 14:01:07,gate3b_restricted_search,232,cold,3,0.00041054120168588934,xavier,167.0
2000,2026-09-01 14:01:07,gate3b_restricted_search,232,cold,4,0.001786135519762597,xavier,43.0
2001,2026-09-01 14:01:07,gate3b_restricted_search,232,cold,5,0.025248390936171015,xavier,19.0
2002,2026-09-01 14:01:07,gate3b_restricted_search,232,cold,6,0.04257625486011382,xavier,17.0
2003,2026-09-01 14:01:07,gate3b_restricted_search,232,cold,7,0.0003232148147351276,xavier,207.0
2004,2026-09-01 14:01:07,gate3b_restricted_search,232,cold,8,0.07475987911298648,he,26.0
2005,2026-09-01 14:01:07,gate3b_restricted_search,232,cold,9,0.011468398705751582,xavier,15.0
2006,2026-09-01 14:01:07,gate3b_restricted_search,232,cold,10,0.013520030930076584,he,18.0
2007,2026-09-01 14:01:07,gate3b_restricted_search,232,cold,11,0.010686274357222558,xavier,17.0
2008,2026-09-01 14:01:07,gate3b_restricted_search,232,cold,12,0.06799860894550637,xavier,26.0
2009,2026-09-01 14:01:07,gate3b_restricted_search,232,cold,13,0.006584204055871402,xavier,24.0
2010,2026-09-01 14:01:07,gate3b_restricted_search,232,cold,14,0.03448184587476684,orthogonal,23.0
2011,2026-09-01 14:01:07,gate3b_restricted_search,232,informed_restricted,0,0.0017826497151386949,xavier,43.0
2012,2026-09-01 14:01:07,gate3b_restricted_search,232,informed_restricted,1,0.01448683388723935,xavier,14.0
2013,2026-09-01 14:01:08,gate3b_restricted_search,232,informed_restricted,2,0.00010007903854383786,xavier,641.0
2014,2026-09-01 14:01:08,gate3b_restricted_search,232,informed_restricted,3,0.0008072307884499761,xavier,84.0
2015,2026-09-01 14:01:08,gate3b_restricted_search,232,informed_restricted,4,0.0002755926764027377,xavier,238.0
2016,2026-09-01 14:01:08,gate3b_restricted_search,232,informed_restricted,5,0.00018924123965722266,xavier,359.0
2017,2026-09-01 14:01:08,gate3b_restricted_search,232,informed_restricted,6,0.0003620600725744741,xavier,183.0
2018,2026-09-01 14:01:08,gate3b_restricted_search,232,informed_restricted,7,0.001088133500363589,xavier,64.0
2019,2026-09-01 14:01:08,gate3b_restricted_search,232,informed_restricted,8,0.0015498955191377143,xavier,47.0
2020,2026-09-01 14:01:08,gate3b_restricted_search,232,informed_restricted,9,0.00413475900783472,xavier,19.0
2021,2026-09-01 14:01:08,gate3b_restricted_search,232,informed_restricted,10,0.09290791998691832,xavier,23.0
2022,2026-09-01 14:01:08,gate3b_restricted_search,232,informed_restricted,11,0.011930383561222451,xavier,15.0
2023,2026-09-01 14:01:08,gate3b_restricted_search,232,informed_restricted,12,0.016535107145461723,xavier,12.0
2024,2026-09-01 14:01:09,gate3b_restricted_search,232,informed_restricted,13,0.022446911961699983,xavier,19.0
2025,2026-09-01 14:01:09,gate3b_restricted_search,232,informed_restricted,14,0.02354874493860281,xavier,19.0
2026,2026-09-01 14:01:09,gate3b_restricted_search,232,universal_restricted,0,0.0017826497151386949,xavier,43.0
2027,2026-09-01 14:01:09,gate3b_restricted_search,232,universal_restricted,1,0.01448683388723935,xavier,14.0
2028,2026-09-01 14:01:09,gate3b_restricted_search,232,universal_restricted,2,0.00010007903854383786,xavier,641.0
2029,2026-09-01 14:01:09,gate3b_restricted_search,232,universal_restricted,3,0.0008072307884499761,xavier,84.0
2030,2026-09-01 14:01:09,gate3b_restricted_search,232,universal_restricted,4,0.0002755926764027377,xavier,238.0
2031,2026-09-01 14:01:10,gate3b_restricted_search,232,universal_restricted,5,0.00018924123965722266,xavier,359.0
2032,2026-09-01 14:01:10,gate3b_restricted_search,232,universal_restricted,6,0.0003620600725744741,xavier,183.0
2033,2026-09-01 14:01:10,gate3b_restricted_search,232,universal_restricted,7,0.001088133500363589,xavier,64.0
2034,2026-09-01 14:01:10,gate3b_restricted_search,232,universal_restricted,8,0.0015498955191377143,xavier,47.0
2035,2026-09-01 14:01:10,gate3b_restricted_search,232,universal_restricted,9,0.00413475900783472,xavier,19.0
2036,2026-09-01 14:01:10,gate3b_restricted_search,232,universal_restricted,10,0.09290791998691832,xavier,23.0
2037,2026-09-01 14:01:10,gate3b_restricted_search,232,universal_restricted,11,0.011930383561222451,xavier,15.0
2038,2026-09-01 14:01:10,gate3b_restricted_search,232,universal_restricted,12,0.016535107145461723,xavier,12.0
2039,2026-09-01 14:01:10,gate3b_restricted_search,232,universal_restricted,13,0.022446911961699983,xavier,19.0
2040,2026-09-01 14:01:10,gate3b_restricted_search,232,universal_restricted,14,0.02354874493860281,xavier,19.0
2041,2026-09-01 14:01:10,gate3b_restricted_search,233,reference,0,0.004430375245218269,xavier,182.0
2042,2026-09-01 14:01:10,gate3b_restricted_search,233,reference,1,0.0018662266976517971,orthogonal,406.0
2043,2026-09-01 14:01:11,gate3b_restricted_search,233,reference,2,0.07780155576901421,he,202.0
2044,2026-09-01 14:01:11,gate3b_restricted_search,233,reference,3,0.005059803874660437,xavier,182.0
2045,2026-09-01 14:01:11,gate3b_restricted_search,233,reference,4,0.00011498870747119459,orthogonal,1600.0
2046,2026-09-01 14:01:11,gate3b_restricted_search,233,reference,5,0.08626905220714905,xavier,229.0
2047,2026-09-01 14:01:12,gate3b_restricted_search,233,reference,6,0.00022637229697395497,orthogonal,1600.0
2048,2026-09-01 14:01:12,gate3b_restricted_search,233,reference,7,0.0036774346621052147,orthogonal,202.0
2049,2026-09-01 14:01:12,gate3b_restricted_search,233,reference,8,0.0023358825194833557,orthogonal,406.0
2050,2026-09-01 14:01:12,gate3b_restricted_search,233,reference,9,0.006859416411328701,he,202.0
2051,2026-09-01 14:01:13,gate3b_restricted_search,233,reference,10,0.019907506982928588,xavier,123.0
2052,2026-09-01 14:01:13,gate3b_restricted_search,233,reference,11,0.020814104803987817,xavier,123.0
2053,2026-09-01 14:01:13,gate3b_restricted_search,233,reference,12,0.021644937500336026,xavier,102.0
2054,2026-09-01 14:01:13,gate3b_restricted_search,233,reference,13,0.020527514539894275,xavier,192.0
2055,2026-09-01 14:01:13,gate3b_restricted_search,233,reference,14,0.021178889448851296,xavier,158.0
2056,2026-09-01 14:01:13,gate3b_restricted_search,233,reference,15,0.000694465168883101,xavier,700.0
2057,2026-09-01 14:01:14,gate3b_restricted_search,233,reference,16,0.011599421468819674,xavier,182.0
2058,2026-09-01 14:01:14,gate3b_restricted_search,233,reference,17,0.039274142660819314,he,179.0
2059,2026-09-01 14:01:14,gate3b_restricted_search,233,reference,18,0.042140601439425406,xavier,169.0
2060,2026-09-01 14:01:14,gate3b_restricted_search,233,reference,19,0.010566903295943383,xavier,182.0
2061,2026-09-01 14:01:15,gate3b_restricted_search,233,reference,20,0.0009712798508231742,he,1600.0
2062,2026-09-01 14:01:15,gate3b_restricted_search,233,reference,21,0.023799272526618908,xavier,84.0
2063,2026-09-01 14:01:15,gate3b_restricted_search,233,reference,22,0.03346570885556608,xavier,194.0
2064,2026-09-01 14:01:15,gate3b_restricted_search,233,reference,23,0.010691928690768163,xavier,182.0
2065,2026-09-01 14:01:15,gate3b_restricted_search,233,reference,24,0.044510070619869585,xavier,102.0
2066,2026-09-01 14:01:15,gate3b_restricted_search,233,reference,25,0.06289294332979213,xavier,200.0
2067,2026-09-01 14:01:15,gate3b_restricted_search,233,reference,26,0.04784716513959664,xavier,136.0
2068,2026-09-01 14:01:15,gate3b_restricted_search,233,reference,27,0.03196085060271464,xavier,170.0
2069,2026-09-01 14:01:16,gate3b_restricted_search,233,reference,28,0.011548719293739669,xavier,182.0
2070,2026-09-01 14:01:16,gate3b_restricted_search,233,reference,29,0.006816384595663999,he,202.0
2071,2026-09-01 14:01:16,gate3b_restricted_search,233,reference,30,0.09865659655619732,xavier,265.0
2072,2026-09-01 14:01:16,gate3b_restricted_search,233,reference,31,0.019204792096438612,xavier,148.0
2073,2026-09-01 14:01:16,gate3b_restricted_search,233,reference,32,0.02639854444939781,xavier,174.0
2074,2026-09-01 14:01:16,gate3b_restricted_search,233,reference,33,0.016049539517704863,xavier,175.0
2075,2026-09-01 14:01:16,gate3b_restricted_search,233,reference,34,0.05962953213401964,xavier,140.0
2076,2026-09-01 14:01:16,gate3b_restricted_search,233,reference,35,0.01392364310628136,xavier,202.0
2077,2026-09-01 14:01:17,gate3b_restricted_search,233,reference,36,0.006944214926413872,orthogonal,202.0
2078,2026-09-01 14:01:17,gate3b_restricted_search,233,reference,37,0.056215903440309196,xavier,193.0
2079,2026-09-01 14:01:17,gate3b_restricted_search,233,reference,38,0.0038376544403569022,he,202.0
2080,2026-09-01 14:01:17,gate3b_restricted_search,233,reference,39,0.03054857796760192,orthogonal,157.0
2081,2026-09-01 14:01:17,gate3b_restricted_search,233,cold,0,0.0017826497151386949,xavier,406.0
2082,2026-09-01 14:01:18,gate3b_restricted_search,233,cold,1,0.0002755926764027377,orthogonal,1600.0
2083,2026-09-01 14:01:18,gate3b_restricted_search,233,cold,2,0.0015498955191377143,orthogonal,437.0
2084,2026-09-01 14:01:19,gate3b_restricted_search,233,cold,3,0.00041054120168588934,xavier,1600.0
2085,2026-09-01 14:01:19,gate3b_restricted_search,233,cold,4,0.001786135519762597,xavier,406.0
2086,2026-09-01 14:01:19,gate3b_restricted_search,233,cold,5,0.025248390936171015,xavier,129.0
2087,2026-09-01 14:01:19,gate3b_restricted_search,233,cold,6,0.04257625486011382,xavier,150.0
2088,2026-09-01 14:01:20,gate3b_restricted_search,233,cold,7,0.0003232148147351276,xavier,1600.0
2089,2026-09-01 14:01:20,gate3b_restricted_search,233,cold,8,0.07475987911298648,he,228.0
2090,2026-09-01 14:01:20,gate3b_restricted_search,233,cold,9,0.011468398705751582,xavier,182.0
2091,2026-09-01 14:01:20,gate3b_restricted_search,233,cold,10,0.014576193863035302,he,198.0
2092,2026-09-01 14:01:20,gate3b_restricted_search,233,cold,11,0.0797234062203645,xavier,253.0
2093,2026-09-01 14:01:21,gate3b_restricted_search,233,cold,12,0.018729908809075033,xavier,201.0
2094,2026-09-01 14:01:21,gate3b_restricted_search,233,cold,13,0.031234904643959893,xavier,160.0
2095,2026-09-01 14:01:21,gate3b_restricted_search,233,cold,14,0.004614067695461879,orthogonal,182.0
2096,2026-09-01 14:01:21,gate3b_restricted_search,233,informed_restricted,0,0.0017826497151386949,orthogonal,437.0
2097,2026-09-01 14:01:21,gate3b_restricted_search,233,informed_restricted,1,0.01448683388723935,orthogonal,158.0
2098,2026-09-01 14:01:22,gate3b_restricted_search,233,informed_restricted,2,0.00010007903854383786,orthogonal,1600.0
2099,2026-09-01 14:01:22,gate3b_restricted_search,233,informed_restricted,3,0.0008072307884499761,orthogonal,700.0
2100,2026-09-01 14:01:23,gate3b_restricted_search,233,informed_restricted,4,0.0002755926764027377,orthogonal,1600.0
2101,2026-09-01 14:01:24,gate3b_restricted_search,233,informed_restricted,5,0.00018924123965722266,orthogonal,1600.0
2102,2026-09-01 14:01:24,gate3b_restricted_search,233,informed_restricted,6,0.0003620600725744741,orthogonal,1600.0
2103,2026-09-01 14:01:25,gate3b_restricted_search,233,informed_restricted,7,0.001088133500363589,orthogonal,700.0
2104,2026-09-01 14:01:25,gate3b_restricted_search,233,informed_restricted,8,0.0015498955191377143,orthogonal,437.0
2105,2026-09-01 14:01:25,gate3b_restricted_search,233,informed_restricted,9,0.00413475900783472,orthogonal,182.0
2106,2026-09-01 14:01:25,gate3b_restricted_search,233,informed_restricted,10,0.09290791998691832,orthogonal,253.0
2107,2026-09-01 14:01:26,gate3b_restricted_search,233,informed_restricted,11,0.011930383561222451,orthogonal,160.0
2108,2026-09-01 14:01:26,gate3b_restricted_search,233,informed_restricted,12,0.016535107145461723,orthogonal,123.0
2109,2026-09-01 14:01:26,gate3b_restricted_search,233,informed_restricted,13,0.022446911961699983,orthogonal,148.0
2110,2026-09-01 14:01:26,gate3b_restricted_search,233,informed_restricted,14,0.02354874493860281,orthogonal,160.0
2111,2026-09-01 14:01:26,gate3b_restricted_search,233,universal_restricted,0,0.0017826497151386949,xavier,406.0
2112,2026-09-01 14:01:26,gate3b_restricted_search,233,universal_restricted,1,0.01448683388723935,xavier,182.0
2113,2026-09-01 14:01:27,gate3b_restricted_search,233,universal_restricted,2,0.00010007903854383786,xavier,1600.0
2114,2026-09-01 14:01:27,gate3b_restricted_search,233,universal_restricted,3,0.0008072307884499761,xavier,521.0
2115,2026-09-01 14:01:28,gate3b_restricted_search,233,universal_restricted,4,0.0002755926764027377,xavier,1600.0
2116,2026-09-01 14:01:28,gate3b_restricted_search,233,universal_restricted,5,0.00018924123965722266,xavier,1600.0
2117,2026-09-01 14:01:29,gate3b_restricted_search,233,universal_restricted,6,0.0003620600725744741,xavier,1600.0
2118,2026-09-01 14:01:29,gate3b_restricted_search,233,universal_restricted,7,0.001088133500363589,xavier,521.0
2119,2026-09-01 14:01:30,gate3b_restricted_search,233,universal_restricted,8,0.0015498955191377143,xavier,430.0
2120,2026-09-01 14:01:30,gate3b_restricted_search,233,universal_restricted,9,0.00413475900783472,xavier,202.0
2121,2026-09-01 14:01:30,gate3b_restricted_search,233,universal_restricted,10,0.09290791998691832,xavier,200.0
2122,2026-09-01 14:01:30,gate3b_restricted_search,233,universal_restricted,11,0.07785058870653301,xavier,169.0
2123,2026-09-01 14:01:30,gate3b_restricted_search,233,universal_restricted,12,0.0464700795252923,xavier,150.0
2124,2026-09-01 14:01:30,gate3b_restricted_search,233,universal_restricted,13,0.01780718886107045,xavier,175.0
2125,2026-09-01 14:01:30,gate3b_restricted_search,233,universal_restricted,14,0.01962756878849319,xavier,218.0
2126,2026-09-01 14:01:31,gate3b_restricted_search,244,reference,0,0.004430375245218269,xavier,46.0
2127,2026-09-01 14:01:31,gate3b_restricted_search,244,reference,1,0.0018662266976517971,orthogonal,81.0
2128,2026-09-01 14:01:31,gate3b_restricted_search,244,reference,2,0.07780155576901421,he,36.0
2129,2026-09-01 14:01:31,gate3b_restricted_search,244,reference,3,0.005059803874660437,xavier,46.0
2130,2026-09-01 14:01:31,gate3b_restricted_search,244,reference,4,0.00011498870747119459,orthogonal,1600.0
2131,2026-09-01 14:01:31,gate3b_restricted_search,244,reference,5,0.08626905220714905,xavier,24.0
2132,2026-09-01 14:01:32,gate3b_restricted_search,244,reference,6,0.00022637229697395497,orthogonal,519.0
2133,2026-09-01 14:01:32,gate3b_restricted_search,244,reference,7,0.0036774346621052147,orthogonal,51.0
2134,2026-09-01 14:01:32,gate3b_restricted_search,244,reference,8,0.0023358825194833557,orthogonal,67.0
2135,2026-09-01 14:01:32,gate3b_restricted_search,244,reference,9,0.006859416411328701,he,46.0
2136,2026-09-01 14:01:32,gate3b_restricted_search,244,reference,10,0.07162629642639848,xavier,31.0
2137,2026-09-01 14:01:32,gate3b_restricted_search,244,reference,11,0.07216635702812188,xavier,31.0
2138,2026-09-01 14:01:32,gate3b_restricted_search,244,reference,12,0.02365310875574803,xavier,27.0
2139,2026-09-01 14:01:32,gate3b_restricted_search,244,reference,13,0.020527514539894275,xavier,24.0
2140,2026-09-01 14:01:32,gate3b_restricted_search,244,reference,14,0.021178889448851296,xavier,24.0
2141,2026-09-01 14:01:32,gate3b_restricted_search,244,reference,15,0.017539798194989124,xavier,26.0
2142,2026-09-01 14:01:32,gate3b_restricted_search,244,reference,16,0.030697279504010654,xavier,29.0
2143,2026-09-01 14:01:32,gate3b_restricted_search,244,reference,17,0.010840666961995501,he,35.0
2144,2026-09-01 14:01:32,gate3b_restricted_search,244,reference,18,0.000874020247958294,xavier,156.0
2145,2026-09-01 14:01:32,gate3b_restricted_search,244,reference,19,0.04049803968429553,xavier,19.0
2146,2026-09-01 14:01:32,gate3b_restricted_search,244,reference,20,0.04151582560533646,he,27.0
2147,2026-09-01 14:01:32,gate3b_restricted_search,244,reference,21,0.04175996188279236,xavier,19.0
2148,2026-09-01 14:01:32,gate3b_restricted_search,244,reference,22,0.04581013391521337,xavier,28.0
2149,2026-09-01 14:01:32,gate3b_restricted_search,244,reference,23,0.08805407259112305,xavier,27.0
2150,2026-09-01 14:01:32,gate3b_restricted_search,244,reference,24,0.010684137074217948,xavier,32.0
2151,2026-09-01 14:01:32,gate3b_restricted_search,244,reference,25,0.04494569152973982,xavier,28.0
2152,2026-09-01 14:01:32,gate3b_restricted_search,244,reference,26,0.011123093347767881,xavier,31.0
2153,2026-09-01 14:01:32,gate3b_restricted_search,244,reference,27,0.04200853457889984,xavier,19.0
2154,2026-09-01 14:01:32,gate3b_restricted_search,244,reference,28,0.035545912128337756,he,24.0
2155,2026-09-01 14:01:32,gate3b_restricted_search,244,reference,29,0.013403302003655911,xavier,30.0
2156,2026-09-01 14:01:32,gate3b_restricted_search,244,reference,30,0.0514799027351032,xavier,29.0
2157,2026-09-01 14:01:32,gate3b_restricted_search,244,reference,31,0.0927070968845017,xavier,32.0
2158,2026-09-01 14:01:32,gate3b_restricted_search,244,reference,32,0.027102915117380177,xavier,27.0
2159,2026-09-01 14:01:33,gate3b_restricted_search,244,reference,33,0.05246701008292248,xavier,34.0
2160,2026-09-01 14:01:33,gate3b_restricted_search,244,reference,34,0.0972556559671311,xavier,22.0
2161,2026-09-01 14:01:33,gate3b_restricted_search,244,reference,35,0.06188873962274699,xavier,34.0
2162,2026-09-01 14:01:33,gate3b_restricted_search,244,reference,36,0.031399001564338044,orthogonal,17.0
2163,2026-09-01 14:01:33,gate3b_restricted_search,244,reference,37,0.006981764787850186,orthogonal,33.0
2164,2026-09-01 14:01:33,gate3b_restricted_search,244,reference,38,0.015270799261188968,orthogonal,27.0
2165,2026-09-01 14:01:33,gate3b_restricted_search,244,reference,39,0.03388377032759664,orthogonal,17.0
2166,2026-09-01 14:01:33,gate3b_restricted_search,244,cold,0,0.0017826497151386949,xavier,81.0
2167,2026-09-01 14:01:33,gate3b_restricted_search,244,cold,1,0.0002755926764027377,orthogonal,429.0
2168,2026-09-01 14:01:33,gate3b_restricted_search,244,cold,2,0.0015498955191377143,orthogonal,91.0
2169,2026-09-01 14:01:33,gate3b_restricted_search,244,cold,3,0.00041054120168588934,xavier,374.0
2170,2026-09-01 14:01:33,gate3b_restricted_search,244,cold,4,0.001786135519762597,xavier,81.0
2171,2026-09-01 14:01:33,gate3b_restricted_search,244,cold,5,0.025248390936171015,xavier,25.0
2172,2026-09-01 14:01:34,gate3b_restricted_search,244,cold,6,0.04257625486011382,xavier,19.0
2173,2026-09-01 14:01:34,gate3b_restricted_search,244,cold,7,0.0003232148147351276,xavier,450.0
2174,2026-09-01 14:01:34,gate3b_restricted_search,244,cold,8,0.07475987911298648,he,36.0
2175,2026-09-01 14:01:34,gate3b_restricted_search,244,cold,9,0.011468398705751582,xavier,31.0
2176,2026-09-01 14:01:34,gate3b_restricted_search,244,cold,10,0.09344501034181055,he,26.0
2177,2026-09-01 14:01:34,gate3b_restricted_search,244,cold,11,0.021361236429000122,xavier,24.0
2178,2026-09-01 14:01:34,gate3b_restricted_search,244,cold,12,0.018729908809075033,xavier,25.0
2179,2026-09-01 14:01:34,gate3b_restricted_search,244,cold,13,0.00728316494133813,xavier,31.0
2180,2026-09-01 14:01:34,gate3b_restricted_search,244,cold,14,0.039131135779775145,orthogonal,17.0
2181,2026-09-01 14:01:34,gate3b_restricted_search,244,informed_restricted,0,0.0017826497151386949,orthogonal,91.0
2182,2026-09-01 14:01:34,gate3b_restricted_search,244,informed_restricted,1,0.01448683388723935,orthogonal,29.0
2183,2026-09-01 14:01:35,gate3b_restricted_search,244,informed_restricted,2,0.00010007903854383786,orthogonal,1600.0
2184,2026-09-01 14:01:35,gate3b_restricted_search,244,informed_restricted,3,0.0008072307884499761,orthogonal,152.0
2185,2026-09-01 14:01:35,gate3b_restricted_search,244,informed_restricted,4,0.0002755926764027377,orthogonal,429.0
2186,2026-09-01 14:01:36,gate3b_restricted_search,244,informed_restricted,5,0.00018924123965722266,orthogonal,611.0
2187,2026-09-01 14:01:36,gate3b_restricted_search,244,informed_restricted,6,0.0003620600725744741,orthogonal,330.0
2188,2026-09-01 14:01:36,gate3b_restricted_search,244,informed_restricted,7,0.001088133500363589,orthogonal,131.0
2189,2026-09-01 14:01:36,gate3b_restricted_search,244,informed_restricted,8,0.0015498955191377143,orthogonal,91.0
2190,2026-09-01 14:01:36,gate3b_restricted_search,244,informed_restricted,9,0.00413475900783472,orthogonal,48.0
2191,2026-09-01 14:01:36,gate3b_restricted_search,244,informed_restricted,10,0.09290791998691832,orthogonal,27.0
2192,2026-09-01 14:01:36,gate3b_restricted_search,244,informed_restricted,11,0.07785058870653301,orthogonal,27.0
2193,2026-09-01 14:01:36,gate3b_restricted_search,244,informed_restricted,12,0.0797234062203645,orthogonal,19.0
2194,2026-09-01 14:01:36,gate3b_restricted_search,244,informed_restricted,13,0.09182660868186439,orthogonal,27.0
2195,2026-09-01 14:01:36,gate3b_restricted_search,244,informed_restricted,14,0.027775736900324165,orthogonal,21.0
2196,2026-09-01 14:01:36,gate3b_restricted_search,244,universal_restricted,0,0.0017826497151386949,xavier,81.0
2197,2026-09-01 14:01:36,gate3b_restricted_search,244,universal_restricted,1,0.01448683388723935,xavier,27.0
2198,2026-09-01 14:01:37,gate3b_restricted_search,244,universal_restricted,2,0.00010007903854383786,xavier,1600.0
2199,2026-09-01 14:01:37,gate3b_restricted_search,244,universal_restricted,3,0.0008072307884499761,xavier,186.0
2200,2026-09-01 14:01:37,gate3b_restricted_search,244,universal_restricted,4,0.0002755926764027377,xavier,524.0
2201,2026-09-01 14:01:38,gate3b_restricted_search,244,universal_restricted,5,0.00018924123965722266,xavier,743.0
2202,2026-09-01 14:01:38,gate3b_restricted_search,244,universal_restricted,6,0.0003620600725744741,xavier,401.0
2203,2026-09-01 14:01:38,gate3b_restricted_search,244,universal_restricted,7,0.001088133500363589,xavier,156.0
2204,2026-09-01 14:01:38,gate3b_restricted_search,244,universal_restricted,8,0.0015498955191377143,xavier,100.0
2205,2026-09-01 14:01:38,gate3b_restricted_search,244,universal_restricted,9,0.00413475900783472,xavier,60.0
2206,2026-09-01 14:01:38,gate3b_restricted_search,244,universal_restricted,10,0.09290791998691832,xavier,26.0
2207,2026-09-01 14:01:38,gate3b_restricted_search,244,universal_restricted,11,0.07785058870653301,xavier,23.0
2208,2026-09-01 14:01:38,gate3b_restricted_search,244,universal_restricted,12,0.0797234062203645,xavier,23.0
2209,2026-09-01 14:01:38,gate3b_restricted_search,244,universal_restricted,13,0.09182660868186439,xavier,32.0
2210,2026-09-01 14:01:38,gate3b_restricted_search,244,universal_restricted,14,0.027775736900324165,xavier,24.0
2211,2026-09-01 14:01:39,gate3b_restricted_search,249,reference,0,0.004430375245218269,xavier,436.0
2212,2026-09-01 14:01:39,gate3b_restricted_search,249,reference,1,0.0018662266976517971,orthogonal,600.0
2213,2026-09-01 14:01:40,gate3b_restricted_search,249,reference,2,0.07780155576901421,he,1600.0
2214,2026-09-01 14:01:40,gate3b_restricted_search,249,reference,3,0.005059803874660437,xavier,436.0
2215,2026-09-01 14:01:41,gate3b_restricted_search,249,reference,4,0.00011498870747119459,orthogonal,1600.0
2216,2026-09-01 14:01:41,gate3b_restricted_search,249,reference,5,0.08626905220714905,xavier,434.0
2217,2026-09-01 14:01:42,gate3b_restricted_search,249,reference,6,0.00022637229697395497,orthogonal,1600.0
2218,2026-09-01 14:01:42,gate3b_restricted_search,249,reference,7,0.0036774346621052147,orthogonal,426.0
2219,2026-09-01 14:01:42,gate3b_restricted_search,249,reference,8,0.0023358825194833557,orthogonal,531.0
2220,2026-09-01 14:01:43,gate3b_restricted_search,249,reference,9,0.006859416411328701,he,436.0
2221,2026-09-01 14:01:43,gate3b_restricted_search,249,reference,10,0.07162629642639848,xavier,1600.0
2222,2026-09-01 14:01:43,gate3b_restricted_search,249,reference,11,0.022541989102962234,xavier,446.0
2223,2026-09-01 14:01:44,gate3b_restricted_search,249,reference,12,0.0006091769132837322,xavier,1600.0
2224,2026-09-01 14:01:44,gate3b_restricted_search,249,reference,13,0.018616233327309134,xavier,218.0
2225,2026-09-01 14:01:44,gate3b_restricted_search,249,reference,14,0.022536551907958887,xavier,446.0
2226,2026-09-01 14:01:45,gate3b_restricted_search,249,reference,15,0.024691758306872327,xavier,589.0
2227,2026-09-01 14:01:45,gate3b_restricted_search,249,reference,16,0.03927811376350381,xavier,270.0
2228,2026-09-01 14:01:45,gate3b_restricted_search,249,reference,17,0.012042739638365175,he,270.0
2229,2026-09-01 14:01:46,gate3b_restricted_search,249,reference,18,0.012246627927121882,he,436.0
2230,2026-09-01 14:01:46,gate3b_restricted_search,249,reference,19,0.010453519334677149,he,446.0
2231,2026-09-01 14:01:46,gate3b_restricted_search,249,reference,20,0.0009712798508231742,he,1600.0
2232,2026-09-01 14:01:47,gate3b_restricted_search,249,reference,21,0.03991546035381608,he,768.0
2233,2026-09-01 14:01:47,gate3b_restricted_search,249,reference,22,0.039492920018877095,xavier,483.0
2234,2026-09-01 14:01:47,gate3b_restricted_search,249,reference,23,0.013472548269675972,xavier,404.0
2235,2026-09-01 14:01:48,gate3b_restricted_search,249,reference,24,0.039727608479010926,he,427.0
2236,2026-09-01 14:01:48,gate3b_restricted_search,249,reference,25,0.008958997282310628,xavier,270.0
2237,2026-09-01 14:01:48,gate3b_restricted_search,249,reference,26,0.017118177729643934,he,402.0
2238,2026-09-01 14:01:49,gate3b_restricted_search,249,reference,27,0.04279939693387335,xavier,520.0
2239,2026-09-01 14:01:49,gate3b_restricted_search,249,reference,28,0.008203819067618794,xavier,377.0
2240,2026-09-01 14:01:49,gate3b_restricted_search,249,reference,29,0.0037564236309833333,he,522.0
2241,2026-09-01 14:01:50,gate3b_restricted_search,249,reference,30,0.05379325541072417,xavier,697.0
2242,2026-09-01 14:01:50,gate3b_restricted_search,249,reference,31,0.0064282883541474135,xavier,380.0
2243,2026-09-01 14:01:50,gate3b_restricted_search,249,reference,32,0.02657578427007888,xavier,438.0
2244,2026-09-01 14:01:51,gate3b_restricted_search,249,reference,33,0.01517970626031425,xavier,321.0
2245,2026-09-01 14:01:51,gate3b_restricted_search,249,reference,34,0.00936010473363656,xavier,270.0
2246,2026-09-01 14:01:51,gate3b_restricted_search,249,reference,35,0.00263679848521858,xavier,543.0
2247,2026-09-01 14:01:51,gate3b_restricted_search,249,reference,36,0.005025728172146121,orthogonal,402.0
2248,2026-09-01 14:01:52,gate3b_restricted_search,249,reference,37,0.017412283163788615,xavier,218.0
2249,2026-09-01 14:01:52,gate3b_restricted_search,249,reference,38,0.05853952248766184,he,1600.0
2250,2026-09-01 14:01:53,gate3b_restricted_search,249,reference,39,0.09072041839416388,orthogonal,1600.0
2251,2026-09-01 14:01:53,gate3b_restricted_search,249,cold,0,0.0017826497151386949,xavier,1600.0
2252,2026-09-01 14:01:54,gate3b_restricted_search,249,cold,1,0.0002755926764027377,orthogonal,1600.0
2253,2026-09-01 14:01:54,gate3b_restricted_search,249,cold,2,0.0015498955191377143,orthogonal,690.0
2254,2026-09-01 14:01:55,gate3b_restricted_search,249,cold,3,0.00041054120168588934,xavier,1600.0
2255,2026-09-01 14:01:55,gate3b_restricted_search,249,cold,4,0.001786135519762597,xavier,1600.0
2256,2026-09-01 14:01:56,gate3b_restricted_search,249,cold,5,0.025248390936171015,xavier,270.0
2257,2026-09-01 14:01:56,gate3b_restricted_search,249,cold,6,0.04257625486011382,xavier,377.0
2258,2026-09-01 14:01:56,gate3b_restricted_search,249,cold,7,0.0003232148147351276,xavier,1600.0
2259,2026-09-01 14:01:57,gate3b_restricted_search,249,cold,8,0.07475987911298648,he,1600.0
2260,2026-09-01 14:01:57,gate3b_restricted_search,249,cold,9,0.011468398705751582,xavier,398.0
2261,2026-09-01 14:01:58,gate3b_restricted_search,249,cold,10,0.014576193863035302,he,387.0
2262,2026-09-01 14:01:58,gate3b_restricted_search,249,cold,11,0.012710606512951533,he,404.0
2263,2026-09-01 14:01:58,gate3b_restricted_search,249,cold,12,0.01307460150352353,he,221.0
2264,2026-09-01 14:01:58,gate3b_restricted_search,249,cold,13,0.02453573573326438,he,391.0
2265,2026-09-01 14:01:59,gate3b_restricted_search,249,cold,14,0.006694719882684815,he,401.0
2266,2026-09-01 14:01:59,gate3b_restricted_search,249,informed_restricted,0,0.0017826497151386949,he,1600.0
2267,2026-09-01 14:01:59,gate3b_restricted_search,249,informed_restricted,1,0.01448683388723935,he,446.0
2268,2026-09-01 14:02:00,gate3b_restricted_search,249,informed_restricted,2,0.00010007903854383786,he,1600.0
2269,2026-09-01 14:02:01,gate3b_restricted_search,249,informed_restricted,3,0.0008072307884499761,he,1600.0
2270,2026-09-01 14:02:01,gate3b_restricted_search,249,informed_restricted,4,0.0002755926764027377,he,1600.0
2271,2026-09-01 14:02:02,gate3b_restricted_search,249,informed_restricted,5,0.00018924123965722266,he,1600.0
2272,2026-09-01 14:02:02,gate3b_restricted_search,249,informed_restricted,6,0.0003620600725744741,he,1600.0
2273,2026-09-01 14:02:03,gate3b_restricted_search,249,informed_restricted,7,0.001088133500363589,he,1600.0
2274,2026-09-01 14:02:03,gate3b_restricted_search,249,informed_restricted,8,0.0015498955191377143,he,1600.0
2275,2026-09-01 14:02:04,gate3b_restricted_search,249,informed_restricted,9,0.00413475900783472,he,522.0
2276,2026-09-01 14:02:04,gate3b_restricted_search,249,informed_restricted,10,0.09290791998691832,he,779.0
2277,2026-09-01 14:02:04,gate3b_restricted_search,249,informed_restricted,11,0.011930383561222451,he,270.0
2278,2026-09-01 14:02:05,gate3b_restricted_search,249,informed_restricted,12,0.016535107145461723,he,391.0
2279,2026-09-01 14:02:05,gate3b_restricted_search,249,informed_restricted,13,0.01718356475580144,he,380.0
2280,2026-09-01 14:02:05,gate3b_restricted_search,249,informed_restricted,14,0.02354874493860281,he,221.0
2281,2026-09-01 14:02:06,gate3b_restricted_search,249,universal_restricted,0,0.0017826497151386949,xavier,1600.0
2282,2026-09-01 14:02:06,gate3b_restricted_search,249,universal_restricted,1,0.01448683388723935,xavier,321.0
2283,2026-09-01 14:02:06,gate3b_restricted_search,249,universal_restricted,2,0.00010007903854383786,xavier,1600.0
2284,2026-09-01 14:02:07,gate3b_restricted_search,249,universal_restricted,3,0.0008072307884499761,xavier,1600.0
2285,2026-09-01 14:02:07,gate3b_restricted_search,249,universal_restricted,4,0.0002755926764027377,xavier,1600.0
2286,2026-09-01 14:02:08,gate3b_restricted_search,249,universal_restricted,5,0.00018924123965722266,xavier,1600.0
2287,2026-09-01 14:02:09,gate3b_restricted_search,249,universal_restricted,6,0.0003620600725744741,xavier,1600.0
2288,2026-09-01 14:02:09,gate3b_restricted_search,249,universal_restricted,7,0.001088133500363589,xavier,1600.0
2289,2026-09-01 14:02:10,gate3b_restricted_search,249,universal_restricted,8,0.0015498955191377143,xavier,1600.0
2290,2026-09-01 14:02:10,gate3b_restricted_search,249,universal_restricted,9,0.00413475900783472,xavier,436.0
2291,2026-09-01 14:02:11,gate3b_restricted_search,249,universal_restricted,10,0.09290791998691832,xavier,1600.0
2292,2026-09-01 14:02:11,gate3b_restricted_search,249,universal_restricted,11,0.011930383561222451,xavier,377.0
2293,2026-09-01 14:02:11,gate3b_restricted_search,249,universal_restricted,12,0.016535107145461723,xavier,377.0
2294,2026-09-01 14:02:11,gate3b_restricted_search,249,universal_restricted,13,0.01416591916805599,xavier,377.0
2295,2026-09-01 14:02:12,gate3b_restricted_search,249,universal_restricted,14,0.01553710788150454,xavier,377.0
2296,2026-09-01 14:02:12,gate3b_restricted_search,254,reference,0,0.004430375245218269,xavier,246.0
2297,2026-09-01 14:02:12,gate3b_restricted_search,254,reference,1,0.0018662266976517971,orthogonal,246.0
2298,2026-09-01 14:02:12,gate3b_restricted_search,254,reference,2,0.07780155576901421,he,413.0
2299,2026-09-01 14:02:13,gate3b_restricted_search,254,reference,3,0.005059803874660437,xavier,246.0
2300,2026-09-01 14:02:13,gate3b_restricted_search,254,reference,4,0.00011498870747119459,orthogonal,1600.0
2301,2026-09-01 14:02:13,gate3b_restricted_search,254,reference,5,0.08626905220714905,xavier,127.0
2302,2026-09-01 14:02:14,gate3b_restricted_search,254,reference,6,0.00022637229697395497,orthogonal,1600.0
2303,2026-09-01 14:02:14,gate3b_restricted_search,254,reference,7,0.0036774346621052147,orthogonal,246.0
2304,2026-09-01 14:02:14,gate3b_restricted_search,254,reference,8,0.0023358825194833557,orthogonal,246.0
2305,2026-09-01 14:02:14,gate3b_restricted_search,254,reference,9,0.006859416411328701,he,245.0
2306,2026-09-01 14:02:14,gate3b_restricted_search,254,reference,10,0.07162629642639848,xavier,226.0
2307,2026-09-01 14:02:15,gate3b_restricted_search,254,reference,11,0.017485554771265593,he,220.0
2308,2026-09-01 14:02:15,gate3b_restricted_search,254,reference,12,0.02365310875574803,he,220.0
2309,2026-09-01 14:02:15,gate3b_restricted_search,254,reference,13,0.020534207875627673,he,147.0
2310,2026-09-01 14:02:15,gate3b_restricted_search,254,reference,14,0.023951753262696922,xavier,158.0
2311,2026-09-01 14:02:15,gate3b_restricted_search,254,reference,15,0.040824720085703856,he,191.0
2312,2026-09-01 14:02:15,gate3b_restricted_search,254,reference,16,0.012068594115400939,xavier,217.0
2313,2026-09-01 14:02:15,gate3b_restricted_search,254,reference,17,0.048710921595475444,he,246.0
2314,2026-09-01 14:02:16,gate3b_restricted_search,254,reference,18,0.000874252903876325,xavier,1600.0
2315,2026-09-01 14:02:16,gate3b_restricted_search,254,reference,19,0.010188195269698564,he,246.0
2316,2026-09-01 14:02:16,gate3b_restricted_search,254,reference,20,0.04151582560533646,xavier,201.0
2317,2026-09-01 14:02:17,gate3b_restricted_search,254,reference,21,0.023582434703988624,xavier,200.0
2318,2026-09-01 14:02:17,gate3b_restricted_search,254,reference,22,0.0873184194328864,xavier,399.0
2319,2026-09-01 14:02:17,gate3b_restricted_search,254,reference,23,0.03256892082464625,xavier,248.0
2320,2026-09-01 14:02:17,gate3b_restricted_search,254,reference,24,0.015570245602004212,xavier,206.0
2321,2026-09-01 14:02:17,gate3b_restricted_search,254,reference,25,0.009163410145810012,xavier,246.0
2322,2026-09-01 14:02:18,gate3b_restricted_search,254,reference,26,0.02792168822884183,he,315.0
2323,2026-09-01 14:02:18,gate3b_restricted_search,254,reference,27,0.05463141729260127,xavier,172.0
2324,2026-09-01 14:02:18,gate3b_restricted_search,254,reference,28,0.0924810413933908,xavier,220.0
2325,2026-09-01 14:02:18,gate3b_restricted_search,254,reference,29,0.021158962286319985,he,246.0
2326,2026-09-01 14:02:18,gate3b_restricted_search,254,reference,30,0.013561227372567505,xavier,246.0
2327,2026-09-01 14:02:18,gate3b_restricted_search,254,reference,31,0.061168438711961176,xavier,158.0
2328,2026-09-01 14:02:19,gate3b_restricted_search,254,reference,32,0.055607249388973407,xavier,231.0
2329,2026-09-01 14:02:19,gate3b_restricted_search,254,reference,33,0.0991862828184209,xavier,272.0
2330,2026-09-01 14:02:19,gate3b_restricted_search,254,reference,34,0.03781945271765556,xavier,150.0
2331,2026-09-01 14:02:19,gate3b_restricted_search,254,reference,35,0.032836390975545346,xavier,246.0
2332,2026-09-01 14:02:19,gate3b_restricted_search,254,reference,36,0.006628231453442181,orthogonal,228.0
2333,2026-09-01 14:02:19,gate3b_restricted_search,254,reference,37,0.017903275223268175,he,246.0
2334,2026-09-01 14:02:20,gate3b_restricted_search,254,reference,38,0.0036581222408484755,orthogonal,246.0
2335,2026-09-01 14:02:20,gate3b_restricted_search,254,reference,39,0.0005329200247232395,xavier,1600.0
2336,2026-09-01 14:02:21,gate3b_restricted_search,254,cold,0,0.0017826497151386949,xavier,737.0
2337,2026-09-01 14:02:21,gate3b_restricted_search,254,cold,1,0.0002755926764027377,orthogonal,1600.0
2338,2026-09-01 14:02:22,gate3b_restricted_search,254,cold,2,0.0015498955191377143,orthogonal,699.0
2339,2026-09-01 14:02:22,gate3b_restricted_search,254,cold,3,0.00041054120168588934,xavier,1600.0
2340,2026-09-01 14:02:23,gate3b_restricted_search,254,cold,4,0.001786135519762597,xavier,791.0
2341,2026-09-01 14:02:23,gate3b_restricted_search,254,cold,5,0.025248390936171015,xavier,158.0
2342,2026-09-01 14:02:23,gate3b_restricted_search,254,cold,6,0.04257625486011382,xavier,246.0
2343,2026-09-01 14:02:24,gate3b_restricted_search,254,cold,7,0.0003232148147351276,xavier,1600.0
2344,2026-09-01 14:02:24,gate3b_restricted_search,254,cold,8,0.07475987911298648,he,220.0
2345,2026-09-01 14:02:24,gate3b_restricted_search,254,cold,9,0.011468398705751582,xavier,246.0
2346,2026-09-01 14:02:24,gate3b_restricted_search,254,cold,10,0.014576193863035302,he,245.0
2347,2026-09-01 14:02:24,gate3b_restricted_search,254,cold,11,0.0797234062203645,he,220.0
2348,2026-09-01 14:02:24,gate3b_restricted_search,254,cold,12,0.021932663570538802,he,147.0
2349,2026-09-01 14:02:25,gate3b_restricted_search,254,cold,13,0.016983851798071364,he,237.0
2350,2026-09-01 14:02:25,gate3b_restricted_search,254,cold,14,0.007330807339450185,he,246.0
2351,2026-09-01 14:02:25,gate3b_restricted_search,254,informed_restricted,0,0.0017826497151386949,orthogonal,246.0
2352,2026-09-01 14:02:25,gate3b_restricted_search,254,informed_restricted,1,0.01448683388723935,orthogonal,104.0
2353,2026-09-01 14:02:26,gate3b_restricted_search,254,informed_restricted,2,0.00010007903854383786,orthogonal,1600.0
2354,2026-09-01 14:02:26,gate3b_restricted_search,254,informed_restricted,3,0.0008072307884499761,orthogonal,699.0
2355,2026-09-01 14:02:27,gate3b_restricted_search,254,informed_restricted,4,0.0002755926764027377,orthogonal,1600.0
2356,2026-09-01 14:02:27,gate3b_restricted_search,254,informed_restricted,5,0.00018924123965722266,orthogonal,1600.0
2357,2026-09-01 14:02:28,gate3b_restricted_search,254,informed_restricted,6,0.0003620600725744741,orthogonal,1600.0
2358,2026-09-01 14:02:28,gate3b_restricted_search,254,informed_restricted,7,0.001088133500363589,orthogonal,699.0
2359,2026-09-01 14:02:29,gate3b_restricted_search,254,informed_restricted,8,0.0015498955191377143,orthogonal,699.0
2360,2026-09-01 14:02:29,gate3b_restricted_search,254,informed_restricted,9,0.00413475900783472,orthogonal,246.0
2361,2026-09-01 14:02:29,gate3b_restricted_search,254,informed_restricted,10,0.09290791998691832,orthogonal,315.0
2362,2026-09-01 14:02:29,gate3b_restricted_search,254,informed_restricted,11,0.012973330597331065,orthogonal,150.0
2363,2026-09-01 14:02:29,gate3b_restricted_search,254,informed_restricted,12,0.016535107145461723,orthogonal,158.0
2364,2026-09-01 14:02:29,gate3b_restricted_search,254,informed_restricted,13,0.01416591916805599,orthogonal,207.0
2365,2026-09-01 14:02:30,gate3b_restricted_search,254,informed_restricted,14,0.01553710788150454,orthogonal,144.0
2366,2026-09-01 14:02:30,gate3b_restricted_search,254,universal_restricted,0,0.0017826497151386949,xavier,737.0
2367,2026-09-01 14:02:30,gate3b_restricted_search,254,universal_restricted,1,0.01448683388723935,xavier,222.0
2368,2026-09-01 14:02:31,gate3b_restricted_search,254,universal_restricted,2,0.00010007903854383786,xavier,1600.0
2369,2026-09-01 14:02:31,gate3b_restricted_search,254,universal_restricted,3,0.0008072307884499761,xavier,1600.0
2370,2026-09-01 14:02:32,gate3b_restricted_search,254,universal_restricted,4,0.0002755926764027377,xavier,1600.0
2371,2026-09-01 14:02:32,gate3b_restricted_search,254,universal_restricted,5,0.00018924123965722266,xavier,1600.0
2372,2026-09-01 14:02:33,gate3b_restricted_search,254,universal_restricted,6,0.0003620600725744741,xavier,1600.0
2373,2026-09-01 14:02:33,gate3b_restricted_search,254,universal_restricted,7,0.001088133500363589,xavier,1600.0
2374,2026-09-01 14:02:34,gate3b_restricted_search,254,universal_restricted,8,0.0015498955191377143,xavier,791.0
2375,2026-09-01 14:02:34,gate3b_restricted_search,254,universal_restricted,9,0.00413475900783472,xavier,246.0
2376,2026-09-01 14:02:34,gate3b_restricted_search,254,universal_restricted,10,0.09290791998691832,xavier,460.0
2377,2026-09-01 14:02:35,gate3b_restricted_search,254,universal_restricted,11,0.011930383561222451,xavier,246.0
2378,2026-09-01 14:02:35,gate3b_restricted_search,254,universal_restricted,12,0.015093357760941058,xavier,222.0
2379,2026-09-01 14:02:35,gate3b_restricted_search,254,universal_restricted,13,0.021230724496266177,xavier,158.0
2380,2026-09-01 14:02:35,gate3b_restricted_search,254,universal_restricted,14,0.04969685279085714,xavier,211.0
2381,2026-09-01 14:02:35,gate3b_restricted_search,255,reference,0,0.004430375245218269,xavier,262.0
2382,2026-09-01 14:02:36,gate3b_restricted_search,255,reference,1,0.0018662266976517971,orthogonal,508.0
2383,2026-09-01 14:02:36,gate3b_restricted_search,255,reference,2,0.07780155576901421,he,358.0
2384,2026-09-01 14:02:36,gate3b_restricted_search,255,reference,3,0.005059803874660437,xavier,238.0
2385,2026-09-01 14:02:37,gate3b_restricted_search,255,reference,4,0.00011498870747119459,orthogonal,1600.0
2386,2026-09-01 14:02:37,gate3b_restricted_search,255,reference,5,0.08626905220714905,xavier,225.0
2387,2026-09-01 14:02:38,gate3b_restricted_search,255,reference,6,0.00022637229697395497,orthogonal,1600.0
2388,2026-09-01 14:02:38,gate3b_restricted_search,255,reference,7,0.0036774346621052147,orthogonal,351.0
2389,2026-09-01 14:02:38,gate3b_restricted_search,255,reference,8,0.0023358825194833557,orthogonal,508.0
2390,2026-09-01 14:02:38,gate3b_restricted_search,255,reference,9,0.006859416411328701,he,305.0
2391,2026-09-01 14:02:38,gate3b_restricted_search,255,reference,10,0.07162629642639848,xavier,156.0
2392,2026-09-01 14:02:39,gate3b_restricted_search,255,reference,11,0.07216635702812188,xavier,180.0
2393,2026-09-01 14:02:39,gate3b_restricted_search,255,reference,12,0.02451418499252173,xavier,115.0
2394,2026-09-01 14:02:39,gate3b_restricted_search,255,reference,13,0.020527514539894275,xavier,148.0
2395,2026-09-01 14:02:39,gate3b_restricted_search,255,reference,14,0.021178889448851296,xavier,131.0
2396,2026-09-01 14:02:39,gate3b_restricted_search,255,reference,15,0.016597301987641328,xavier,148.0
2397,2026-09-01 14:02:39,gate3b_restricted_search,255,reference,16,0.022612400605723545,xavier,115.0
2398,2026-09-01 14:02:40,gate3b_restricted_search,255,reference,17,0.0006003732175661912,he,629.0
2399,2026-09-01 14:02:40,gate3b_restricted_search,255,reference,18,0.030834966094379808,xavier,74.0
2400,2026-09-01 14:02:40,gate3b_restricted_search,255,reference,19,0.010270274960217558,xavier,180.0
2401,2026-09-01 14:02:40,gate3b_restricted_search,255,reference,20,0.0399144312011952,he,196.0
2402,2026-09-01 14:02:40,gate3b_restricted_search,255,reference,21,0.03388568702320316,xavier,77.0
2403,2026-09-01 14:02:40,gate3b_restricted_search,255,reference,22,0.038994369449809246,xavier,110.0
2404,2026-09-01 14:02:40,gate3b_restricted_search,255,reference,23,0.04849797326016676,xavier,128.0
2405,2026-09-01 14:02:40,gate3b_restricted_search,255,reference,24,0.010620762292850734,xavier,180.0
2406,2026-09-01 14:02:40,gate3b_restricted_search,255,reference,25,0.03708011924446669,xavier,148.0
2407,2026-09-01 14:02:41,gate3b_restricted_search,255,reference,26,0.011123093347767881,xavier,185.0
2408,2026-09-01 14:02:41,gate3b_restricted_search,255,reference,27,0.03956516852343248,xavier,148.0
2409,2026-09-01 14:02:41,gate3b_restricted_search,255,reference,28,0.03181504217064488,he,131.0
2410,2026-09-01 14:02:41,gate3b_restricted_search,255,reference,29,0.014814692233519859,xavier,148.0
2411,2026-09-01 14:02:41,gate3b_restricted_search,255,reference,30,0.052915496840755555,xavier,148.0
2412,2026-09-01 14:02:41,gate3b_restricted_search,255,reference,31,0.031118031133989015,xavier,74.0
2413,2026-09-01 14:02:41,gate3b_restricted_search,255,reference,32,0.029496840076809486,xavier,128.0
2414,2026-09-01 14:02:41,gate3b_restricted_search,255,reference,33,0.09794116129143862,xavier,180.0
2415,2026-09-01 14:02:41,gate3b_restricted_search,255,reference,34,0.058460792120501266,xavier,150.0
2416,2026-09-01 14:02:42,gate3b_restricted_search,255,reference,35,0.007538239668821888,xavier,185.0
2417,2026-09-01 14:02:42,gate3b_restricted_search,255,reference,36,0.01508771394147018,orthogonal,97.0
2418,2026-09-01 14:02:42,gate3b_restricted_search,255,reference,37,0.013980247889678266,orthogonal,97.0
2419,2026-09-01 14:02:42,gate3b_restricted_search,255,reference,38,0.003960659986870147,orthogonal,238.0
2420,2026-09-01 14:02:42,gate3b_restricted_search,255,reference,39,0.008401285875029293,orthogonal,159.0
2421,2026-09-01 14:02:43,gate3b_restricted_search,255,cold,0,0.0017826497151386949,xavier,593.0
2422,2026-09-01 14:02:43,gate3b_restricted_search,255,cold,1,0.0002755926764027377,orthogonal,1600.0
2423,2026-09-01 14:02:43,gate3b_restricted_search,255,cold,2,0.0015498955191377143,orthogonal,618.0
2424,2026-09-01 14:02:44,gate3b_restricted_search,255,cold,3,0.00041054120168588934,xavier,1600.0
2425,2026-09-01 14:02:44,gate3b_restricted_search,255,cold,4,0.001786135519762597,xavier,521.0
2426,2026-09-01 14:02:44,gate3b_restricted_search,255,cold,5,0.025248390936171015,xavier,115.0
2427,2026-09-01 14:02:45,gate3b_restricted_search,255,cold,6,0.04257625486011382,xavier,74.0
2428,2026-09-01 14:02:45,gate3b_restricted_search,255,cold,7,0.0003232148147351276,xavier,1600.0
2429,2026-09-01 14:02:45,gate3b_restricted_search,255,cold,8,0.07475987911298648,he,225.0
2430,2026-09-01 14:02:45,gate3b_restricted_search,255,cold,9,0.011468398705751582,xavier,185.0
2431,2026-09-01 14:02:46,gate3b_restricted_search,255,cold,10,0.09344501034181055,he,306.0
2432,2026-09-01 14:02:46,gate3b_restricted_search,255,cold,11,0.021361236429000122,xavier,131.0
2433,2026-09-01 14:02:46,gate3b_restricted_search,255,cold,12,0.018729908809075033,xavier,148.0
2434,2026-09-01 14:02:46,gate3b_restricted_search,255,cold,13,0.00728316494133813,xavier,185.0
2435,2026-09-01 14:02:46,gate3b_restricted_search,255,cold,14,0.039131135779775145,orthogonal,148.0
2436,2026-09-01 14:02:46,gate3b_restricted_search,255,informed_restricted,0,0.0017826497151386949,he,437.0
2437,2026-09-01 14:02:47,gate3b_restricted_search,255,informed_restricted,1,0.01448683388723935,he,175.0
2438,2026-09-01 14:02:47,gate3b_restricted_search,255,informed_restricted,2,0.00010007903854383786,he,1600.0
2439,2026-09-01 14:02:48,gate3b_restricted_search,255,informed_restricted,3,0.0008072307884499761,he,629.0
2440,2026-09-01 14:02:48,gate3b_restricted_search,255,informed_restricted,4,0.0002755926764027377,he,1600.0
2441,2026-09-01 14:02:49,gate3b_restricted_search,255,informed_restricted,5,0.00018924123965722266,he,1600.0
2442,2026-09-01 14:02:49,gate3b_restricted_search,255,informed_restricted,6,0.0003620600725744741,he,1600.0
2443,2026-09-01 14:02:50,gate3b_restricted_search,255,informed_restricted,7,0.001088133500363589,he,616.0
2444,2026-09-01 14:02:50,gate3b_restricted_search,255,informed_restricted,8,0.0015498955191377143,he,437.0
2445,2026-09-01 14:02:50,gate3b_restricted_search,255,informed_restricted,9,0.00413475900783472,he,351.0
2446,2026-09-01 14:02:50,gate3b_restricted_search,255,informed_restricted,10,0.09290791998691832,he,401.0
2447,2026-09-01 14:02:51,gate3b_restricted_search,255,informed_restricted,11,0.011930383561222451,he,175.0
2448,2026-09-01 14:02:51,gate3b_restricted_search,255,informed_restricted,12,0.016535107145461723,he,148.0
2449,2026-09-01 14:02:51,gate3b_restricted_search,255,informed_restricted,13,0.022446911961699983,he,148.0
2450,2026-09-01 14:02:51,gate3b_restricted_search,255,informed_restricted,14,0.05804656431752625,he,203.0
2451,2026-09-01 14:02:52,gate3b_restricted_search,255,universal_restricted,0,0.0017826497151386949,xavier,593.0
2452,2026-09-01 14:02:52,gate3b_restricted_search,255,universal_restricted,1,0.01448683388723935,xavier,97.0
2453,2026-09-01 14:02:52,gate3b_restricted_search,255,universal_restricted,2,0.00010007903854383786,xavier,1600.0
2454,2026-09-01 14:02:53,gate3b_restricted_search,255,universal_restricted,3,0.0008072307884499761,xavier,789.0
2455,2026-09-01 14:02:53,gate3b_restricted_search,255,universal_restricted,4,0.0002755926764027377,xavier,1600.0
2456,2026-09-01 14:02:54,gate3b_restricted_search,255,universal_restricted,5,0.00018924123965722266,xavier,1600.0
2457,2026-09-01 14:02:54,gate3b_restricted_search,255,universal_restricted,6,0.0003620600725744741,xavier,1600.0
2458,2026-09-01 14:02:55,gate3b_restricted_search,255,universal_restricted,7,0.001088133500363589,xavier,689.0
2459,2026-09-01 14:02:55,gate3b_restricted_search,255,universal_restricted,8,0.0015498955191377143,xavier,616.0
2460,2026-09-01 14:02:55,gate3b_restricted_search,255,universal_restricted,9,0.00413475900783472,xavier,298.0
2461,2026-09-01 14:02:56,gate3b_restricted_search,255,universal_restricted,10,0.09290791998691832,xavier,215.0
2462,2026-09-01 14:02:56,gate3b_restricted_search,255,universal_restricted,11,0.07785058870653301,xavier,155.0
2463,2026-09-01 14:02:56,gate3b_restricted_search,255,universal_restricted,12,0.0464700795252923,xavier,159.0
2464,2026-09-01 14:02:56,gate3b_restricted_search,255,universal_restricted,13,0.016334733956465577,xavier,148.0
2465,2026-09-01 14:02:56,gate3b_restricted_search,255,universal_restricted,14,0.01553710788150454,xavier,148.0
2466,2026-09-01 14:02:56,gate3b_restricted_search,258,reference,0,0.004430375245218269,xavier,221.0
2467,2026-09-01 14:02:57,gate3b_restricted_search,258,reference,1,0.0018662266976517971,orthogonal,546.0
2468,2026-09-01 14:02:57,gate3b_restricted_search,258,reference,2,0.07780155576901421,he,380.0
2469,2026-09-01 14:02:57,gate3b_restricted_search,258,reference,3,0.005059803874660437,xavier,221.0
2470,2026-09-01 14:02:58,gate3b_restricted_search,258,reference,4,0.00011498870747119459,orthogonal,1600.0
2471,2026-09-01 14:02:58,gate3b_restricted_search,258,reference,5,0.08626905220714905,xavier,113.0
2472,2026-09-01 14:02:58,gate3b_restricted_search,258,reference,6,0.00022637229697395497,orthogonal,1600.0
2473,2026-09-01 14:02:58,gate3b_restricted_search,258,reference,7,0.0036774346621052147,orthogonal,221.0
2474,2026-09-01 14:02:59,gate3b_restricted_search,258,reference,8,0.0023358825194833557,orthogonal,386.0
2475,2026-09-01 14:02:59,gate3b_restricted_search,258,reference,9,0.006859416411328701,he,285.0
2476,2026-09-01 14:02:59,gate3b_restricted_search,258,reference,10,0.07162629642639848,xavier,330.0
2477,2026-09-01 14:02:59,gate3b_restricted_search,258,reference,11,0.022541989102962234,xavier,157.0
2478,2026-09-01 14:02:59,gate3b_restricted_search,258,reference,12,0.02365310875574803,xavier,114.0
2479,2026-09-01 14:02:59,gate3b_restricted_search,258,reference,13,0.020534207875627673,xavier,113.0
2480,2026-09-01 14:03:00,gate3b_restricted_search,258,reference,14,0.02282102893571784,xavier,155.0
2481,2026-09-01 14:03:00,gate3b_restricted_search,258,reference,15,0.040824720085703856,xavier,324.0
2482,2026-09-01 14:03:00,gate3b_restricted_search,258,reference,16,0.012068594115400939,xavier,127.0
2483,2026-09-01 14:03:00,gate3b_restricted_search,258,reference,17,0.048710921595475444,he,175.0
2484,2026-09-01 14:03:01,gate3b_restricted_search,258,reference,18,0.000874252903876325,xavier,724.0
2485,2026-09-01 14:03:01,gate3b_restricted_search,258,reference,19,0.010188195269698564,xavier,127.0
2486,2026-09-01 14:03:01,gate3b_restricted_search,258,reference,20,0.08354324111212585,he,331.0
2487,2026-09-01 14:03:01,gate3b_restricted_search,258,reference,21,0.023396779215544408,xavier,113.0
2488,2026-09-01 14:03:01,gate3b_restricted_search,258,reference,22,0.032428543239576106,xavier,175.0
2489,2026-09-01 14:03:01,gate3b_restricted_search,258,reference,23,0.012581410879221004,xavier,127.0
2490,2026-09-01 14:03:01,gate3b_restricted_search,258,reference,24,0.01530637847212666,xavier,127.0
2491,2026-09-01 14:03:01,gate3b_restricted_search,258,reference,25,0.04739479484695634,xavier,222.0
2492,2026-09-01 14:03:02,gate3b_restricted_search,258,reference,26,0.03458525719637592,xavier,225.0
2493,2026-09-01 14:03:02,gate3b_restricted_search,258,reference,27,0.09268366821339347,xavier,221.0
2494,2026-09-01 14:03:02,gate3b_restricted_search,258,reference,28,0.007703807867045896,he,285.0
2495,2026-09-01 14:03:02,gate3b_restricted_search,258,reference,29,0.021158962286319985,xavier,113.0
2496,2026-09-01 14:03:02,gate3b_restricted_search,258,reference,30,0.05002743218638335,xavier,222.0
2497,2026-09-01 14:03:02,gate3b_restricted_search,258,reference,31,0.019204792096438612,xavier,113.0
2498,2026-09-01 14:03:02,gate3b_restricted_search,258,reference,32,0.01650048494905762,xavier,157.0
2499,2026-09-01 14:03:03,gate3b_restricted_search,258,reference,33,0.0009959757984814646,xavier,677.0
2500,2026-09-01 14:03:03,gate3b_restricted_search,258,reference,34,0.007772522197890305,xavier,127.0
2501,2026-09-01 14:03:03,gate3b_restricted_search,258,reference,35,0.004694939362741506,xavier,221.0
2502,2026-09-01 14:03:03,gate3b_restricted_search,258,reference,36,0.0694119800518114,orthogonal,318.0
2503,2026-09-01 14:03:03,gate3b_restricted_search,258,reference,37,0.017147100961910407,xavier,114.0
2504,2026-09-01 14:03:04,gate3b_restricted_search,258,reference,38,0.0026153668742855273,orthogonal,318.0
2505,2026-09-01 14:03:04,gate3b_restricted_search,258,reference,39,0.030801615204616155,he,310.0
2506,2026-09-01 14:03:04,gate3b_restricted_search,258,cold,0,0.0017826497151386949,xavier,365.0
2507,2026-09-01 14:03:05,gate3b_restricted_search,258,cold,1,0.0002755926764027377,orthogonal,1600.0
2508,2026-09-01 14:03:05,gate3b_restricted_search,258,cold,2,0.0015498955191377143,orthogonal,677.0
2509,2026-09-01 14:03:06,gate3b_restricted_search,258,cold,3,0.00041054120168588934,xavier,1600.0
2510,2026-09-01 14:03:06,gate3b_restricted_search,258,cold,4,0.001786135519762597,xavier,365.0
2511,2026-09-01 14:03:06,gate3b_restricted_search,258,cold,5,0.025248390936171015,xavier,157.0
2512,2026-09-01 14:03:06,gate3b_restricted_search,258,cold,6,0.04257625486011382,xavier,187.0
2513,2026-09-01 14:03:07,gate3b_restricted_search,258,cold,7,0.0003232148147351276,xavier,1600.0
2514,2026-09-01 14:03:07,gate3b_restricted_search,258,cold,8,0.07475987911298648,he,355.0
2515,2026-09-01 14:03:07,gate3b_restricted_search,258,cold,9,0.011468398705751582,xavier,127.0
2516,2026-09-01 14:03:07,gate3b_restricted_search,258,cold,10,0.013520030930076584,he,225.0
2517,2026-09-01 14:03:07,gate3b_restricted_search,258,cold,11,0.010686274357222558,xavier,127.0
2518,2026-09-01 14:03:08,gate3b_restricted_search,258,cold,12,0.008383069621717622,xavier,127.0
2519,2026-09-01 14:03:08,gate3b_restricted_search,258,cold,13,0.005115637666158399,xavier,221.0
2520,2026-09-01 14:03:08,gate3b_restricted_search,258,cold,14,0.004686025060958061,orthogonal,221.0
2521,2026-09-01 14:03:08,gate3b_restricted_search,258,informed_restricted,0,0.0017826497151386949,xavier,365.0
2522,2026-09-01 14:03:08,gate3b_restricted_search,258,informed_restricted,1,0.01448683388723935,xavier,113.0
2523,2026-09-01 14:03:09,gate3b_restricted_search,258,informed_restricted,2,0.00010007903854383786,xavier,1600.0
2524,2026-09-01 14:03:09,gate3b_restricted_search,258,informed_restricted,3,0.0008072307884499761,xavier,724.0
2525,2026-09-01 14:03:10,gate3b_restricted_search,258,informed_restricted,4,0.0002755926764027377,xavier,1600.0
2526,2026-09-01 14:03:10,gate3b_restricted_search,258,informed_restricted,5,0.00018924123965722266,xavier,1600.0
2527,2026-09-01 14:03:11,gate3b_restricted_search,258,informed_restricted,6,0.0003620600725744741,xavier,1600.0
2528,2026-09-01 14:03:11,gate3b_restricted_search,258,informed_restricted,7,0.001088133500363589,xavier,677.0
2529,2026-09-01 14:03:12,gate3b_restricted_search,258,informed_restricted,8,0.0015498955191377143,xavier,580.0
2530,2026-09-01 14:03:12,gate3b_restricted_search,258,informed_restricted,9,0.00413475900783472,xavier,221.0
2531,2026-09-01 14:03:12,gate3b_restricted_search,258,informed_restricted,10,0.09290791998691832,xavier,264.0
2532,2026-09-01 14:03:12,gate3b_restricted_search,258,informed_restricted,11,0.011930383561222451,xavier,127.0
2533,2026-09-01 14:03:12,gate3b_restricted_search,258,informed_restricted,12,0.016535107145461723,xavier,157.0
2534,2026-09-01 14:03:12,gate3b_restricted_search,258,informed_restricted,13,0.01416591916805599,xavier,151.0
2535,2026-09-01 14:03:12,gate3b_restricted_search,258,informed_restricted,14,0.01553710788150454,xavier,127.0
2536,2026-09-01 14:03:13,gate3b_restricted_search,258,universal_restricted,0,0.0017826497151386949,xavier,365.0
2537,2026-09-01 14:03:13,gate3b_restricted_search,258,universal_restricted,1,0.01448683388723935,xavier,113.0
2538,2026-09-01 14:03:13,gate3b_restricted_search,258,universal_restricted,2,0.00010007903854383786,xavier,1600.0
2539,2026-09-01 14:03:14,gate3b_restricted_search,258,universal_restricted,3,0.0008072307884499761,xavier,724.0
2540,2026-09-01 14:03:14,gate3b_restricted_search,258,universal_restricted,4,0.0002755926764027377,xavier,1600.0
2541,2026-09-01 14:03:15,gate3b_restricted_search,258,universal_restricted,5,0.00018924123965722266,xavier,1600.0
2542,2026-09-01 14:03:16,gate3b_restricted_search,258,universal_restricted,6,0.0003620600725744741,xavier,1600.0
2543,2026-09-01 14:03:16,gate3b_restricted_search,258,universal_restricted,7,0.001088133500363589,xavier,677.0
2544,2026-09-01 14:03:17,gate3b_restricted_search,258,universal_restricted,8,0.0015498955191377143,xavier,580.0
2545,2026-09-01 14:03:17,gate3b_restricted_search,258,universal_restricted,9,0.00413475900783472,xavier,221.0
2546,2026-09-01 14:03:17,gate3b_restricted_search,258,universal_restricted,10,0.09290791998691832,xavier,264.0
2547,2026-09-01 14:03:17,gate3b_restricted_search,258,universal_restricted,11,0.011930383561222451,xavier,127.0
2548,2026-09-01 14:03:17,gate3b_restricted_search,258,universal_restricted,12,0.016535107145461723,xavier,157.0
2549,2026-09-01 14:03:17,gate3b_restricted_search,258,universal_restricted,13,0.01416591916805599,xavier,151.0
2550,2026-09-01 14:03:17,gate3b_restricted_search,258,universal_restricted,14,0.01553710788150454,xavier,127.0
2551,2026-09-01 14:03:18,gate3b_restricted_search,261,reference,0,0.004430375245218269,xavier,320.0
2552,2026-09-01 14:03:18,gate3b_restricted_search,261,reference,1,0.0018662266976517971,orthogonal,1600.0
2553,2026-09-01 14:03:19,gate3b_restricted_search,261,reference,2,0.07780155576901421,he,1600.0
2554,2026-09-01 14:03:19,gate3b_restricted_search,261,reference,3,0.005059803874660437,xavier,285.0
2555,2026-09-01 14:03:20,gate3b_restricted_search,261,reference,4,0.00011498870747119459,orthogonal,1600.0
2556,2026-09-01 14:03:20,gate3b_restricted_search,261,reference,5,0.08626905220714905,xavier,1600.0
2557,2026-09-01 14:03:21,gate3b_restricted_search,261,reference,6,0.00022637229697395497,orthogonal,1600.0
2558,2026-09-01 14:03:21,gate3b_restricted_search,261,reference,7,0.0036774346621052147,orthogonal,515.0
2559,2026-09-01 14:03:22,gate3b_restricted_search,261,reference,8,0.0023358825194833557,orthogonal,686.0
2560,2026-09-01 14:03:22,gate3b_restricted_search,261,reference,9,0.006859416411328701,he,307.0
2561,2026-09-01 14:03:22,gate3b_restricted_search,261,reference,10,0.019907506982928588,he,174.0
2562,2026-09-01 14:03:22,gate3b_restricted_search,261,reference,11,0.020814104803987817,he,177.0
2563,2026-09-01 14:03:22,gate3b_restricted_search,261,reference,12,0.021644937500336026,he,361.0
2564,2026-09-01 14:03:23,gate3b_restricted_search,261,reference,13,0.020527514539894275,he,242.0
2565,2026-09-01 14:03:23,gate3b_restricted_search,261,reference,14,0.021178889448851296,he,177.0
2566,2026-09-01 14:03:23,gate3b_restricted_search,261,reference,15,0.000694465168883101,he,1600.0
2567,2026-09-01 14:03:23,gate3b_restricted_search,261,reference,16,0.011599421468819674,he,196.0
2568,2026-09-01 14:03:24,gate3b_restricted_search,261,reference,17,0.0385998309482012,he,561.0
2569,2026-09-01 14:03:24,gate3b_restricted_search,261,reference,18,0.042140601439425406,he,331.0
2570,2026-09-01 14:03:24,gate3b_restricted_search,261,reference,19,0.010284672764162348,he,196.0
2571,2026-09-01 14:03:25,gate3b_restricted_search,261,reference,20,0.0009712798508231742,xavier,1600.0
2572,2026-09-01 14:03:25,gate3b_restricted_search,261,reference,21,0.019944093242273486,he,174.0
2573,2026-09-01 14:03:25,gate3b_restricted_search,261,reference,22,0.04405819431174489,he,331.0
2574,2026-09-01 14:03:25,gate3b_restricted_search,261,reference,23,0.011122218398527785,he,196.0
2575,2026-09-01 14:03:26,gate3b_restricted_search,261,reference,24,0.02590845460307929,he,338.0
2576,2026-09-01 14:03:26,gate3b_restricted_search,261,reference,25,0.013512556513192461,he,202.0
2577,2026-09-01 14:03:26,gate3b_restricted_search,261,reference,26,0.05216046206469252,he,412.0
2578,2026-09-01 14:03:26,gate3b_restricted_search,261,reference,27,0.006570875535534412,he,285.0
2579,2026-09-01 14:03:27,gate3b_restricted_search,261,reference,28,0.029884139767470782,xavier,385.0
2580,2026-09-01 14:03:27,gate3b_restricted_search,261,reference,29,0.014036580052594843,he,174.0
2581,2026-09-01 14:03:27,gate3b_restricted_search,261,reference,30,0.0033455360537655372,xavier,533.0
2582,2026-09-01 14:03:27,gate3b_restricted_search,261,reference,31,0.014401354294084446,he,196.0
2583,2026-09-01 14:03:27,gate3b_restricted_search,261,reference,32,0.0077758039328751204,he,254.0
2584,2026-09-01 14:03:28,gate3b_restricted_search,261,reference,33,0.06330365499971989,he,1600.0
2585,2026-09-01 14:03:28,gate3b_restricted_search,261,reference,34,0.014588676435266349,he,196.0
2586,2026-09-01 14:03:28,gate3b_restricted_search,261,reference,35,0.02996260180444567,he,323.0
2587,2026-09-01 14:03:29,gate3b_restricted_search,261,reference,36,0.09288865969417966,orthogonal,1600.0
2588,2026-09-01 14:03:29,gate3b_restricted_search,261,reference,37,0.0197131708531084,he,170.0
2589,2026-09-01 14:03:29,gate3b_restricted_search,261,reference,38,0.005064991132077334,xavier,285.0
2590,2026-09-01 14:03:29,gate3b_restricted_search,261,reference,39,0.01702894445227157,orthogonal,390.0
2591,2026-09-01 14:03:30,gate3b_restricted_search,261,cold,0,0.0017826497151386949,xavier,1600.0
2592,2026-09-01 14:03:30,gate3b_restricted_search,261,cold,1,0.0002755926764027377,orthogonal,1600.0
2593,2026-09-01 14:03:31,gate3b_restricted_search,261,cold,2,0.0015498955191377143,orthogonal,1600.0
2594,2026-09-01 14:03:32,gate3b_restricted_search,261,cold,3,0.00041054120168588934,xavier,1600.0
2595,2026-09-01 14:03:32,gate3b_restricted_search,261,cold,4,0.001786135519762597,xavier,1600.0
2596,2026-09-01 14:03:32,gate3b_restricted_search,261,cold,5,0.025248390936171015,xavier,365.0
2597,2026-09-01 14:03:33,gate3b_restricted_search,261,cold,6,0.04257625486011382,xavier,723.0
2598,2026-09-01 14:03:33,gate3b_restricted_search,261,cold,7,0.0003232148147351276,xavier,1600.0
2599,2026-09-01 14:03:34,gate3b_restricted_search,261,cold,8,0.07475987911298648,he,1600.0
2600,2026-09-01 14:03:34,gate3b_restricted_search,261,cold,9,0.011468398705751582,xavier,202.0
2601,2026-09-01 14:03:34,gate3b_restricted_search,261,cold,10,0.013520030930076584,he,196.0
2602,2026-09-01 14:03:34,gate3b_restricted_search,261,cold,11,0.012050318703919807,he,202.0
2603,2026-09-01 14:03:34,gate3b_restricted_search,261,cold,12,0.008901992342500538,he,196.0
2604,2026-09-01 14:03:35,gate3b_restricted_search,261,cold,13,0.005373764229670441,he,320.0
2605,2026-09-01 14:03:35,gate3b_restricted_search,261,cold,14,0.004923788599439353,he,285.0
2606,2026-09-01 14:03:35,gate3b_restricted_search,261,informed_restricted,0,0.0017826497151386949,xavier,1600.0
2607,2026-09-01 14:03:36,gate3b_restricted_search,261,informed_restricted,1,0.01448683388723935,xavier,202.0
2608,2026-09-01 14:03:36,gate3b_restricted_search,261,informed_restricted,2,0.00010007903854383786,xavier,1600.0
2609,2026-09-01 14:03:37,gate3b_restricted_search,261,informed_restricted,3,0.0008072307884499761,xavier,1600.0
2610,2026-09-01 14:03:37,gate3b_restricted_search,261,informed_restricted,4,0.0002755926764027377,xavier,1600.0
2611,2026-09-01 14:03:38,gate3b_restricted_search,261,informed_restricted,5,0.00018924123965722266,xavier,1600.0
2612,2026-09-01 14:03:38,gate3b_restricted_search,261,informed_restricted,6,0.0003620600725744741,xavier,1600.0
2613,2026-09-01 14:03:39,gate3b_restricted_search,261,informed_restricted,7,0.001088133500363589,xavier,1600.0
2614,2026-09-01 14:03:39,gate3b_restricted_search,261,informed_restricted,8,0.0015498955191377143,xavier,1600.0
2615,2026-09-01 14:03:40,gate3b_restricted_search,261,informed_restricted,9,0.00413475900783472,xavier,418.0
2616,2026-09-01 14:03:40,gate3b_restricted_search,261,informed_restricted,10,0.09290791998691832,xavier,1600.0
2617,2026-09-01 14:03:40,gate3b_restricted_search,261,informed_restricted,11,0.011930383561222451,xavier,202.0
2618,2026-09-01 14:03:41,gate3b_restricted_search,261,informed_restricted,12,0.016535107145461723,xavier,279.0
2619,2026-09-01 14:03:41,gate3b_restricted_search,261,informed_restricted,13,0.01416591916805599,xavier,174.0
2620,2026-09-01 14:03:41,gate3b_restricted_search,261,informed_restricted,14,0.035690305590833374,xavier,471.0
2621,2026-09-01 14:03:42,gate3b_restricted_search,261,universal_restricted,0,0.0017826497151386949,xavier,1600.0
2622,2026-09-01 14:03:42,gate3b_restricted_search,261,universal_restricted,1,0.01448683388723935,xavier,202.0
2623,2026-09-01 14:03:42,gate3b_restricted_search,261,universal_restricted,2,0.00010007903854383786,xavier,1600.0
2624,2026-09-01 14:03:43,gate3b_restricted_search,261,universal_restricted,3,0.0008072307884499761,xavier,1600.0
2625,2026-09-01 14:03:43,gate3b_restricted_search,261,universal_restricted,4,0.0002755926764027377,xavier,1600.0
2626,2026-09-01 14:03:44,gate3b_restricted_search,261,universal_restricted,5,0.00018924123965722266,xavier,1600.0
2627,2026-09-01 14:03:44,gate3b_restricted_search,261,universal_restricted,6,0.0003620600725744741,xavier,1600.0
2628,2026-09-01 14:03:45,gate3b_restricted_search,261,universal_restricted,7,0.001088133500363589,xavier,1600.0
2629,2026-09-01 14:03:46,gate3b_restricted_search,261,universal_restricted,8,0.0015498955191377143,xavier,1600.0
2630,2026-09-01 14:03:46,gate3b_restricted_search,261,universal_restricted,9,0.00413475900783472,xavier,418.0
2631,2026-09-01 14:03:46,gate3b_restricted_search,261,universal_restricted,10,0.09290791998691832,xavier,1600.0
2632,2026-09-01 14:03:47,gate3b_restricted_search,261,universal_restricted,11,0.011930383561222451,xavier,202.0
2633,2026-09-01 14:03:47,gate3b_restricted_search,261,universal_restricted,12,0.016535107145461723,xavier,279.0
2634,2026-09-01 14:03:47,gate3b_restricted_search,261,universal_restricted,13,0.01416591916805599,xavier,174.0
2635,2026-09-01 14:03:47,gate3b_restricted_search,261,universal_restricted,14,0.035690305590833374,xavier,471.0
2636,2026-09-01 14:03:48,gate3b_restricted_search,263,reference,0,0.004430375245218269,xavier,308.0
2637,2026-09-01 14:03:48,gate3b_restricted_search,263,reference,1,0.0018662266976517971,orthogonal,418.0
2638,2026-09-01 14:03:48,gate3b_restricted_search,263,reference,2,0.07780155576901421,he,310.0
2639,2026-09-01 14:03:48,gate3b_restricted_search,263,reference,3,0.005059803874660437,xavier,377.0
2640,2026-09-01 14:03:49,gate3b_restricted_search,263,reference,4,0.00011498870747119459,orthogonal,1600.0
2641,2026-09-01 14:03:49,gate3b_restricted_search,263,reference,5,0.08626905220714905,xavier,244.0
2642,2026-09-01 14:03:50,gate3b_restricted_search,263,reference,6,0.00022637229697395497,orthogonal,1600.0
2643,2026-09-01 14:03:50,gate3b_restricted_search,263,reference,7,0.0036774346621052147,orthogonal,244.0
2644,2026-09-01 14:03:50,gate3b_restricted_search,263,reference,8,0.0023358825194833557,orthogonal,244.0
2645,2026-09-01 14:03:50,gate3b_restricted_search,263,reference,9,0.006859416411328701,he,367.0
2646,2026-09-01 14:03:51,gate3b_restricted_search,263,reference,10,0.07162629642639848,xavier,285.0
2647,2026-09-01 14:03:51,gate3b_restricted_search,263,reference,11,0.01987003445315026,xavier,184.0
2648,2026-09-01 14:03:51,gate3b_restricted_search,263,reference,12,0.02365310875574803,xavier,127.0
2649,2026-09-01 14:03:51,gate3b_restricted_search,263,reference,13,0.020527514539894275,xavier,145.0
2650,2026-09-01 14:03:51,gate3b_restricted_search,263,reference,14,0.021178889448851296,xavier,184.0
2651,2026-09-01 14:03:51,gate3b_restricted_search,263,reference,15,0.023349030163720943,xavier,127.0
2652,2026-09-01 14:03:51,gate3b_restricted_search,263,reference,16,0.013018911619292323,xavier,207.0
2653,2026-09-01 14:03:52,gate3b_restricted_search,263,reference,17,0.0005834317563228813,he,1600.0
2654,2026-09-01 14:03:52,gate3b_restricted_search,263,reference,18,0.03913300331270353,xavier,234.0
2655,2026-09-01 14:03:52,gate3b_restricted_search,263,reference,19,0.01058944355112779,xavier,270.0
2656,2026-09-01 14:03:52,gate3b_restricted_search,263,reference,20,0.039310800027082204,he,307.0
2657,2026-09-01 14:03:53,gate3b_restricted_search,263,reference,21,0.03319518966675997,xavier,124.0
2658,2026-09-01 14:03:53,gate3b_restricted_search,263,reference,22,0.034966863299295464,xavier,207.0
2659,2026-09-01 14:03:53,gate3b_restricted_search,263,reference,23,0.010155063855043101,xavier,221.0
2660,2026-09-01 14:03:53,gate3b_restricted_search,263,reference,24,0.04153127376361674,xavier,207.0
2661,2026-09-01 14:03:53,gate3b_restricted_search,263,reference,25,0.02412020358444278,xavier,127.0
2662,2026-09-01 14:03:53,gate3b_restricted_search,263,reference,26,0.013083635037559905,xavier,184.0
2663,2026-09-01 14:03:53,gate3b_restricted_search,263,reference,27,0.04818156777390295,xavier,274.0
2664,2026-09-01 14:03:54,gate3b_restricted_search,263,reference,28,0.00722384931970464,xavier,206.0
2665,2026-09-01 14:03:54,gate3b_restricted_search,263,reference,29,0.001145964059487866,he,1600.0
2666,2026-09-01 14:03:54,gate3b_restricted_search,263,reference,30,0.028012841221766383,xavier,162.0
2667,2026-09-01 14:03:54,gate3b_restricted_search,263,reference,31,0.018882486037492277,xavier,145.0
2668,2026-09-01 14:03:55,gate3b_restricted_search,263,reference,32,0.059116118649047276,xavier,272.0
2669,2026-09-01 14:03:55,gate3b_restricted_search,263,reference,33,0.09720064217913711,xavier,244.0
2670,2026-09-01 14:03:55,gate3b_restricted_search,263,reference,34,0.027660857749091324,xavier,184.0
2671,2026-09-01 14:03:55,gate3b_restricted_search,263,reference,35,0.015956857791048176,xavier,176.0
2672,2026-09-01 14:03:55,gate3b_restricted_search,263,reference,36,0.007592689134914857,orthogonal,221.0
2673,2026-09-01 14:03:56,gate3b_restricted_search,263,reference,37,0.004798200920065851,xavier,377.0
2674,2026-09-01 14:03:56,gate3b_restricted_search,263,reference,38,0.05775911811485379,he,373.0
2675,2026-09-01 14:03:56,gate3b_restricted_search,263,reference,39,0.032488352681495074,orthogonal,110.0
2676,2026-09-01 14:03:56,gate3b_restricted_search,263,cold,0,0.0017826497151386949,xavier,500.0
2677,2026-09-01 14:03:57,gate3b_restricted_search,263,cold,1,0.0002755926764027377,orthogonal,1600.0
2678,2026-09-01 14:03:57,gate3b_restricted_search,263,cold,2,0.0015498955191377143,orthogonal,441.0
2679,2026-09-01 14:03:58,gate3b_restricted_search,263,cold,3,0.00041054120168588934,xavier,1600.0
2680,2026-09-01 14:03:58,gate3b_restricted_search,263,cold,4,0.001786135519762597,xavier,500.0
2681,2026-09-01 14:03:58,gate3b_restricted_search,263,cold,5,0.025248390936171015,xavier,127.0
2682,2026-09-01 14:03:58,gate3b_restricted_search,263,cold,6,0.04257625486011382,xavier,274.0
2683,2026-09-01 14:03:59,gate3b_restricted_search,263,cold,7,0.0003232148147351276,xavier,1600.0
2684,2026-09-01 14:03:59,gate3b_restricted_search,263,cold,8,0.07475987911298648,he,207.0
2685,2026-09-01 14:03:59,gate3b_restricted_search,263,cold,9,0.011468398705751582,xavier,221.0
2686,2026-09-01 14:03:59,gate3b_restricted_search,263,cold,10,0.014576193863035302,he,213.0
2687,2026-09-01 14:03:59,gate3b_restricted_search,263,cold,11,0.0797234062203645,he,274.0
2688,2026-09-01 14:04:00,gate3b_restricted_search,263,cold,12,0.021932663570538802,he,267.0
2689,2026-09-01 14:04:00,gate3b_restricted_search,263,cold,13,0.006758258141384332,he,367.0
2690,2026-09-01 14:04:00,gate3b_restricted_search,263,cold,14,0.06483350902889583,he,343.0
2691,2026-09-01 14:04:00,gate3b_restricted_search,263,informed_restricted,0,0.0017826497151386949,orthogonal,418.0
2692,2026-09-01 14:04:01,gate3b_restricted_search,263,informed_restricted,1,0.01448683388723935,orthogonal,124.0
2693,2026-09-01 14:04:01,gate3b_restricted_search,263,informed_restricted,2,0.00010007903854383786,orthogonal,1600.0
2694,2026-09-01 14:04:02,gate3b_restricted_search,263,informed_restricted,3,0.0008072307884499761,orthogonal,679.0
2695,2026-09-01 14:04:02,gate3b_restricted_search,263,informed_restricted,4,0.0002755926764027377,orthogonal,1600.0
2696,2026-09-01 14:04:03,gate3b_restricted_search,263,informed_restricted,5,0.00018924123965722266,orthogonal,1600.0
2697,2026-09-01 14:04:03,gate3b_restricted_search,263,informed_restricted,6,0.0003620600725744741,orthogonal,1600.0
2698,2026-09-01 14:04:03,gate3b_restricted_search,263,informed_restricted,7,0.001088133500363589,orthogonal,467.0
2699,2026-09-01 14:04:04,gate3b_restricted_search,263,informed_restricted,8,0.0015498955191377143,orthogonal,441.0
2700,2026-09-01 14:04:04,gate3b_restricted_search,263,informed_restricted,9,0.00413475900783472,orthogonal,244.0
2701,2026-09-01 14:04:04,gate3b_restricted_search,263,informed_restricted,10,0.09290791998691832,orthogonal,287.0
2702,2026-09-01 14:04:04,gate3b_restricted_search,263,informed_restricted,11,0.011930383561222451,orthogonal,139.0
2703,2026-09-01 14:04:04,gate3b_restricted_search,263,informed_restricted,12,0.016535107145461723,orthogonal,110.0
2704,2026-09-01 14:04:04,gate3b_restricted_search,263,informed_restricted,13,0.022446911961699983,orthogonal,118.0
2705,2026-09-01 14:04:05,gate3b_restricted_search,263,informed_restricted,14,0.02354874493860281,orthogonal,118.0
2706,2026-09-01 14:04:05,gate3b_restricted_search,263,universal_restricted,0,0.0017826497151386949,xavier,500.0
2707,2026-09-01 14:04:05,gate3b_restricted_search,263,universal_restricted,1,0.01448683388723935,xavier,248.0
2708,2026-09-01 14:04:06,gate3b_restricted_search,263,universal_restricted,2,0.00010007903854383786,xavier,1600.0
2709,2026-09-01 14:04:06,gate3b_restricted_search,263,universal_restricted,3,0.0008072307884499761,xavier,1600.0
2710,2026-09-01 14:04:07,gate3b_restricted_search,263,universal_restricted,4,0.0002755926764027377,xavier,1600.0
2711,2026-09-01 14:04:07,gate3b_restricted_search,263,universal_restricted,5,0.00018924123965722266,xavier,1600.0
2712,2026-09-01 14:04:08,gate3b_restricted_search,263,universal_restricted,6,0.0003620600725744741,xavier,1600.0
2713,2026-09-01 14:04:08,gate3b_restricted_search,263,universal_restricted,7,0.001088133500363589,xavier,1600.0
2714,2026-09-01 14:04:09,gate3b_restricted_search,263,universal_restricted,8,0.0015498955191377143,xavier,466.0
2715,2026-09-01 14:04:09,gate3b_restricted_search,263,universal_restricted,9,0.00413475900783472,xavier,308.0
2716,2026-09-01 14:04:09,gate3b_restricted_search,263,universal_restricted,10,0.09290791998691832,xavier,377.0
2717,2026-09-01 14:04:09,gate3b_restricted_search,263,universal_restricted,11,0.011930383561222451,xavier,221.0
2718,2026-09-01 14:04:09,gate3b_restricted_search,263,universal_restricted,12,0.016535107145461723,xavier,213.0
2719,2026-09-01 14:04:10,gate3b_restricted_search,263,universal_restricted,13,0.01718356475580144,xavier,184.0
2720,2026-09-01 14:04:10,gate3b_restricted_search,263,universal_restricted,14,0.045819362061605,xavier,274.0
2721,2026-09-01 14:04:10,gate3b_restricted_search,266,reference,0,0.004430375245218269,xavier,277.0
2722,2026-09-01 14:04:10,gate3b_restricted_search,266,reference,1,0.0018662266976517971,orthogonal,397.0
2723,2026-09-01 14:04:10,gate3b_restricted_search,266,reference,2,0.07780155576901421,he,82.0
2724,2026-09-01 14:04:11,gate3b_restricted_search,266,reference,3,0.005059803874660437,xavier,199.0
2725,2026-09-01 14:04:11,gate3b_restricted_search,266,reference,4,0.00011498870747119459,orthogonal,1600.0
2726,2026-09-01 14:04:11,gate3b_restricted_search,266,reference,5,0.08626905220714905,xavier,130.0
2727,2026-09-01 14:04:12,gate3b_restricted_search,266,reference,6,0.00022637229697395497,orthogonal,1600.0
2728,2026-09-01 14:04:12,gate3b_restricted_search,266,reference,7,0.0036774346621052147,orthogonal,280.0
2729,2026-09-01 14:04:12,gate3b_restricted_search,266,reference,8,0.0023358825194833557,orthogonal,313.0
2730,2026-09-01 14:04:12,gate3b_restricted_search,266,reference,9,0.006859416411328701,he,236.0
2731,2026-09-01 14:04:13,gate3b_restricted_search,266,reference,10,0.07156452541054531,he,204.0
2732,2026-09-01 14:04:13,gate3b_restricted_search,266,reference,11,0.07216635702812188,xavier,116.0
2733,2026-09-01 14:04:13,gate3b_restricted_search,266,reference,12,0.02542434762936629,he,119.0
2734,2026-09-01 14:04:13,gate3b_restricted_search,266,reference,13,0.020527514539894275,he,119.0
2735,2026-09-01 14:04:13,gate3b_restricted_search,266,reference,14,0.02149764721158091,he,119.0
2736,2026-09-01 14:04:13,gate3b_restricted_search,266,reference,15,0.018559669458197654,he,109.0
2737,2026-09-01 14:04:13,gate3b_restricted_search,266,reference,16,0.011962404807698416,he,159.0
2738,2026-09-01 14:04:13,gate3b_restricted_search,266,reference,17,0.03661817618552211,he,129.0
2739,2026-09-01 14:04:14,gate3b_restricted_search,266,reference,18,0.0008048816671608573,he,744.0
2740,2026-09-01 14:04:14,gate3b_restricted_search,266,reference,19,0.04112774874537714,he,136.0
2741,2026-09-01 14:04:14,gate3b_restricted_search,266,reference,20,0.010949654336417385,he,159.0
2742,2026-09-01 14:04:14,gate3b_restricted_search,266,reference,21,0.02709403418970604,he,119.0
2743,2026-09-01 14:04:14,gate3b_restricted_search,266,reference,22,0.013263886253335579,he,159.0
2744,2026-09-01 14:04:14,gate3b_restricted_search,266,reference,23,0.045978815495410386,he,129.0
2745,2026-09-01 14:04:14,gate3b_restricted_search,266,reference,24,0.01934963320714554,he,153.0
2746,2026-09-01 14:04:14,gate3b_restricted_search,266,reference,25,0.05247782440256305,he,123.0
2747,2026-09-01 14:04:15,gate3b_restricted_search,266,reference,26,0.009074540123186944,he,159.0
2748,2026-09-01 14:04:15,gate3b_restricted_search,266,reference,27,0.0922384180873815,he,132.0
2749,2026-09-01 14:04:15,gate3b_restricted_search,266,reference,28,0.03181504217064488,xavier,85.0
2750,2026-09-01 14:04:15,gate3b_restricted_search,266,reference,29,0.031996365473818865,xavier,85.0
2751,2026-09-01 14:04:15,gate3b_restricted_search,266,reference,30,0.0489766945499683,xavier,85.0
2752,2026-09-01 14:04:15,gate3b_restricted_search,266,reference,31,0.035494591469205757,xavier,85.0
2753,2026-09-01 14:04:15,gate3b_restricted_search,266,reference,32,0.05823345472023821,xavier,159.0
2754,2026-09-01 14:04:15,gate3b_restricted_search,266,reference,33,0.09912128652083672,xavier,313.0
2755,2026-09-01 14:04:15,gate3b_restricted_search,266,reference,34,0.04338161990394416,xavier,134.0
2756,2026-09-01 14:04:16,gate3b_restricted_search,266,reference,35,0.05628709993969165,xavier,98.0
2757,2026-09-01 14:04:16,gate3b_restricted_search,266,reference,36,0.03250401136502862,xavier,85.0
2758,2026-09-01 14:04:16,gate3b_restricted_search,266,reference,37,0.007882841994345852,xavier,161.0
2759,2026-09-01 14:04:16,gate3b_restricted_search,266,reference,38,0.01702986017710705,xavier,108.0
2760,2026-09-01 14:04:16,gate3b_restricted_search,266,reference,39,0.0005329200247232395,xavier,1600.0
2761,2026-09-01 14:04:17,gate3b_restricted_search,266,cold,0,0.0017826497151386949,xavier,397.0
2762,2026-09-01 14:04:17,gate3b_restricted_search,266,cold,1,0.0002755926764027377,orthogonal,1600.0
2763,2026-09-01 14:04:18,gate3b_restricted_search,266,cold,2,0.0015498955191377143,orthogonal,527.0
2764,2026-09-01 14:04:18,gate3b_restricted_search,266,cold,3,0.00041054120168588934,xavier,1600.0
2765,2026-09-01 14:04:18,gate3b_restricted_search,266,cold,4,0.001786135519762597,xavier,397.0
2766,2026-09-01 14:04:18,gate3b_restricted_search,266,cold,5,0.025248390936171015,xavier,79.0
2767,2026-09-01 14:04:19,gate3b_restricted_search,266,cold,6,0.04257625486011382,xavier,60.0
2768,2026-09-01 14:04:19,gate3b_restricted_search,266,cold,7,0.0003232148147351276,xavier,1600.0
2769,2026-09-01 14:04:19,gate3b_restricted_search,266,cold,8,0.07475987911298648,he,136.0
2770,2026-09-01 14:04:19,gate3b_restricted_search,266,cold,9,0.011468398705751582,xavier,132.0
2771,2026-09-01 14:04:19,gate3b_restricted_search,266,cold,10,0.09344501034181055,he,105.0
2772,2026-09-01 14:04:19,gate3b_restricted_search,266,cold,11,0.021361236429000122,xavier,85.0
2773,2026-09-01 14:04:20,gate3b_restricted_search,266,cold,12,0.018729908809075033,xavier,108.0
2774,2026-09-01 14:04:20,gate3b_restricted_search,266,cold,13,0.00728316494133813,xavier,161.0
2775,2026-09-01 14:04:20,gate3b_restricted_search,266,cold,14,0.039131135779775145,orthogonal,79.0
2776,2026-09-01 14:04:20,gate3b_restricted_search,266,informed_restricted,0,0.0017826497151386949,orthogonal,397.0
2777,2026-09-01 14:04:20,gate3b_restricted_search,266,informed_restricted,1,0.01448683388723935,orthogonal,105.0
2778,2026-09-01 14:04:21,gate3b_restricted_search,266,informed_restricted,2,0.00010007903854383786,orthogonal,1600.0
2779,2026-09-01 14:04:21,gate3b_restricted_search,266,informed_restricted,3,0.0008072307884499761,orthogonal,781.0
2780,2026-09-01 14:04:22,gate3b_restricted_search,266,informed_restricted,4,0.0002755926764027377,orthogonal,1600.0
2781,2026-09-01 14:04:22,gate3b_restricted_search,266,informed_restricted,5,0.00018924123965722266,orthogonal,1600.0
2782,2026-09-01 14:04:23,gate3b_restricted_search,266,informed_restricted,6,0.0003620600725744741,orthogonal,1600.0
2783,2026-09-01 14:04:23,gate3b_restricted_search,266,informed_restricted,7,0.001088133500363589,orthogonal,552.0
2784,2026-09-01 14:04:24,gate3b_restricted_search,266,informed_restricted,8,0.0015498955191377143,orthogonal,527.0
2785,2026-09-01 14:04:24,gate3b_restricted_search,266,informed_restricted,9,0.00413475900783472,orthogonal,189.0
2786,2026-09-01 14:04:24,gate3b_restricted_search,266,informed_restricted,10,0.09290791998691832,orthogonal,100.0
2787,2026-09-01 14:04:24,gate3b_restricted_search,266,informed_restricted,11,0.07785058870653301,orthogonal,89.0
2788,2026-09-01 14:04:24,gate3b_restricted_search,266,informed_restricted,12,0.0797234062203645,orthogonal,97.0
2789,2026-09-01 14:04:24,gate3b_restricted_search,266,informed_restricted,13,0.09182660868186439,orthogonal,123.0
2790,2026-09-01 14:04:24,gate3b_restricted_search,266,informed_restricted,14,0.027502426823526688,orthogonal,79.0
2791,2026-09-01 14:04:24,gate3b_restricted_search,266,universal_restricted,0,0.0017826497151386949,xavier,397.0
2792,2026-09-01 14:04:24,gate3b_restricted_search,266,universal_restricted,1,0.01448683388723935,xavier,105.0
2793,2026-09-01 14:04:25,gate3b_restricted_search,266,universal_restricted,2,0.00010007903854383786,xavier,1600.0
2794,2026-09-01 14:04:26,gate3b_restricted_search,266,universal_restricted,3,0.0008072307884499761,xavier,781.0
2795,2026-09-01 14:04:26,gate3b_restricted_search,266,universal_restricted,4,0.0002755926764027377,xavier,1600.0
2796,2026-09-01 14:04:27,gate3b_restricted_search,266,universal_restricted,5,0.00018924123965722266,xavier,1600.0
2797,2026-09-01 14:04:27,gate3b_restricted_search,266,universal_restricted,6,0.0003620600725744741,xavier,1600.0
2798,2026-09-01 14:04:27,gate3b_restricted_search,266,universal_restricted,7,0.001088133500363589,xavier,552.0
2799,2026-09-01 14:04:28,gate3b_restricted_search,266,universal_restricted,8,0.0015498955191377143,xavier,397.0
2800,2026-09-01 14:04:28,gate3b_restricted_search,266,universal_restricted,9,0.00413475900783472,xavier,277.0
2801,2026-09-01 14:04:28,gate3b_restricted_search,266,universal_restricted,10,0.09290791998691832,xavier,266.0
2802,2026-09-01 14:04:28,gate3b_restricted_search,266,universal_restricted,11,0.07785058870653301,xavier,134.0
2803,2026-09-01 14:04:28,gate3b_restricted_search,266,universal_restricted,12,0.0464700795252923,xavier,90.0
2804,2026-09-01 14:04:28,gate3b_restricted_search,266,universal_restricted,13,0.01780718886107045,xavier,70.0
2805,2026-09-01 14:04:28,gate3b_restricted_search,266,universal_restricted,14,0.02354874493860281,xavier,85.0
2806,2026-09-01 14:04:29,gate3b_restricted_search,269,reference,0,0.004430375245218269,xavier,182.0
2807,2026-09-01 14:04:29,gate3b_restricted_search,269,reference,1,0.0018662266976517971,orthogonal,256.0
2808,2026-09-01 14:04:29,gate3b_restricted_search,269,reference,2,0.07780155576901421,he,84.0
2809,2026-09-01 14:04:29,gate3b_restricted_search,269,reference,3,0.005059803874660437,xavier,124.0
2810,2026-09-01 14:04:30,gate3b_restricted_search,269,reference,4,0.00011498870747119459,orthogonal,1600.0
2811,2026-09-01 14:04:30,gate3b_restricted_search,269,reference,5,0.08626905220714905,xavier,114.0
2812,2026-09-01 14:04:30,gate3b_restricted_search,269,reference,6,0.00022637229697395497,orthogonal,1600.0
2813,2026-09-01 14:04:30,gate3b_restricted_search,269,reference,7,0.0036774346621052147,orthogonal,132.0
2814,2026-09-01 14:04:30,gate3b_restricted_search,269,reference,8,0.0023358825194833557,orthogonal,256.0
2815,2026-09-01 14:04:31,gate3b_restricted_search,269,reference,9,0.006859416411328701,he,115.0
2816,2026-09-01 14:04:31,gate3b_restricted_search,269,reference,10,0.07156452541054531,he,97.0
2817,2026-09-01 14:04:31,gate3b_restricted_search,269,reference,11,0.07216635702812188,he,97.0
2818,2026-09-01 14:04:31,gate3b_restricted_search,269,reference,12,0.02542434762936629,he,58.0
2819,2026-09-01 14:04:31,gate3b_restricted_search,269,reference,13,0.020527514539894275,he,98.0
2820,2026-09-01 14:04:31,gate3b_restricted_search,269,reference,14,0.02149764721158091,he,67.0
2821,2026-09-01 14:04:31,gate3b_restricted_search,269,reference,15,0.01675377431309261,he,115.0
2822,2026-09-01 14:04:31,gate3b_restricted_search,269,reference,16,0.02307654206723255,he,67.0
2823,2026-09-01 14:04:32,gate3b_restricted_search,269,reference,17,0.000618151174214683,he,731.0
2824,2026-09-01 14:04:32,gate3b_restricted_search,269,reference,18,0.010714328291537026,he,115.0
2825,2026-09-01 14:04:32,gate3b_restricted_search,269,reference,19,0.0377064817545237,he,59.0
2826,2026-09-01 14:04:32,gate3b_restricted_search,269,reference,20,0.038710214024358695,xavier,90.0
2827,2026-09-01 14:04:32,gate3b_restricted_search,269,reference,21,0.034591492712042884,he,59.0
2828,2026-09-01 14:04:32,gate3b_restricted_search,269,reference,22,0.038736309213967327,he,58.0
2829,2026-09-01 14:04:32,gate3b_restricted_search,269,reference,23,0.010155063855043101,he,115.0
2830,2026-09-01 14:04:32,gate3b_restricted_search,269,reference,24,0.039727608479010926,he,59.0
2831,2026-09-01 14:04:32,gate3b_restricted_search,269,reference,25,0.04358011492518956,he,59.0
2832,2026-09-01 14:04:32,gate3b_restricted_search,269,reference,26,0.011123093347767881,he,115.0
2833,2026-09-01 14:04:32,gate3b_restricted_search,269,reference,27,0.04976319458326209,he,67.0
2834,2026-09-01 14:04:32,gate3b_restricted_search,269,reference,28,0.014061289712823312,xavier,67.0
2835,2026-09-01 14:04:32,gate3b_restricted_search,269,reference,29,0.006816384595663999,he,115.0
2836,2026-09-01 14:04:32,gate3b_restricted_search,269,reference,30,0.026427646216930407,xavier,79.0
2837,2026-09-01 14:04:32,gate3b_restricted_search,269,reference,31,0.05223420415067226,he,83.0
2838,2026-09-01 14:04:32,gate3b_restricted_search,269,reference,32,0.03091537130926109,he,58.0
2839,2026-09-01 14:04:33,gate3b_restricted_search,269,reference,33,0.09743324663203978,he,101.0
2840,2026-09-01 14:04:33,gate3b_restricted_search,269,reference,34,0.024078846160950216,he,67.0
2841,2026-09-01 14:04:33,gate3b_restricted_search,269,reference,35,0.03207698106671382,he,67.0
2842,2026-09-01 14:04:33,gate3b_restricted_search,269,reference,36,0.061791720824723395,orthogonal,92.0
2843,2026-09-01 14:04:33,gate3b_restricted_search,269,reference,37,0.006536759100674006,he,115.0
2844,2026-09-01 14:04:33,gate3b_restricted_search,269,reference,38,0.014383711631353414,xavier,67.0
2845,2026-09-01 14:04:33,gate3b_restricted_search,269,reference,39,0.0005329200247232395,orthogonal,1600.0
2846,2026-09-01 14:04:34,gate3b_restricted_search,269,cold,0,0.0017826497151386949,xavier,296.0
2847,2026-09-01 14:04:34,gate3b_restricted_search,269,cold,1,0.0002755926764027377,orthogonal,1600.0
2848,2026-09-01 14:04:34,gate3b_restricted_search,269,cold,2,0.0015498955191377143,orthogonal,256.0
2849,2026-09-01 14:04:35,gate3b_restricted_search,269,cold,3,0.00041054120168588934,xavier,1600.0
2850,2026-09-01 14:04:35,gate3b_restricted_search,269,cold,4,0.001786135519762597,xavier,296.0
2851,2026-09-01 14:04:35,gate3b_restricted_search,269,cold,5,0.025248390936171015,xavier,71.0
2852,2026-09-01 14:04:35,gate3b_restricted_search,269,cold,6,0.04257625486011382,xavier,56.0
2853,2026-09-01 14:04:36,gate3b_restricted_search,269,cold,7,0.0003232148147351276,xavier,1600.0
2854,2026-09-01 14:04:36,gate3b_restricted_search,269,cold,8,0.07475987911298648,he,101.0
2855,2026-09-01 14:04:36,gate3b_restricted_search,269,cold,9,0.011468398705751582,xavier,67.0
2856,2026-09-01 14:04:36,gate3b_restricted_search,269,cold,10,0.09344501034181055,he,110.0
2857,2026-09-01 14:04:36,gate3b_restricted_search,269,cold,11,0.021361236429000122,xavier,59.0
2858,2026-09-01 14:04:36,gate3b_restricted_search,269,cold,12,0.013772763297656596,xavier,67.0
2859,2026-09-01 14:04:36,gate3b_restricted_search,269,cold,13,0.03075324397963585,xavier,56.0
2860,2026-09-01 14:04:36,gate3b_restricted_search,269,cold,14,0.007330807339450185,orthogonal,67.0
2861,2026-09-01 14:04:36,gate3b_restricted_search,269,informed_restricted,0,0.0017826497151386949,orthogonal,256.0
2862,2026-09-01 14:04:36,gate3b_restricted_search,269,informed_restricted,1,0.01448683388723935,orthogonal,94.0
2863,2026-09-01 14:04:37,gate3b_restricted_search,269,informed_restricted,2,0.00010007903854383786,orthogonal,1600.0
2864,2026-09-01 14:04:37,gate3b_restricted_search,269,informed_restricted,3,0.0008072307884499761,orthogonal,678.0
2865,2026-09-01 14:04:38,gate3b_restricted_search,269,informed_restricted,4,0.0002755926764027377,orthogonal,1600.0
2866,2026-09-01 14:04:39,gate3b_restricted_search,269,informed_restricted,5,0.00018924123965722266,orthogonal,1600.0
2867,2026-09-01 14:04:39,gate3b_restricted_search,269,informed_restricted,6,0.0003620600725744741,orthogonal,1600.0
2868,2026-09-01 14:04:39,gate3b_restricted_search,269,informed_restricted,7,0.001088133500363589,orthogonal,296.0
2869,2026-09-01 14:04:39,gate3b_restricted_search,269,informed_restricted,8,0.0015498955191377143,orthogonal,256.0
2870,2026-09-01 14:04:40,gate3b_restricted_search,269,informed_restricted,9,0.00413475900783472,orthogonal,132.0
2871,2026-09-01 14:04:40,gate3b_restricted_search,269,informed_restricted,10,0.09290791998691832,orthogonal,99.0
2872,2026-09-01 14:04:40,gate3b_restricted_search,269,informed_restricted,11,0.07785058870653301,orthogonal,98.0
2873,2026-09-01 14:04:40,gate3b_restricted_search,269,informed_restricted,12,0.0797234062203645,orthogonal,150.0
2874,2026-09-01 14:04:40,gate3b_restricted_search,269,informed_restricted,13,0.017223705768801514,orthogonal,71.0
2875,2026-09-01 14:04:40,gate3b_restricted_search,269,informed_restricted,14,0.01553710788150454,orthogonal,67.0
2876,2026-09-01 14:04:40,gate3b_restricted_search,269,universal_restricted,0,0.0017826497151386949,xavier,296.0
2877,2026-09-01 14:04:40,gate3b_restricted_search,269,universal_restricted,1,0.01448683388723935,xavier,67.0
2878,2026-09-01 14:04:41,gate3b_restricted_search,269,universal_restricted,2,0.00010007903854383786,xavier,1600.0
2879,2026-09-01 14:04:41,gate3b_restricted_search,269,universal_restricted,3,0.0008072307884499761,xavier,296.0
2880,2026-09-01 14:04:42,gate3b_restricted_search,269,universal_restricted,4,0.0002755926764027377,xavier,1600.0
2881,2026-09-01 14:04:42,gate3b_restricted_search,269,universal_restricted,5,0.00018924123965722266,xavier,1600.0
2882,2026-09-01 14:04:43,gate3b_restricted_search,269,universal_restricted,6,0.0003620600725744741,xavier,1600.0
2883,2026-09-01 14:04:43,gate3b_restricted_search,269,universal_restricted,7,0.001088133500363589,xavier,296.0
2884,2026-09-01 14:04:43,gate3b_restricted_search,269,universal_restricted,8,0.0015498955191377143,xavier,296.0
2885,2026-09-01 14:04:43,gate3b_restricted_search,269,universal_restricted,9,0.00413475900783472,xavier,182.0
2886,2026-09-01 14:04:43,gate3b_restricted_search,269,universal_restricted,10,0.09290791998691832,xavier,107.0
2887,2026-09-01 14:04:43,gate3b_restricted_search,269,universal_restricted,11,0.07785058870653301,xavier,104.0
2888,2026-09-01 14:04:44,gate3b_restricted_search,269,universal_restricted,12,0.0797234062203645,xavier,67.0
2889,2026-09-01 14:04:44,gate3b_restricted_search,269,universal_restricted,13,0.01780718886107045,xavier,59.0
2890,2026-09-01 14:04:44,gate3b_restricted_search,269,universal_restricted,14,0.01553710788150454,xavier,56.0
2891,2026-09-01 14:04:44,gate3b_restricted_search,270,reference,0,0.004430375245218269,xavier,174.0
2892,2026-09-01 14:04:44,gate3b_restricted_search,270,reference,1,0.0018662266976517971,orthogonal,232.0
2893,2026-09-01 14:04:44,gate3b_restricted_search,270,reference,2,0.07780155576901421,he,72.0
2894,2026-09-01 14:04:44,gate3b_restricted_search,270,reference,3,0.005059803874660437,xavier,174.0
2895,2026-09-01 14:04:45,gate3b_restricted_search,270,reference,4,0.00011498870747119459,orthogonal,1600.0
2896,2026-09-01 14:04:45,gate3b_restricted_search,270,reference,5,0.08626905220714905,xavier,325.0
2897,2026-09-01 14:04:46,gate3b_restricted_search,270,reference,6,0.00022637229697395497,orthogonal,1600.0
2898,2026-09-01 14:04:46,gate3b_restricted_search,270,reference,7,0.0036774346621052147,orthogonal,174.0
2899,2026-09-01 14:04:46,gate3b_restricted_search,270,reference,8,0.0023358825194833557,orthogonal,232.0
2900,2026-09-01 14:04:46,gate3b_restricted_search,270,reference,9,0.006859416411328701,he,174.0
2901,2026-09-01 14:04:46,gate3b_restricted_search,270,reference,10,0.07156452541054531,he,72.0
2902,2026-09-01 14:04:46,gate3b_restricted_search,270,reference,11,0.07216635702812188,he,168.0
2903,2026-09-01 14:04:46,gate3b_restricted_search,270,reference,12,0.02542434762936629,he,75.0
2904,2026-09-01 14:04:46,gate3b_restricted_search,270,reference,13,0.020527514539894275,he,74.0
2905,2026-09-01 14:04:46,gate3b_restricted_search,270,reference,14,0.022874327706749274,he,75.0
2906,2026-09-01 14:04:46,gate3b_restricted_search,270,reference,15,0.04468761382197348,he,85.0
2907,2026-09-01 14:04:46,gate3b_restricted_search,270,reference,16,0.011398322378499932,he,74.0
2908,2026-09-01 14:04:47,gate3b_restricted_search,270,reference,17,0.05780016685080304,he,74.0
2909,2026-09-01 14:04:47,gate3b_restricted_search,270,reference,18,0.03939658733374398,he,98.0
2910,2026-09-01 14:04:47,gate3b_restricted_search,270,reference,19,0.0010503533449916396,he,628.0
2911,2026-09-01 14:04:47,gate3b_restricted_search,270,reference,20,0.010949654336417385,xavier,91.0
2912,2026-09-01 14:04:47,gate3b_restricted_search,270,reference,21,0.026617464493519975,he,75.0
2913,2026-09-01 14:04:47,gate3b_restricted_search,270,reference,22,0.08659248891669048,he,124.0
2914,2026-09-01 14:04:47,gate3b_restricted_search,270,reference,23,0.013387885176901317,he,74.0
2915,2026-09-01 14:04:47,gate3b_restricted_search,270,reference,24,0.03916170633809398,he,74.0
2916,2026-09-01 14:04:47,gate3b_restricted_search,270,reference,25,0.02915404290365369,he,74.0
2917,2026-09-01 14:04:48,gate3b_restricted_search,270,reference,26,0.016514148043548057,he,74.0
2918,2026-09-01 14:04:48,gate3b_restricted_search,270,reference,27,0.0922384180873815,he,157.0
2919,2026-09-01 14:04:48,gate3b_restricted_search,270,reference,28,0.051198041867222176,xavier,91.0
2920,2026-09-01 14:04:48,gate3b_restricted_search,270,reference,29,0.007205351492483646,he,174.0
2921,2026-09-01 14:04:48,gate3b_restricted_search,270,reference,30,0.0005066595826217725,xavier,684.0
2922,2026-09-01 14:04:48,gate3b_restricted_search,270,reference,31,0.010902100359192066,he,74.0
2923,2026-09-01 14:04:48,gate3b_restricted_search,270,reference,32,0.033165593416313456,he,74.0
2924,2026-09-01 14:04:48,gate3b_restricted_search,270,reference,33,0.05703161786475262,he,91.0
2925,2026-09-01 14:04:49,gate3b_restricted_search,270,reference,34,0.017745472049029137,he,74.0
2926,2026-09-01 14:04:49,gate3b_restricted_search,270,reference,35,0.0064314466284753,orthogonal,137.0
2927,2026-09-01 14:04:49,gate3b_restricted_search,270,reference,36,0.004064438181770273,xavier,174.0
2928,2026-09-01 14:04:49,gate3b_restricted_search,270,reference,37,0.009223198129592516,he,129.0
2929,2026-09-01 14:04:49,gate3b_restricted_search,270,reference,38,0.06627692749018586,orthogonal,148.0
2930,2026-09-01 14:04:49,gate3b_restricted_search,270,reference,39,0.00293642177593141,he,174.0
2931,2026-09-01 14:04:50,gate3b_restricted_search,270,cold,0,0.0017826497151386949,xavier,296.0
2932,2026-09-01 14:04:50,gate3b_restricted_search,270,cold,1,0.0002755926764027377,orthogonal,1600.0
2933,2026-09-01 14:04:51,gate3b_restricted_search,270,cold,2,0.0015498955191377143,orthogonal,344.0
2934,2026-09-01 14:04:51,gate3b_restricted_search,270,cold,3,0.00041054120168588934,xavier,1600.0
2935,2026-09-01 14:04:51,gate3b_restricted_search,270,cold,4,0.001786135519762597,xavier,296.0
2936,2026-09-01 14:04:52,gate3b_restricted_search,270,cold,5,0.025248390936171015,xavier,85.0
2937,2026-09-01 14:04:52,gate3b_restricted_search,270,cold,6,0.04257625486011382,xavier,72.0
2938,2026-09-01 14:04:52,gate3b_restricted_search,270,cold,7,0.0003232148147351276,xavier,1600.0
2939,2026-09-01 14:04:52,gate3b_restricted_search,270,cold,8,0.07475987911298648,he,74.0
2940,2026-09-01 14:04:52,gate3b_restricted_search,270,cold,9,0.011468398705751582,xavier,114.0
2941,2026-09-01 14:04:53,gate3b_restricted_search,270,cold,10,0.09358002303673958,he,144.0
2942,2026-09-01 14:04:53,gate3b_restricted_search,270,cold,11,0.0797234062203645,he,91.0
2943,2026-09-01 14:04:53,gate3b_restricted_search,270,cold,12,0.017140882277504783,he,74.0
2944,2026-09-01 14:04:53,gate3b_restricted_search,270,cold,13,0.008928506674716266,he,139.0
2945,2026-09-01 14:04:53,gate3b_restricted_search,270,cold,14,0.008215136949439974,he,139.0
2946,2026-09-01 14:04:53,gate3b_restricted_search,270,informed_restricted,0,0.0017826497151386949,he,404.0
2947,2026-09-01 14:04:53,gate3b_restricted_search,270,informed_restricted,1,0.01448683388723935,he,74.0
2948,2026-09-01 14:04:54,gate3b_restricted_search,270,informed_restricted,2,0.00010007903854383786,he,1600.0
2949,2026-09-01 14:04:55,gate3b_restricted_search,270,informed_restricted,3,0.0008072307884499761,he,629.0
2950,2026-09-01 14:04:55,gate3b_restricted_search,270,informed_restricted,4,0.0002755926764027377,he,1600.0
2951,2026-09-01 14:04:56,gate3b_restricted_search,270,informed_restricted,5,0.00018924123965722266,he,1600.0
2952,2026-09-01 14:04:56,gate3b_restricted_search,270,informed_restricted,6,0.0003620600725744741,he,1600.0
2953,2026-09-01 14:04:57,gate3b_restricted_search,270,informed_restricted,7,0.001088133500363589,he,628.0
2954,2026-09-01 14:04:57,gate3b_restricted_search,270,informed_restricted,8,0.0015498955191377143,he,404.0
2955,2026-09-01 14:04:57,gate3b_restricted_search,270,informed_restricted,9,0.00413475900783472,he,174.0
2956,2026-09-01 14:04:57,gate3b_restricted_search,270,informed_restricted,10,0.09290791998691832,he,106.0
2957,2026-09-01 14:04:57,gate3b_restricted_search,270,informed_restricted,11,0.07785058870653301,he,72.0
2958,2026-09-01 14:04:57,gate3b_restricted_search,270,informed_restricted,12,0.0464700795252923,he,74.0
2959,2026-09-01 14:04:58,gate3b_restricted_search,270,informed_restricted,13,0.016334733956465577,he,74.0
2960,2026-09-01 14:04:58,gate3b_restricted_search,270,informed_restricted,14,0.01553710788150454,he,74.0
2961,2026-09-01 14:04:58,gate3b_restricted_search,270,universal_restricted,0,0.0017826497151386949,xavier,296.0
2962,2026-09-01 14:04:58,gate3b_restricted_search,270,universal_restricted,1,0.01448683388723935,xavier,84.0
2963,2026-09-01 14:04:58,gate3b_restricted_search,270,universal_restricted,2,0.00010007903854383786,xavier,1600.0
2964,2026-09-01 14:04:59,gate3b_restricted_search,270,universal_restricted,3,0.0008072307884499761,xavier,611.0
2965,2026-09-01 14:05:00,gate3b_restricted_search,270,universal_restricted,4,0.0002755926764027377,xavier,1600.0
2966,2026-09-01 14:05:00,gate3b_restricted_search,270,universal_restricted,5,0.00018924123965722266,xavier,1600.0
2967,2026-09-01 14:05:01,gate3b_restricted_search,270,universal_restricted,6,0.0003620600725744741,xavier,1600.0
2968,2026-09-01 14:05:01,gate3b_restricted_search,270,universal_restricted,7,0.001088133500363589,xavier,461.0
2969,2026-09-01 14:05:01,gate3b_restricted_search,270,universal_restricted,8,0.0015498955191377143,xavier,374.0
2970,2026-09-01 14:05:01,gate3b_restricted_search,270,universal_restricted,9,0.00413475900783472,xavier,174.0
2971,2026-09-01 14:05:01,gate3b_restricted_search,270,universal_restricted,10,0.09290791998691832,xavier,85.0
2972,2026-09-01 14:05:01,gate3b_restricted_search,270,universal_restricted,11,0.07785058870653301,xavier,85.0
2973,2026-09-01 14:05:02,gate3b_restricted_search,270,universal_restricted,12,0.0797234062203645,xavier,85.0
2974,2026-09-01 14:05:02,gate3b_restricted_search,270,universal_restricted,13,0.017223705768801514,xavier,82.0
2975,2026-09-01 14:05:02,gate3b_restricted_search,270,universal_restricted,14,0.02354874493860281,xavier,82.0
2976,2026-09-01 14:05:02,gate3b_restricted_search,281,reference,0,0.004430375245218269,xavier,91.0
2977,2026-09-01 14:05:02,gate3b_restricted_search,281,reference,1,0.0018662266976517971,orthogonal,124.0
2978,2026-09-01 14:05:02,gate3b_restricted_search,281,reference,2,0.07780155576901421,he,61.0
2979,2026-09-01 14:05:02,gate3b_restricted_search,281,reference,3,0.005059803874660437,xavier,65.0
2980,2026-09-01 14:05:03,gate3b_restricted_search,281,reference,4,0.00011498870747119459,orthogonal,1600.0
2981,2026-09-01 14:05:03,gate3b_restricted_search,281,reference,5,0.08626905220714905,xavier,186.0
2982,2026-09-01 14:05:03,gate3b_restricted_search,281,reference,6,0.00022637229697395497,orthogonal,724.0
2983,2026-09-01 14:05:03,gate3b_restricted_search,281,reference,7,0.0036774346621052147,orthogonal,91.0
2984,2026-09-01 14:05:03,gate3b_restricted_search,281,reference,8,0.0023358825194833557,orthogonal,124.0
2985,2026-09-01 14:05:03,gate3b_restricted_search,281,reference,9,0.006859416411328701,he,65.0
2986,2026-09-01 14:05:03,gate3b_restricted_search,281,reference,10,0.07156452541054531,he,65.0
2987,2026-09-01 14:05:04,gate3b_restricted_search,281,reference,11,0.017932400313079747,he,67.0
2988,2026-09-01 14:05:04,gate3b_restricted_search,281,reference,12,0.024274912072032015,he,65.0
2989,2026-09-01 14:05:04,gate3b_restricted_search,281,reference,13,0.0006440860069088801,he,363.0
2990,2026-09-01 14:05:04,gate3b_restricted_search,281,reference,14,0.021178889448851296,he,65.0
2991,2026-09-01 14:05:04,gate3b_restricted_search,281,reference,15,0.01254934928955861,he,58.0
2992,2026-09-01 14:05:04,gate3b_restricted_search,281,reference,16,0.036095422702568214,he,56.0
2993,2026-09-01 14:05:04,gate3b_restricted_search,281,reference,17,0.047807422962353574,he,67.0
2994,2026-09-01 14:05:04,gate3b_restricted_search,281,reference,18,0.03939658733374398,he,61.0
2995,2026-09-01 14:05:04,gate3b_restricted_search,281,reference,19,0.011368901587450589,he,58.0
2996,2026-09-01 14:05:04,gate3b_restricted_search,281,reference,20,0.038041487320847216,xavier,58.0
2997,2026-09-01 14:05:04,gate3b_restricted_search,281,reference,21,0.04015245109655359,xavier,58.0
2998,2026-09-01 14:05:04,gate3b_restricted_search,281,reference,22,0.08659248891669048,xavier,150.0
2999,2026-09-01 14:05:04,gate3b_restricted_search,281,reference,23,0.03256892082464625,xavier,56.0
3000,2026-09-01 14:05:04,gate3b_restricted_search,281,reference,24,0.009172095890121247,xavier,58.0
3001,2026-09-01 14:05:04,gate3b_restricted_search,281,reference,25,0.026269973858145404,he,56.0
3002,2026-09-01 14:05:05,gate3b_restricted_search,281,reference,26,0.06313004674236018,xavier,65.0
3003,2026-09-01 14:05:05,gate3b_restricted_search,281,reference,27,0.01687238927606451,he,67.0
3004,2026-09-01 14:05:05,gate3b_restricted_search,281,reference,28,0.03181504217064488,he,75.0
3005,2026-09-01 14:05:05,gate3b_restricted_search,281,reference,29,0.06619254378492834,xavier,115.0
3006,2026-09-01 14:05:05,gate3b_restricted_search,281,reference,30,0.09865659655619732,xavier,80.0
3007,2026-09-01 14:05:05,gate3b_restricted_search,281,reference,31,0.02387847445610222,he,56.0
3008,2026-09-01 14:05:05,gate3b_restricted_search,281,reference,32,0.05078320189918381,he,65.0
3009,2026-09-01 14:05:05,gate3b_restricted_search,281,reference,33,0.013972034287439917,he,58.0
3010,2026-09-01 14:05:05,gate3b_restricted_search,281,reference,34,0.03473166714145943,he,61.0
3011,2026-09-01 14:05:05,gate3b_restricted_search,281,reference,35,0.006498562781609114,orthogonal,65.0
3012,2026-09-01 14:05:05,gate3b_restricted_search,281,reference,36,0.02680646466034332,he,56.0
3013,2026-09-01 14:05:05,gate3b_restricted_search,281,reference,37,0.055586158887192386,xavier,68.0
3014,2026-09-01 14:05:05,gate3b_restricted_search,281,reference,38,0.008841408581594212,orthogonal,67.0
3015,2026-09-01 14:05:06,gate3b_restricted_search,281,reference,39,0.0005329200247232395,he,363.0
3016,2026-09-01 14:05:06,gate3b_restricted_search,281,cold,0,0.0017826497151386949,xavier,158.0
3017,2026-09-01 14:05:06,gate3b_restricted_search,281,cold,1,0.0002755926764027377,orthogonal,724.0
3018,2026-09-01 14:05:06,gate3b_restricted_search,281,cold,2,0.0015498955191377143,orthogonal,226.0
3019,2026-09-01 14:05:07,gate3b_restricted_search,281,cold,3,0.00041054120168588934,xavier,363.0
3020,2026-09-01 14:05:07,gate3b_restricted_search,281,cold,4,0.001786135519762597,xavier,158.0
3021,2026-09-01 14:05:07,gate3b_restricted_search,281,cold,5,0.025248390936171015,xavier,79.0
3022,2026-09-01 14:05:07,gate3b_restricted_search,281,cold,6,0.04257625486011382,xavier,58.0
3023,2026-09-01 14:05:07,gate3b_restricted_search,281,cold,7,0.0003232148147351276,xavier,665.0
3024,2026-09-01 14:05:07,gate3b_restricted_search,281,cold,8,0.07475987911298648,he,49.0
3025,2026-09-01 14:05:07,gate3b_restricted_search,281,cold,9,0.011468398705751582,xavier,58.0
3026,2026-09-01 14:05:07,gate3b_restricted_search,281,cold,10,0.09358002303673958,he,79.0
3027,2026-09-01 14:05:07,gate3b_restricted_search,281,cold,11,0.010179338227279811,he,58.0
3028,2026-09-01 14:05:07,gate3b_restricted_search,281,cold,12,0.007297842788123386,he,65.0
3029,2026-09-01 14:05:08,gate3b_restricted_search,281,cold,13,0.0052370650586205025,he,65.0
3030,2026-09-01 14:05:08,gate3b_restricted_search,281,cold,14,0.06500574026403158,he,85.0
3031,2026-09-01 14:05:08,gate3b_restricted_search,281,informed_restricted,0,0.0017826497151386949,xavier,158.0
3032,2026-09-01 14:05:08,gate3b_restricted_search,281,informed_restricted,1,0.01448683388723935,xavier,67.0
3033,2026-09-01 14:05:08,gate3b_restricted_search,281,informed_restricted,2,0.00010007903854383786,xavier,1600.0
3034,2026-09-01 14:05:09,gate3b_restricted_search,281,informed_restricted,3,0.0008072307884499761,xavier,525.0
3035,2026-09-01 14:05:09,gate3b_restricted_search,281,informed_restricted,4,0.0002755926764027377,xavier,721.0
3036,2026-09-01 14:05:10,gate3b_restricted_search,281,informed_restricted,5,0.00018924123965722266,xavier,1600.0
3037,2026-09-01 14:05:10,gate3b_restricted_search,281,informed_restricted,6,0.0003620600725744741,xavier,544.0
3038,2026-09-01 14:05:10,gate3b_restricted_search,281,informed_restricted,7,0.001088133500363589,xavier,369.0
3039,2026-09-01 14:05:11,gate3b_restricted_search,281,informed_restricted,8,0.0015498955191377143,xavier,237.0
3040,2026-09-01 14:05:11,gate3b_restricted_search,281,informed_restricted,9,0.00413475900783472,xavier,91.0
3041,2026-09-01 14:05:11,gate3b_restricted_search,281,informed_restricted,10,0.09290791998691832,xavier,105.0
3042,2026-09-01 14:05:11,gate3b_restricted_search,281,informed_restricted,11,0.011930383561222451,xavier,63.0
3043,2026-09-01 14:05:11,gate3b_restricted_search,281,informed_restricted,12,0.016535107145461723,xavier,67.0
3044,2026-09-01 14:05:11,gate3b_restricted_search,281,informed_restricted,13,0.01416591916805599,xavier,67.0
3045,2026-09-01 14:05:11,gate3b_restricted_search,281,informed_restricted,14,0.01553710788150454,xavier,63.0
3046,2026-09-01 14:05:11,gate3b_restricted_search,281,universal_restricted,0,0.0017826497151386949,xavier,158.0
3047,2026-09-01 14:05:11,gate3b_restricted_search,281,universal_restricted,1,0.01448683388723935,xavier,67.0
3048,2026-09-01 14:05:12,gate3b_restricted_search,281,universal_restricted,2,0.00010007903854383786,xavier,1600.0
3049,2026-09-01 14:05:12,gate3b_restricted_search,281,universal_restricted,3,0.0008072307884499761,xavier,525.0
3050,2026-09-01 14:05:13,gate3b_restricted_search,281,universal_restricted,4,0.0002755926764027377,xavier,721.0
3051,2026-09-01 14:05:13,gate3b_restricted_search,281,universal_restricted,5,0.00018924123965722266,xavier,1600.0
3052,2026-09-01 14:05:13,gate3b_restricted_search,281,universal_restricted,6,0.0003620600725744741,xavier,544.0
3053,2026-09-01 14:05:14,gate3b_restricted_search,281,universal_restricted,7,0.001088133500363589,xavier,369.0
3054,2026-09-01 14:05:14,gate3b_restricted_search,281,universal_restricted,8,0.0015498955191377143,xavier,237.0
3055,2026-09-01 14:05:14,gate3b_restricted_search,281,universal_restricted,9,0.00413475900783472,xavier,91.0
3056,2026-09-01 14:05:14,gate3b_restricted_search,281,universal_restricted,10,0.09290791998691832,xavier,105.0
3057,2026-09-01 14:05:14,gate3b_restricted_search,281,universal_restricted,11,0.011930383561222451,xavier,63.0
3058,2026-09-01 14:05:14,gate3b_restricted_search,281,universal_restricted,12,0.016535107145461723,xavier,67.0
3059,2026-09-01 14:05:14,gate3b_restricted_search,281,universal_restricted,13,0.01416591916805599,xavier,67.0
3060,2026-09-01 14:05:14,gate3b_restricted_search,281,universal_restricted,14,0.01553710788150454,xavier,63.0
3061,2026-09-01 14:05:14,gate3b_restricted_search,283,reference,0,0.004430375245218269,xavier,28.0
3062,2026-09-01 14:05:14,gate3b_restricted_search,283,reference,1,0.0018662266976517971,orthogonal,35.0
3063,2026-09-01 14:05:14,gate3b_restricted_search,283,reference,2,0.07780155576901421,he,21.0
3064,2026-09-01 14:05:14,gate3b_restricted_search,283,reference,3,0.005059803874660437,xavier,25.0
3065,2026-09-01 14:05:15,gate3b_restricted_search,283,reference,4,0.00011498870747119459,orthogonal,432.0
3066,2026-09-01 14:05:15,gate3b_restricted_search,283,reference,5,0.08626905220714905,xavier,16.0
3067,2026-09-01 14:05:15,gate3b_restricted_search,283,reference,6,0.00022637229697395497,orthogonal,258.0
3068,2026-09-01 14:05:15,gate3b_restricted_search,283,reference,7,0.0036774346621052147,orthogonal,19.0
3069,2026-09-01 14:05:15,gate3b_restricted_search,283,reference,8,0.0023358825194833557,orthogonal,29.0
3070,2026-09-01 14:05:15,gate3b_restricted_search,283,reference,9,0.006859416411328701,he,14.0
3071,2026-09-01 14:05:15,gate3b_restricted_search,283,reference,10,0.019907506982928588,he,15.0
3072,2026-09-01 14:05:15,gate3b_restricted_search,283,reference,11,0.020814104803987817,he,19.0
3073,2026-09-01 14:05:15,gate3b_restricted_search,283,reference,12,0.016044606150810846,he,15.0
3074,2026-09-01 14:05:15,gate3b_restricted_search,283,reference,13,0.015769071584025966,he,15.0
3075,2026-09-01 14:05:15,gate3b_restricted_search,283,reference,14,0.0008619247845699831,he,38.0
3076,2026-09-01 14:05:15,gate3b_restricted_search,283,reference,15,0.031488332841565325,he,14.0
3077,2026-09-01 14:05:15,gate3b_restricted_search,283,reference,16,0.03744312368804204,he,15.0
3078,2026-09-01 14:05:15,gate3b_restricted_search,283,reference,17,0.010464461596565652,he,11.0
3079,2026-09-01 14:05:15,gate3b_restricted_search,283,reference,18,0.010019959398981395,he,11.0
3080,2026-09-01 14:05:15,gate3b_restricted_search,283,reference,19,0.0010503533449916396,he,25.0
3081,2026-09-01 14:05:15,gate3b_restricted_search,283,reference,20,0.008040585828953868,xavier,17.0
3082,2026-09-01 14:05:15,gate3b_restricted_search,283,reference,21,0.007837972013971737,he,15.0
3083,2026-09-01 14:05:15,gate3b_restricted_search,283,reference,22,0.008552255430198255,he,13.0
3084,2026-09-01 14:05:15,gate3b_restricted_search,283,reference,23,0.010155063855043101,he,11.0
3085,2026-09-01 14:05:15,gate3b_restricted_search,283,reference,24,0.039727608479010926,he,14.0
3086,2026-09-01 14:05:15,gate3b_restricted_search,283,reference,25,0.010238053682745624,he,11.0
3087,2026-09-01 14:05:15,gate3b_restricted_search,283,reference,26,0.003558801290609335,he,18.0
3088,2026-09-01 14:05:15,gate3b_restricted_search,283,reference,27,0.0019717156750554544,he,20.0
3089,2026-09-01 14:05:16,gate3b_restricted_search,283,reference,28,0.014340993256192468,xavier,19.0
3090,2026-09-01 14:05:16,gate3b_restricted_search,283,reference,29,0.05282636788338491,he,20.0
3091,2026-09-01 14:05:16,gate3b_restricted_search,283,reference,30,0.004730678488267472,xavier,25.0
3092,2026-09-01 14:05:16,gate3b_restricted_search,283,reference,31,0.010835321536060254,he,11.0
3093,2026-09-01 14:05:16,gate3b_restricted_search,283,reference,32,0.011675546895725685,he,10.0
3094,2026-09-01 14:05:16,gate3b_restricted_search,283,reference,33,0.023369071914450746,he,14.0
3095,2026-09-01 14:05:16,gate3b_restricted_search,283,reference,34,0.005307446463728697,he,15.0
3096,2026-09-01 14:05:16,gate3b_restricted_search,283,reference,35,0.002986604955584116,he,20.0
3097,2026-09-01 14:05:16,gate3b_restricted_search,283,reference,36,0.013030125094745763,orthogonal,6.0
3098,2026-09-01 14:05:16,gate3b_restricted_search,283,reference,37,0.026879568504701974,orthogonal,15.0
3099,2026-09-01 14:05:16,gate3b_restricted_search,283,reference,38,0.057535070496537236,orthogonal,14.0
3100,2026-09-01 14:05:16,gate3b_restricted_search,283,reference,39,0.0058511612503070395,orthogonal,13.0
3101,2026-09-01 14:05:16,gate3b_restricted_search,283,cold,0,0.0017826497151386949,xavier,37.0
3102,2026-09-01 14:05:16,gate3b_restricted_search,283,cold,1,0.0002755926764027377,orthogonal,206.0
3103,2026-09-01 14:05:16,gate3b_restricted_search,283,cold,2,0.0015498955191377143,orthogonal,41.0
3104,2026-09-01 14:05:16,gate3b_restricted_search,283,cold,3,0.00041054120168588934,xavier,124.0
3105,2026-09-01 14:05:16,gate3b_restricted_search,283,cold,4,0.001786135519762597,xavier,37.0
3106,2026-09-01 14:05:16,gate3b_restricted_search,283,cold,5,0.025248390936171015,xavier,15.0
3107,2026-09-01 14:05:16,gate3b_restricted_search,283,cold,6,0.04257625486011382,xavier,6.0
3108,2026-09-01 14:05:16,gate3b_restricted_search,283,cold,7,0.0003232148147351276,xavier,158.0
3109,2026-09-01 14:05:16,gate3b_restricted_search,283,cold,8,0.07475987911298648,he,21.0
3110,2026-09-01 14:05:16,gate3b_restricted_search,283,cold,9,0.011468398705751582,xavier,16.0
3111,2026-09-01 14:05:16,gate3b_restricted_search,283,cold,10,0.09344501034181055,he,29.0
3112,2026-09-01 14:05:16,gate3b_restricted_search,283,cold,11,0.021361236429000122,xavier,15.0
3113,2026-09-01 14:05:16,gate3b_restricted_search,283,cold,12,0.018729908809075033,xavier,18.0
3114,2026-09-01 14:05:16,gate3b_restricted_search,283,cold,13,0.00728316494133813,xavier,20.0
3115,2026-09-01 14:05:16,gate3b_restricted_search,283,cold,14,0.039131135779775145,orthogonal,6.0
3116,2026-09-01 14:05:17,gate3b_restricted_search,283,informed_restricted,0,0.0017826497151386949,orthogonal,36.0
3117,2026-09-01 14:05:17,gate3b_restricted_search,283,informed_restricted,1,0.01448683388723935,orthogonal,6.0
3118,2026-09-01 14:05:17,gate3b_restricted_search,283,informed_restricted,2,0.00010007903854383786,orthogonal,611.0
3119,2026-09-01 14:05:17,gate3b_restricted_search,283,informed_restricted,3,0.0008072307884499761,orthogonal,81.0
3120,2026-09-01 14:05:17,gate3b_restricted_search,283,informed_restricted,4,0.0002755926764027377,orthogonal,206.0
3121,2026-09-01 14:05:17,gate3b_restricted_search,283,informed_restricted,5,0.00018924123965722266,orthogonal,297.0
3122,2026-09-01 14:05:17,gate3b_restricted_search,283,informed_restricted,6,0.0003620600725744741,orthogonal,158.0
3123,2026-09-01 14:05:18,gate3b_restricted_search,283,informed_restricted,7,0.001088133500363589,orthogonal,60.0
3124,2026-09-01 14:05:18,gate3b_restricted_search,283,informed_restricted,8,0.0015498955191377143,orthogonal,41.0
3125,2026-09-01 14:05:18,gate3b_restricted_search,283,informed_restricted,9,0.00413475900783472,orthogonal,17.0
3126,2026-09-01 14:05:18,gate3b_restricted_search,283,informed_restricted,10,0.09290791998691832,orthogonal,17.0
3127,2026-09-01 14:05:18,gate3b_restricted_search,283,informed_restricted,11,0.07785058870653301,orthogonal,15.0
3128,2026-09-01 14:05:18,gate3b_restricted_search,283,informed_restricted,12,0.0464700795252923,orthogonal,18.0
3129,2026-09-01 14:05:18,gate3b_restricted_search,283,informed_restricted,13,0.016334733956465577,orthogonal,11.0
3130,2026-09-01 14:05:18,gate3b_restricted_search,283,informed_restricted,14,0.01553710788150454,orthogonal,6.0
3131,2026-09-01 14:05:18,gate3b_restricted_search,283,universal_restricted,0,0.0017826497151386949,xavier,37.0
3132,2026-09-01 14:05:18,gate3b_restricted_search,283,universal_restricted,1,0.01448683388723935,xavier,19.0
3133,2026-09-01 14:05:18,gate3b_restricted_search,283,universal_restricted,2,0.00010007903854383786,xavier,533.0
3134,2026-09-01 14:05:18,gate3b_restricted_search,283,universal_restricted,3,0.0008072307884499761,xavier,72.0
3135,2026-09-01 14:05:18,gate3b_restricted_search,283,universal_restricted,4,0.0002755926764027377,xavier,206.0
3136,2026-09-01 14:05:19,gate3b_restricted_search,283,universal_restricted,5,0.00018924123965722266,xavier,297.0
3137,2026-09-01 14:05:19,gate3b_restricted_search,283,universal_restricted,6,0.0003620600725744741,xavier,158.0
3138,2026-09-01 14:05:19,gate3b_restricted_search,283,universal_restricted,7,0.001088133500363589,xavier,53.0
3139,2026-09-01 14:05:19,gate3b_restricted_search,283,universal_restricted,8,0.0015498955191377143,xavier,42.0
3140,2026-09-01 14:05:19,gate3b_restricted_search,283,universal_restricted,9,0.00413475900783472,xavier,28.0
3141,2026-09-01 14:05:19,gate3b_restricted_search,283,universal_restricted,10,0.09290791998691832,xavier,26.0
3142,2026-09-01 14:05:19,gate3b_restricted_search,283,universal_restricted,11,0.07785058870653301,xavier,11.0
3143,2026-09-01 14:05:19,gate3b_restricted_search,283,universal_restricted,12,0.0464700795252923,xavier,6.0
3144,2026-09-01 14:05:19,gate3b_restricted_search,283,universal_restricted,13,0.09182660868186439,xavier,23.0
3145,2026-09-01 14:05:19,gate3b_restricted_search,283,universal_restricted,14,0.025829557092615408,xavier,15.0
3146,2026-09-01 14:05:19,gate3b_restricted_search,297,reference,0,0.004430375245218269,xavier,663.0
3147,2026-09-01 14:05:20,gate3b_restricted_search,297,reference,1,0.0018662266976517971,orthogonal,663.0
3148,2026-09-01 14:05:20,gate3b_restricted_search,297,reference,2,0.07780155576901421,he,708.0
3149,2026-09-01 14:05:21,gate3b_restricted_search,297,reference,3,0.005059803874660437,xavier,434.0
3150,2026-09-01 14:05:21,gate3b_restricted_search,297,reference,4,0.00011498870747119459,orthogonal,1600.0
3151,2026-09-01 14:05:22,gate3b_restricted_search,297,reference,5,0.08626905220714905,xavier,1600.0
3152,2026-09-01 14:05:22,gate3b_restricted_search,297,reference,6,0.00022637229697395497,orthogonal,1600.0
3153,2026-09-01 14:05:23,gate3b_restricted_search,297,reference,7,0.0036774346621052147,orthogonal,554.0
3154,2026-09-01 14:05:23,gate3b_restricted_search,297,reference,8,0.0023358825194833557,orthogonal,663.0
3155,2026-09-01 14:05:24,gate3b_restricted_search,297,reference,9,0.006859416411328701,he,554.0
3156,2026-09-01 14:05:24,gate3b_restricted_search,297,reference,10,0.019907506982928588,xavier,314.0
3157,2026-09-01 14:05:24,gate3b_restricted_search,297,reference,11,0.017533865456901297,xavier,278.0
3158,2026-09-01 14:05:24,gate3b_restricted_search,297,reference,12,0.021644937500336026,xavier,246.0
3159,2026-09-01 14:05:24,gate3b_restricted_search,297,reference,13,0.020527514539894275,xavier,314.0
3160,2026-09-01 14:05:25,gate3b_restricted_search,297,reference,14,0.021178889448851296,xavier,357.0
3161,2026-09-01 14:05:25,gate3b_restricted_search,297,reference,15,0.0006263956433121869,xavier,1600.0
3162,2026-09-01 14:05:26,gate3b_restricted_search,297,reference,16,0.03152971774826445,xavier,482.0
3163,2026-09-01 14:05:26,gate3b_restricted_search,297,reference,17,0.01061378293448603,he,434.0
3164,2026-09-01 14:05:26,gate3b_restricted_search,297,reference,18,0.03986199259995958,xavier,394.0
3165,2026-09-01 14:05:26,gate3b_restricted_search,297,reference,19,0.010566903295943383,xavier,428.0
3166,2026-09-01 14:05:27,gate3b_restricted_search,297,reference,20,0.0009712798508231742,he,1600.0
3167,2026-09-01 14:05:27,gate3b_restricted_search,297,reference,21,0.017385964285183644,xavier,348.0
3168,2026-09-01 14:05:28,gate3b_restricted_search,297,reference,22,0.04589899866247784,xavier,350.0
3169,2026-09-01 14:05:28,gate3b_restricted_search,297,reference,23,0.011855144358031231,xavier,428.0
3170,2026-09-01 14:05:28,gate3b_restricted_search,297,reference,24,0.04244036180771806,xavier,554.0
3171,2026-09-01 14:05:29,gate3b_restricted_search,297,reference,25,0.008054603564671248,xavier,434.0
3172,2026-09-01 14:05:29,gate3b_restricted_search,297,reference,26,0.0238557558958067,xavier,415.0
3173,2026-09-01 14:05:29,gate3b_restricted_search,297,reference,27,0.06821938748782813,xavier,557.0
3174,2026-09-01 14:05:29,gate3b_restricted_search,297,reference,28,0.014665177619614061,he,373.0
3175,2026-09-01 14:05:30,gate3b_restricted_search,297,reference,29,0.003585093283880219,xavier,663.0
3176,2026-09-01 14:05:30,gate3b_restricted_search,297,reference,30,0.005489755727601266,xavier,434.0
3177,2026-09-01 14:05:30,gate3b_restricted_search,297,reference,31,0.025258604366267187,xavier,427.0
3178,2026-09-01 14:05:31,gate3b_restricted_search,297,reference,32,0.01769905084431645,xavier,314.0
3179,2026-09-01 14:05:31,gate3b_restricted_search,297,reference,33,0.05892880975011246,xavier,534.0
3180,2026-09-01 14:05:31,gate3b_restricted_search,297,reference,34,0.035407793433951916,xavier,314.0
3181,2026-09-01 14:05:31,gate3b_restricted_search,297,reference,35,0.029297603547895422,xavier,314.0
3182,2026-09-01 14:05:32,gate3b_restricted_search,297,reference,36,0.09771407641361997,orthogonal,1600.0
3183,2026-09-01 14:05:32,gate3b_restricted_search,297,reference,37,0.05285242523543761,xavier,681.0
3184,2026-09-01 14:05:33,gate3b_restricted_search,297,reference,38,0.007989413128737199,he,453.0
3185,2026-09-01 14:05:33,gate3b_restricted_search,297,reference,39,0.013220631649908877,orthogonal,314.0
3186,2026-09-01 14:05:34,gate3b_restricted_search,297,cold,0,0.0017826497151386949,xavier,1600.0
3187,2026-09-01 14:05:34,gate3b_restricted_search,297,cold,1,0.0002755926764027377,orthogonal,1600.0
3188,2026-09-01 14:05:35,gate3b_restricted_search,297,cold,2,0.0015498955191377143,orthogonal,663.0
3189,2026-09-01 14:05:35,gate3b_restricted_search,297,cold,3,0.00041054120168588934,xavier,1600.0
3190,2026-09-01 14:05:36,gate3b_restricted_search,297,cold,4,0.001786135519762597,xavier,1600.0
3191,2026-09-01 14:05:36,gate3b_restricted_search,297,cold,5,0.025248390936171015,xavier,410.0
3192,2026-09-01 14:05:36,gate3b_restricted_search,297,cold,6,0.04257625486011382,xavier,246.0
3193,2026-09-01 14:05:37,gate3b_restricted_search,297,cold,7,0.0003232148147351276,xavier,1600.0
3194,2026-09-01 14:05:37,gate3b_restricted_search,297,cold,8,0.07475987911298648,he,319.0
3195,2026-09-01 14:05:37,gate3b_restricted_search,297,cold,9,0.011468398705751582,xavier,434.0
3196,2026-09-01 14:05:37,gate3b_restricted_search,297,cold,10,0.09344501034181055,he,434.0
3197,2026-09-01 14:05:38,gate3b_restricted_search,297,cold,11,0.0797234062203645,he,1600.0
3198,2026-09-01 14:05:38,gate3b_restricted_search,297,cold,12,0.017140882277504783,he,431.0
3199,2026-09-01 14:05:39,gate3b_restricted_search,297,cold,13,0.038883378800550816,he,461.0
3200,2026-09-01 14:05:39,gate3b_restricted_search,297,cold,14,0.006709263548380581,he,554.0
3201,2026-09-01 14:05:39,gate3b_restricted_search,297,informed_restricted,0,0.0017826497151386949,orthogonal,663.0
3202,2026-09-01 14:05:40,gate3b_restricted_search,297,informed_restricted,1,0.01448683388723935,orthogonal,256.0
3203,2026-09-01 14:05:40,gate3b_restricted_search,297,informed_restricted,2,0.00010007903854383786,orthogonal,1600.0
3204,2026-09-01 14:05:41,gate3b_restricted_search,297,informed_restricted,3,0.0008072307884499761,orthogonal,1600.0
3205,2026-09-01 14:05:41,gate3b_restricted_search,297,informed_restricted,4,0.0002755926764027377,orthogonal,1600.0
3206,2026-09-01 14:05:42,gate3b_restricted_search,297,informed_restricted,5,0.00018924123965722266,orthogonal,1600.0
3207,2026-09-01 14:05:42,gate3b_restricted_search,297,informed_restricted,6,0.0003620600725744741,orthogonal,1600.0
3208,2026-09-01 14:05:43,gate3b_restricted_search,297,informed_restricted,7,0.001088133500363589,orthogonal,663.0
3209,2026-09-01 14:05:43,gate3b_restricted_search,297,informed_restricted,8,0.0015498955191377143,orthogonal,663.0
3210,2026-09-01 14:05:44,gate3b_restricted_search,297,informed_restricted,9,0.00413475900783472,orthogonal,453.0
3211,2026-09-01 14:05:44,gate3b_restricted_search,297,informed_restricted,10,0.09290791998691832,orthogonal,434.0
3212,2026-09-01 14:05:44,gate3b_restricted_search,297,informed_restricted,11,0.07785058870653301,orthogonal,1600.0
3213,2026-09-01 14:05:45,gate3b_restricted_search,297,informed_restricted,12,0.0797234062203645,orthogonal,557.0
3214,2026-09-01 14:05:45,gate3b_restricted_search,297,informed_restricted,13,0.017223705768801514,orthogonal,278.0
3215,2026-09-01 14:05:45,gate3b_restricted_search,297,informed_restricted,14,0.01553710788150454,orthogonal,314.0
3216,2026-09-01 14:05:46,gate3b_restricted_search,297,universal_restricted,0,0.0017826497151386949,xavier,1600.0
3217,2026-09-01 14:05:46,gate3b_restricted_search,297,universal_restricted,1,0.01448683388723935,xavier,348.0
3218,2026-09-01 14:05:47,gate3b_restricted_search,297,universal_restricted,2,0.00010007903854383786,xavier,1600.0
3219,2026-09-01 14:05:47,gate3b_restricted_search,297,universal_restricted,3,0.0008072307884499761,xavier,1600.0
3220,2026-09-01 14:05:48,gate3b_restricted_search,297,universal_restricted,4,0.0002755926764027377,xavier,1600.0
3221,2026-09-01 14:05:48,gate3b_restricted_search,297,universal_restricted,5,0.00018924123965722266,xavier,1600.0
3222,2026-09-01 14:05:49,gate3b_restricted_search,297,universal_restricted,6,0.0003620600725744741,xavier,1600.0
3223,2026-09-01 14:05:49,gate3b_restricted_search,297,universal_restricted,7,0.001088133500363589,xavier,1600.0
3224,2026-09-01 14:05:50,gate3b_restricted_search,297,universal_restricted,8,0.0015498955191377143,xavier,1600.0
3225,2026-09-01 14:05:50,gate3b_restricted_search,297,universal_restricted,9,0.00413475900783472,xavier,663.0
3226,2026-09-01 14:05:51,gate3b_restricted_search,297,universal_restricted,10,0.09290791998691832,xavier,265.0
3227,2026-09-01 14:05:51,gate3b_restricted_search,297,universal_restricted,11,0.07785058870653301,xavier,723.0
3228,2026-09-01 14:05:52,gate3b_restricted_search,297,universal_restricted,12,0.0797234062203645,xavier,663.0
3229,2026-09-01 14:05:52,gate3b_restricted_search,297,universal_restricted,13,0.017223705768801514,xavier,314.0
3230,2026-09-01 14:05:52,gate3b_restricted_search,297,universal_restricted,14,0.02354874493860281,xavier,357.0
3231,2026-09-01 14:05:52,gate3b_restricted_search,304,reference,0,0.004430375245218269,xavier,17.0
3232,2026-09-01 14:05:52,gate3b_restricted_search,304,reference,1,0.0018662266976517971,orthogonal,65.0
3233,2026-09-01 14:05:52,gate3b_restricted_search,304,reference,2,0.07780155576901421,he,36.0
3234,2026-09-01 14:05:52,gate3b_restricted_search,304,reference,3,0.005059803874660437,xavier,28.0
3235,2026-09-01 14:05:53,gate3b_restricted_search,304,reference,4,0.00011498870747119459,orthogonal,658.0
3236,2026-09-01 14:05:53,gate3b_restricted_search,304,reference,5,0.08626905220714905,xavier,24.0
3237,2026-09-01 14:05:53,gate3b_restricted_search,304,reference,6,0.00022637229697395497,orthogonal,352.0
3238,2026-09-01 14:05:53,gate3b_restricted_search,304,reference,7,0.0036774346621052147,orthogonal,42.0
3239,2026-09-01 14:05:53,gate3b_restricted_search,304,reference,8,0.0023358825194833557,orthogonal,44.0
3240,2026-09-01 14:05:53,gate3b_restricted_search,304,reference,9,0.006859416411328701,he,13.0
3241,2026-09-01 14:05:53,gate3b_restricted_search,304,reference,10,0.019907506982928588,he,17.0
3242,2026-09-01 14:05:53,gate3b_restricted_search,304,reference,11,0.015641764792823365,xavier,12.0
3243,2026-09-01 14:05:53,gate3b_restricted_search,304,reference,12,0.016044606150810846,he,21.0
3244,2026-09-01 14:05:53,gate3b_restricted_search,304,reference,13,0.015769071584025966,he,21.0
3245,2026-09-01 14:05:53,gate3b_restricted_search,304,reference,14,0.0008619247845699831,xavier,69.0
3246,2026-09-01 14:05:53,gate3b_restricted_search,304,reference,15,0.031488332841565325,he,13.0
3247,2026-09-01 14:05:53,gate3b_restricted_search,304,reference,16,0.009442165317276308,xavier,8.0
3248,2026-09-01 14:05:53,gate3b_restricted_search,304,reference,17,0.0008521611944763918,xavier,69.0
3249,2026-09-01 14:05:53,gate3b_restricted_search,304,reference,18,0.03779757833721483,xavier,12.0
3250,2026-09-01 14:05:54,gate3b_restricted_search,304,reference,19,0.00922532815991808,xavier,8.0
3251,2026-09-01 14:05:54,gate3b_restricted_search,304,reference,20,0.007534576045256527,xavier,20.0
3252,2026-09-01 14:05:54,gate3b_restricted_search,304,reference,21,0.012600272739038505,xavier,14.0
3253,2026-09-01 14:05:54,gate3b_restricted_search,304,reference,22,0.04522640840350218,xavier,11.0
3254,2026-09-01 14:05:54,gate3b_restricted_search,304,reference,23,0.048723429707896164,xavier,9.0
3255,2026-09-01 14:05:54,gate3b_restricted_search,304,reference,24,0.009172095890121247,xavier,8.0
3256,2026-09-01 14:05:54,gate3b_restricted_search,304,reference,25,0.009526656298487915,xavier,8.0
3257,2026-09-01 14:05:54,gate3b_restricted_search,304,reference,26,0.0011791702071202663,xavier,58.0
3258,2026-09-01 14:05:54,gate3b_restricted_search,304,reference,27,0.0031572721497074778,xavier,23.0
3259,2026-09-01 14:05:54,gate3b_restricted_search,304,reference,28,0.02440207302570367,xavier,22.0
3260,2026-09-01 14:05:54,gate3b_restricted_search,304,reference,29,0.004754869388466934,xavier,17.0
3261,2026-09-01 14:05:54,gate3b_restricted_search,304,reference,30,0.010510825111838113,xavier,8.0
3262,2026-09-01 14:05:54,gate3b_restricted_search,304,reference,31,0.011101513202831766,xavier,16.0
3263,2026-09-01 14:05:54,gate3b_restricted_search,304,reference,32,0.008099564981378522,xavier,20.0
3264,2026-09-01 14:05:54,gate3b_restricted_search,304,reference,33,0.005499406673713567,xavier,26.0
3265,2026-09-01 14:05:54,gate3b_restricted_search,304,reference,34,0.0021067503529250643,xavier,30.0
3266,2026-09-01 14:05:54,gate3b_restricted_search,304,reference,35,0.025534903600640278,xavier,22.0
3267,2026-09-01 14:05:54,gate3b_restricted_search,304,reference,36,0.0031409528770969686,orthogonal,44.0
3268,2026-09-01 14:05:54,gate3b_restricted_search,304,reference,37,0.010341706214227241,xavier,8.0
3269,2026-09-01 14:05:54,gate3b_restricted_search,304,reference,38,0.05406883265854586,xavier,10.0
3270,2026-09-01 14:05:54,gate3b_restricted_search,304,reference,39,0.005560346372771992,orthogonal,31.0
3271,2026-09-01 14:05:54,gate3b_restricted_search,304,cold,0,0.0017826497151386949,xavier,39.0
3272,2026-09-01 14:05:54,gate3b_restricted_search,304,cold,1,0.0002755926764027377,orthogonal,302.0
3273,2026-09-01 14:05:54,gate3b_restricted_search,304,cold,2,0.0015498955191377143,orthogonal,59.0
3274,2026-09-01 14:05:54,gate3b_restricted_search,304,cold,3,0.00041054120168588934,xavier,146.0
3275,2026-09-01 14:05:54,gate3b_restricted_search,304,cold,4,0.001786135519762597,xavier,39.0
3276,2026-09-01 14:05:54,gate3b_restricted_search,304,cold,5,0.025248390936171015,xavier,22.0
3277,2026-09-01 14:05:54,gate3b_restricted_search,304,cold,6,0.04257625486011382,xavier,11.0
3278,2026-09-01 14:05:55,gate3b_restricted_search,304,cold,7,0.0003232148147351276,xavier,194.0
3279,2026-09-01 14:05:55,gate3b_restricted_search,304,cold,8,0.07475987911298648,he,31.0
3280,2026-09-01 14:05:55,gate3b_restricted_search,304,cold,9,0.011468398705751582,xavier,16.0
3281,2026-09-01 14:05:55,gate3b_restricted_search,304,cold,10,0.09344501034181055,he,44.0
3282,2026-09-01 14:05:55,gate3b_restricted_search,304,cold,11,0.010686274357222558,xavier,8.0
3283,2026-09-01 14:05:55,gate3b_restricted_search,304,cold,12,0.010436194123643504,xavier,8.0
3284,2026-09-01 14:05:55,gate3b_restricted_search,304,cold,13,0.009394446324854634,xavier,8.0
3285,2026-09-01 14:05:55,gate3b_restricted_search,304,cold,14,0.006558443575718644,orthogonal,29.0
3286,2026-09-01 14:05:55,gate3b_restricted_search,304,informed_restricted,0,0.0017826497151386949,xavier,39.0
3287,2026-09-01 14:05:55,gate3b_restricted_search,304,informed_restricted,1,0.01448683388723935,xavier,13.0
3288,2026-09-01 14:05:55,gate3b_restricted_search,304,informed_restricted,2,0.00010007903854383786,xavier,583.0
3289,2026-09-01 14:05:55,gate3b_restricted_search,304,informed_restricted,3,0.0008072307884499761,xavier,83.0
3290,2026-09-01 14:05:55,gate3b_restricted_search,304,informed_restricted,4,0.0002755926764027377,xavier,222.0
3291,2026-09-01 14:05:56,gate3b_restricted_search,304,informed_restricted,5,0.00018924123965722266,xavier,322.0
3292,2026-09-01 14:05:56,gate3b_restricted_search,304,informed_restricted,6,0.0003620600725744741,xavier,183.0
3293,2026-09-01 14:05:56,gate3b_restricted_search,304,informed_restricted,7,0.001088133500363589,xavier,59.0
3294,2026-09-01 14:05:56,gate3b_restricted_search,304,informed_restricted,8,0.0015498955191377143,xavier,44.0
3295,2026-09-01 14:05:56,gate3b_restricted_search,304,informed_restricted,9,0.00413475900783472,xavier,17.0
3296,2026-09-01 14:05:56,gate3b_restricted_search,304,informed_restricted,10,0.09290791998691832,xavier,24.0
3297,2026-09-01 14:05:56,gate3b_restricted_search,304,informed_restricted,11,0.011930383561222451,xavier,16.0
3298,2026-09-01 14:05:56,gate3b_restricted_search,304,informed_restricted,12,0.016535107145461723,xavier,12.0
3299,2026-09-01 14:05:56,gate3b_restricted_search,304,informed_restricted,13,0.022446911961699983,xavier,22.0
3300,2026-09-01 14:05:56,gate3b_restricted_search,304,informed_restricted,14,0.02354874493860281,xavier,22.0
3301,2026-09-01 14:05:56,gate3b_restricted_search,304,universal_restricted,0,0.0017826497151386949,xavier,39.0
3302,2026-09-01 14:05:56,gate3b_restricted_search,304,universal_restricted,1,0.01448683388723935,xavier,13.0
3303,2026-09-01 14:05:56,gate3b_restricted_search,304,universal_restricted,2,0.00010007903854383786,xavier,583.0
3304,2026-09-01 14:05:56,gate3b_restricted_search,304,universal_restricted,3,0.0008072307884499761,xavier,83.0
3305,2026-09-01 14:05:57,gate3b_restricted_search,304,universal_restricted,4,0.0002755926764027377,xavier,222.0
3306,2026-09-01 14:05:57,gate3b_restricted_search,304,universal_restricted,5,0.00018924123965722266,xavier,322.0
3307,2026-09-01 14:05:57,gate3b_restricted_search,304,universal_restricted,6,0.0003620600725744741,xavier,183.0
3308,2026-09-01 14:05:57,gate3b_restricted_search,304,universal_restricted,7,0.001088133500363589,xavier,59.0
3309,2026-09-01 14:05:57,gate3b_restricted_search,304,universal_restricted,8,0.0015498955191377143,xavier,44.0
3310,2026-09-01 14:05:57,gate3b_restricted_search,304,universal_restricted,9,0.00413475900783472,xavier,17.0
3311,2026-09-01 14:05:57,gate3b_restricted_search,304,universal_restricted,10,0.09290791998691832,xavier,24.0
3312,2026-09-01 14:05:57,gate3b_restricted_search,304,universal_restricted,11,0.011930383561222451,xavier,16.0
3313,2026-09-01 14:05:57,gate3b_restricted_search,304,universal_restricted,12,0.016535107145461723,xavier,12.0
3314,2026-09-01 14:05:57,gate3b_restricted_search,304,universal_restricted,13,0.022446911961699983,xavier,22.0
3315,2026-09-01 14:05:57,gate3b_restricted_search,304,universal_restricted,14,0.02354874493860281,xavier,22.0
3316,2026-09-01 14:05:57,gate3b_restricted_search,307,reference,0,0.004430375245218269,xavier,53.0
3317,2026-09-01 14:05:57,gate3b_restricted_search,307,reference,1,0.0018662266976517971,orthogonal,108.0
3318,2026-09-01 14:05:58,gate3b_restricted_search,307,reference,2,0.07780155576901421,he,27.0
3319,2026-09-01 14:05:58,gate3b_restricted_search,307,reference,3,0.005059803874660437,xavier,47.0
3320,2026-09-01 14:05:58,gate3b_restricted_search,307,reference,4,0.00011498870747119459,orthogonal,1600.0
3321,2026-09-01 14:05:58,gate3b_restricted_search,307,reference,5,0.08626905220714905,xavier,18.0
3322,2026-09-01 14:05:59,gate3b_restricted_search,307,reference,6,0.00022637229697395497,orthogonal,633.0
3323,2026-09-01 14:05:59,gate3b_restricted_search,307,reference,7,0.0036774346621052147,orthogonal,62.0
3324,2026-09-01 14:05:59,gate3b_restricted_search,307,reference,8,0.0023358825194833557,orthogonal,89.0
3325,2026-09-01 14:05:59,gate3b_restricted_search,307,reference,9,0.006859416411328701,he,47.0
3326,2026-09-01 14:05:59,gate3b_restricted_search,307,reference,10,0.07162629642639848,xavier,24.0
3327,2026-09-01 14:05:59,gate3b_restricted_search,307,reference,11,0.07216635702812188,xavier,20.0
3328,2026-09-01 14:05:59,gate3b_restricted_search,307,reference,12,0.02365310875574803,xavier,29.0
3329,2026-09-01 14:05:59,gate3b_restricted_search,307,reference,13,0.020534207875627673,xavier,25.0
3330,2026-09-01 14:05:59,gate3b_restricted_search,307,reference,14,0.023951753262696922,xavier,34.0
3331,2026-09-01 14:05:59,gate3b_restricted_search,307,reference,15,0.0839033390712048,xavier,21.0
3332,2026-09-01 14:05:59,gate3b_restricted_search,307,reference,16,0.03927811376350381,xavier,35.0
3333,2026-09-01 14:05:59,gate3b_restricted_search,307,reference,17,0.013518767635793709,he,27.0
3334,2026-09-01 14:05:59,gate3b_restricted_search,307,reference,18,0.04075023934212166,xavier,31.0
3335,2026-09-01 14:05:59,gate3b_restricted_search,307,reference,19,0.0010503533449916396,xavier,167.0
3336,2026-09-01 14:05:59,gate3b_restricted_search,307,reference,20,0.010780634406666866,he,34.0
3337,2026-09-01 14:05:59,gate3b_restricted_search,307,reference,21,0.09397627525560069,xavier,17.0
3338,2026-09-01 14:05:59,gate3b_restricted_search,307,reference,22,0.050215775340986125,xavier,34.0
3339,2026-09-01 14:05:59,gate3b_restricted_search,307,reference,23,0.08945456061416053,xavier,21.0
3340,2026-09-01 14:05:59,gate3b_restricted_search,307,reference,24,0.039727608479010926,xavier,35.0
3341,2026-09-01 14:05:59,gate3b_restricted_search,307,reference,25,0.050570220754750025,xavier,34.0
3342,2026-09-01 14:05:59,gate3b_restricted_search,307,reference,26,0.025997763280893864,xavier,29.0
3343,2026-09-01 14:05:59,gate3b_restricted_search,307,reference,27,0.09268366821339347,xavier,16.0
3344,2026-09-01 14:05:59,gate3b_restricted_search,307,reference,28,0.012818285759435128,he,27.0
3345,2026-09-01 14:05:59,gate3b_restricted_search,307,reference,29,0.0921955921866062,xavier,16.0
3346,2026-09-01 14:05:59,gate3b_restricted_search,307,reference,30,0.0505797804909387,xavier,34.0
3347,2026-09-01 14:05:59,gate3b_restricted_search,307,reference,31,0.0962719106064591,xavier,17.0
3348,2026-09-01 14:05:59,gate3b_restricted_search,307,reference,32,0.033165593416313456,xavier,29.0
3349,2026-09-01 14:05:59,gate3b_restricted_search,307,reference,33,0.0991862828184209,xavier,17.0
3350,2026-09-01 14:05:59,gate3b_restricted_search,307,reference,34,0.055704453545549926,xavier,20.0
3351,2026-09-01 14:05:59,gate3b_restricted_search,307,reference,35,0.061493706670954086,xavier,20.0
3352,2026-09-01 14:05:59,gate3b_restricted_search,307,reference,36,0.015974394838335824,orthogonal,20.0
3353,2026-09-01 14:05:59,gate3b_restricted_search,307,reference,37,0.09936500263162079,xavier,17.0
3354,2026-09-01 14:06:00,gate3b_restricted_search,307,reference,38,0.00036028819984949644,orthogonal,423.0
3355,2026-09-01 14:06:00,gate3b_restricted_search,307,reference,39,0.031451109050801514,he,24.0
3356,2026-09-01 14:06:00,gate3b_restricted_search,307,cold,0,0.0017826497151386949,xavier,116.0
3357,2026-09-01 14:06:00,gate3b_restricted_search,307,cold,1,0.0002755926764027377,orthogonal,563.0
3358,2026-09-01 14:06:00,gate3b_restricted_search,307,cold,2,0.0015498955191377143,orthogonal,119.0
3359,2026-09-01 14:06:01,gate3b_restricted_search,307,cold,3,0.00041054120168588934,xavier,395.0
3360,2026-09-01 14:06:01,gate3b_restricted_search,307,cold,4,0.001786135519762597,xavier,116.0
3361,2026-09-01 14:06:01,gate3b_restricted_search,307,cold,5,0.025248390936171015,xavier,29.0
3362,2026-09-01 14:06:01,gate3b_restricted_search,307,cold,6,0.04257625486011382,xavier,29.0
3363,2026-09-01 14:06:01,gate3b_restricted_search,307,cold,7,0.0003232148147351276,xavier,503.0
3364,2026-09-01 14:06:01,gate3b_restricted_search,307,cold,8,0.07475987911298648,he,27.0
3365,2026-09-01 14:06:01,gate3b_restricted_search,307,cold,9,0.011468398705751582,xavier,34.0
3366,2026-09-01 14:06:01,gate3b_restricted_search,307,cold,10,0.09358002303673958,he,34.0
3367,2026-09-01 14:06:01,gate3b_restricted_search,307,cold,11,0.016535107145461723,he,27.0
3368,2026-09-01 14:06:01,gate3b_restricted_search,307,cold,12,0.00817009146619754,he,41.0
3369,2026-09-01 14:06:01,gate3b_restricted_search,307,cold,13,0.06939629967782875,he,30.0
3370,2026-09-01 14:06:01,gate3b_restricted_search,307,cold,14,0.016514457181136998,he,27.0
3371,2026-09-01 14:06:01,gate3b_restricted_search,307,informed_restricted,0,0.0017826497151386949,he,151.0
3372,2026-09-01 14:06:02,gate3b_restricted_search,307,informed_restricted,1,0.01448683388723935,he,27.0
3373,2026-09-01 14:06:02,gate3b_restricted_search,307,informed_restricted,2,0.00010007903854383786,he,1600.0
3374,2026-09-01 14:06:02,gate3b_restricted_search,307,informed_restricted,3,0.0008072307884499761,he,266.0
3375,2026-09-01 14:06:03,gate3b_restricted_search,307,informed_restricted,4,0.0002755926764027377,he,707.0
3376,2026-09-01 14:06:03,gate3b_restricted_search,307,informed_restricted,5,0.00018924123965722266,he,1600.0
3377,2026-09-01 14:06:04,gate3b_restricted_search,307,informed_restricted,6,0.0003620600725744741,he,647.0
3378,2026-09-01 14:06:04,gate3b_restricted_search,307,informed_restricted,7,0.001088133500363589,he,245.0
3379,2026-09-01 14:06:04,gate3b_restricted_search,307,informed_restricted,8,0.0015498955191377143,he,165.0
3380,2026-09-01 14:06:04,gate3b_restricted_search,307,informed_restricted,9,0.00413475900783472,he,59.0
3381,2026-09-01 14:06:04,gate3b_restricted_search,307,informed_restricted,10,0.09290791998691832,he,41.0
3382,2026-09-01 14:06:04,gate3b_restricted_search,307,informed_restricted,11,0.07785058870653301,he,27.0
3383,2026-09-01 14:06:04,gate3b_restricted_search,307,informed_restricted,12,0.0464700795252923,he,23.0
3384,2026-09-01 14:06:04,gate3b_restricted_search,307,informed_restricted,13,0.01780718886107045,he,28.0
3385,2026-09-01 14:06:04,gate3b_restricted_search,307,informed_restricted,14,0.01962756878849319,he,28.0
3386,2026-09-01 14:06:04,gate3b_restricted_search,307,universal_restricted,0,0.0017826497151386949,xavier,116.0
3387,2026-09-01 14:06:04,gate3b_restricted_search,307,universal_restricted,1,0.01448683388723935,xavier,29.0
3388,2026-09-01 14:06:05,gate3b_restricted_search,307,universal_restricted,2,0.00010007903854383786,xavier,1600.0
3389,2026-09-01 14:06:05,gate3b_restricted_search,307,universal_restricted,3,0.0008072307884499761,xavier,208.0
3390,2026-09-01 14:06:05,gate3b_restricted_search,307,universal_restricted,4,0.0002755926764027377,xavier,519.0
3391,2026-09-01 14:06:06,gate3b_restricted_search,307,universal_restricted,5,0.00018924123965722266,xavier,1600.0
3392,2026-09-01 14:06:06,gate3b_restricted_search,307,universal_restricted,6,0.0003620600725744741,xavier,464.0
3393,2026-09-01 14:06:06,gate3b_restricted_search,307,universal_restricted,7,0.001088133500363589,xavier,167.0
3394,2026-09-01 14:06:06,gate3b_restricted_search,307,universal_restricted,8,0.0015498955191377143,xavier,118.0
3395,2026-09-01 14:06:06,gate3b_restricted_search,307,universal_restricted,9,0.00413475900783472,xavier,53.0
3396,2026-09-01 14:06:07,gate3b_restricted_search,307,universal_restricted,10,0.09290791998691832,xavier,16.0
3397,2026-09-01 14:06:07,gate3b_restricted_search,307,universal_restricted,11,0.07785058870653301,xavier,21.0
3398,2026-09-01 14:06:07,gate3b_restricted_search,307,universal_restricted,12,0.0797234062203645,xavier,21.0
3399,2026-09-01 14:06:07,gate3b_restricted_search,307,universal_restricted,13,0.09182660868186439,xavier,16.0
3400,2026-09-01 14:06:07,gate3b_restricted_search,307,universal_restricted,14,0.025393519779982596,xavier,29.0
3401,2026-09-01 14:06:07,gate3b_restricted_search,315,reference,0,0.004430375245218269,xavier,580.0
3402,2026-09-01 14:06:08,gate3b_restricted_search,315,reference,1,0.0018662266976517971,orthogonal,1600.0
3403,2026-09-01 14:06:08,gate3b_restricted_search,315,reference,2,0.07780155576901421,he,1600.0
3404,2026-09-01 14:06:09,gate3b_restricted_search,315,reference,3,0.005059803874660437,xavier,580.0
3405,2026-09-01 14:06:09,gate3b_restricted_search,315,reference,4,0.00011498870747119459,orthogonal,1600.0
3406,2026-09-01 14:06:10,gate3b_restricted_search,315,reference,5,0.08626905220714905,xavier,1600.0
3407,2026-09-01 14:06:10,gate3b_restricted_search,315,reference,6,0.00022637229697395497,orthogonal,1600.0
3408,2026-09-01 14:06:11,gate3b_restricted_search,315,reference,7,0.0036774346621052147,orthogonal,580.0
3409,2026-09-01 14:06:11,gate3b_restricted_search,315,reference,8,0.0023358825194833557,orthogonal,725.0
3410,2026-09-01 14:06:12,gate3b_restricted_search,315,reference,9,0.006859416411328701,he,451.0
3411,2026-09-01 14:06:12,gate3b_restricted_search,315,reference,10,0.019907506982928588,he,386.0
3412,2026-09-01 14:06:12,gate3b_restricted_search,315,reference,11,0.020814104803987817,he,296.0
3413,2026-09-01 14:06:12,gate3b_restricted_search,315,reference,12,0.021644937500336026,he,488.0
3414,2026-09-01 14:06:13,gate3b_restricted_search,315,reference,13,0.020527514539894275,he,338.0
3415,2026-09-01 14:06:13,gate3b_restricted_search,315,reference,14,0.021178889448851296,he,310.0
3416,2026-09-01 14:06:13,gate3b_restricted_search,315,reference,15,0.0007200507999485324,he,1600.0
3417,2026-09-01 14:06:14,gate3b_restricted_search,315,reference,16,0.031187522860003543,he,758.0
3418,2026-09-01 14:06:14,gate3b_restricted_search,315,reference,17,0.011076021831855744,he,355.0
3419,2026-09-01 14:06:15,gate3b_restricted_search,315,reference,18,0.042933318316338925,he,1600.0
3420,2026-09-01 14:06:15,gate3b_restricted_search,315,reference,19,0.010409344933850779,he,429.0
3421,2026-09-01 14:06:16,gate3b_restricted_search,315,reference,20,0.0009712798508231742,xavier,1600.0
3422,2026-09-01 14:06:16,gate3b_restricted_search,315,reference,21,0.011958655731740613,he,434.0
3423,2026-09-01 14:06:16,gate3b_restricted_search,315,reference,22,0.04541120738084482,he,725.0
3424,2026-09-01 14:06:17,gate3b_restricted_search,315,reference,23,0.019354166622284237,he,326.0
3425,2026-09-01 14:06:17,gate3b_restricted_search,315,reference,24,0.03998226349783201,he,326.0
3426,2026-09-01 14:06:17,gate3b_restricted_search,315,reference,25,0.04958689453794475,he,1600.0
3427,2026-09-01 14:06:18,gate3b_restricted_search,315,reference,26,0.035214215821099557,he,326.0
3428,2026-09-01 14:06:18,gate3b_restricted_search,315,reference,27,0.009509533293533061,he,434.0
3429,2026-09-01 14:06:18,gate3b_restricted_search,315,reference,28,0.08034347817766731,xavier,1600.0
3430,2026-09-01 14:06:19,gate3b_restricted_search,315,reference,29,0.014482006534696114,he,296.0
3431,2026-09-01 14:06:19,gate3b_restricted_search,315,reference,30,0.003800697392366453,xavier,610.0
3432,2026-09-01 14:06:20,gate3b_restricted_search,315,reference,31,0.029095151476564437,he,574.0
3433,2026-09-01 14:06:20,gate3b_restricted_search,315,reference,32,0.016879322607900683,he,292.0
3434,2026-09-01 14:06:20,gate3b_restricted_search,315,reference,33,0.015111361265051247,he,296.0
3435,2026-09-01 14:06:20,gate3b_restricted_search,315,reference,34,0.0067409375284538265,he,450.0
3436,2026-09-01 14:06:21,gate3b_restricted_search,315,reference,35,0.014375823921722784,he,296.0
3437,2026-09-01 14:06:21,gate3b_restricted_search,315,reference,36,0.007086807898082448,orthogonal,326.0
3438,2026-09-01 14:06:22,gate3b_restricted_search,315,reference,37,0.0023447900525789115,he,1600.0
3439,2026-09-01 14:06:22,gate3b_restricted_search,315,reference,38,0.015006456988854902,xavier,318.0
3440,2026-09-01 14:06:22,gate3b_restricted_search,315,reference,39,0.0059884524938988385,orthogonal,371.0
3441,2026-09-01 14:06:23,gate3b_restricted_search,315,cold,0,0.0017826497151386949,xavier,1600.0
3442,2026-09-01 14:06:23,gate3b_restricted_search,315,cold,1,0.0002755926764027377,orthogonal,1600.0
3443,2026-09-01 14:06:24,gate3b_restricted_search,315,cold,2,0.0015498955191377143,orthogonal,1600.0
3444,2026-09-01 14:06:24,gate3b_restricted_search,315,cold,3,0.00041054120168588934,xavier,1600.0
3445,2026-09-01 14:06:25,gate3b_restricted_search,315,cold,4,0.001786135519762597,xavier,1600.0
3446,2026-09-01 14:06:25,gate3b_restricted_search,315,cold,5,0.025248390936171015,xavier,326.0
3447,2026-09-01 14:06:26,gate3b_restricted_search,315,cold,6,0.04257625486011382,xavier,1600.0
3448,2026-09-01 14:06:26,gate3b_restricted_search,315,cold,7,0.0003232148147351276,xavier,1600.0
3449,2026-09-01 14:06:27,gate3b_restricted_search,315,cold,8,0.07475987911298648,he,1600.0
3450,2026-09-01 14:06:27,gate3b_restricted_search,315,cold,9,0.011468398705751582,xavier,322.0
3451,2026-09-01 14:06:27,gate3b_restricted_search,315,cold,10,0.014576193863035302,he,373.0
3452,2026-09-01 14:06:27,gate3b_restricted_search,315,cold,11,0.010686274357222558,xavier,326.0
3453,2026-09-01 14:06:28,gate3b_restricted_search,315,cold,12,0.012490731612965383,xavier,326.0
3454,2026-09-01 14:06:28,gate3b_restricted_search,315,cold,13,0.02373922934121738,xavier,431.0
3455,2026-09-01 14:06:28,gate3b_restricted_search,315,cold,14,0.00604100361467369,orthogonal,354.0
3456,2026-09-01 14:06:29,gate3b_restricted_search,315,informed_restricted,0,0.0017826497151386949,xavier,1600.0
3457,2026-09-01 14:06:29,gate3b_restricted_search,315,informed_restricted,1,0.01448683388723935,xavier,318.0
3458,2026-09-01 14:06:29,gate3b_restricted_search,315,informed_restricted,2,0.00010007903854383786,xavier,1600.0
3459,2026-09-01 14:06:30,gate3b_restricted_search,315,informed_restricted,3,0.0008072307884499761,xavier,1600.0
3460,2026-09-01 14:06:31,gate3b_restricted_search,315,informed_restricted,4,0.0002755926764027377,xavier,1600.0
3461,2026-09-01 14:06:31,gate3b_restricted_search,315,informed_restricted,5,0.00018924123965722266,xavier,1600.0
3462,2026-09-01 14:06:32,gate3b_restricted_search,315,informed_restricted,6,0.0003620600725744741,xavier,1600.0
3463,2026-09-01 14:06:32,gate3b_restricted_search,315,informed_restricted,7,0.001088133500363589,xavier,1600.0
3464,2026-09-01 14:06:33,gate3b_restricted_search,315,informed_restricted,8,0.0015498955191377143,xavier,1600.0
3465,2026-09-01 14:06:33,gate3b_restricted_search,315,informed_restricted,9,0.00413475900783472,xavier,610.0
3466,2026-09-01 14:06:34,gate3b_restricted_search,315,informed_restricted,10,0.09290791998691832,xavier,1600.0
3467,2026-09-01 14:06:34,gate3b_restricted_search,315,informed_restricted,11,0.011930383561222451,xavier,318.0
3468,2026-09-01 14:06:34,gate3b_restricted_search,315,informed_restricted,12,0.016535107145461723,xavier,318.0
3469,2026-09-01 14:06:34,gate3b_restricted_search,315,informed_restricted,13,0.01416591916805599,xavier,318.0
3470,2026-09-01 14:06:35,gate3b_restricted_search,315,informed_restricted,14,0.01553710788150454,xavier,355.0
3471,2026-09-01 14:06:35,gate3b_restricted_search,315,universal_restricted,0,0.0017826497151386949,xavier,1600.0
3472,2026-09-01 14:06:35,gate3b_restricted_search,315,universal_restricted,1,0.01448683388723935,xavier,318.0
3473,2026-09-01 14:06:36,gate3b_restricted_search,315,universal_restricted,2,0.00010007903854383786,xavier,1600.0
3474,2026-09-01 14:06:36,gate3b_restricted_search,315,universal_restricted,3,0.0008072307884499761,xavier,1600.0
3475,2026-09-01 14:06:37,gate3b_restricted_search,315,universal_restricted,4,0.0002755926764027377,xavier,1600.0
3476,2026-09-01 14:06:38,gate3b_restricted_search,315,universal_restricted,5,0.00018924123965722266,xavier,1600.0
3477,2026-09-01 14:06:38,gate3b_restricted_search,315,universal_restricted,6,0.0003620600725744741,xavier,1600.0
3478,2026-09-01 14:06:39,gate3b_restricted_search,315,universal_restricted,7,0.001088133500363589,xavier,1600.0
3479,2026-09-01 14:06:39,gate3b_restricted_search,315,universal_restricted,8,0.0015498955191377143,xavier,1600.0
3480,2026-09-01 14:06:40,gate3b_restricted_search,315,universal_restricted,9,0.00413475900783472,xavier,610.0
3481,2026-09-01 14:06:40,gate3b_restricted_search,315,universal_restricted,10,0.09290791998691832,xavier,1600.0
3482,2026-09-01 14:06:40,gate3b_restricted_search,315,universal_restricted,11,0.011930383561222451,xavier,318.0
3483,2026-09-01 14:06:41,gate3b_restricted_search,315,universal_restricted,12,0.016535107145461723,xavier,318.0
3484,2026-09-01 14:06:41,gate3b_restricted_search,315,universal_restricted,13,0.01416591916805599,xavier,318.0
3485,2026-09-01 14:06:41,gate3b_restricted_search,315,universal_restricted,14,0.01553710788150454,xavier,355.0
3486,2026-09-01 14:06:41,gate3b_restricted_search,322,reference,0,0.004430375245218269,xavier,53.0
3487,2026-09-01 14:06:41,gate3b_restricted_search,322,reference,1,0.0018662266976517971,orthogonal,86.0
3488,2026-09-01 14:06:41,gate3b_restricted_search,322,reference,2,0.07780155576901421,he,46.0
3489,2026-09-01 14:06:41,gate3b_restricted_search,322,reference,3,0.005059803874660437,xavier,50.0
3490,2026-09-01 14:06:42,gate3b_restricted_search,322,reference,4,0.00011498870747119459,orthogonal,1600.0
3491,2026-09-01 14:06:42,gate3b_restricted_search,322,reference,5,0.08626905220714905,xavier,25.0
3492,2026-09-01 14:06:42,gate3b_restricted_search,322,reference,6,0.00022637229697395497,orthogonal,467.0
3493,2026-09-01 14:06:42,gate3b_restricted_search,322,reference,7,0.0036774346621052147,orthogonal,53.0
3494,2026-09-01 14:06:42,gate3b_restricted_search,322,reference,8,0.0023358825194833557,orthogonal,64.0
3495,2026-09-01 14:06:42,gate3b_restricted_search,322,reference,9,0.006859416411328701,he,39.0
3496,2026-09-01 14:06:42,gate3b_restricted_search,322,reference,10,0.07162629642639848,xavier,32.0
3497,2026-09-01 14:06:43,gate3b_restricted_search,322,reference,11,0.07216635702812188,xavier,32.0
3498,2026-09-01 14:06:43,gate3b_restricted_search,322,reference,12,0.02365310875574803,xavier,27.0
3499,2026-09-01 14:06:43,gate3b_restricted_search,322,reference,13,0.020527514539894275,xavier,27.0
3500,2026-09-01 14:06:43,gate3b_restricted_search,322,reference,14,0.021178889448851296,xavier,26.0
3501,2026-09-01 14:06:43,gate3b_restricted_search,322,reference,15,0.01777169818012893,xavier,23.0
3502,2026-09-01 14:06:43,gate3b_restricted_search,322,reference,16,0.012068594115400939,xavier,38.0
3503,2026-09-01 14:06:43,gate3b_restricted_search,322,reference,17,0.035867070949051734,he,19.0
3504,2026-09-01 14:06:43,gate3b_restricted_search,322,reference,18,0.04075023934212166,he,29.0
3505,2026-09-01 14:06:43,gate3b_restricted_search,322,reference,19,0.04049803968429553,he,26.0
3506,2026-09-01 14:06:43,gate3b_restricted_search,322,reference,20,0.0009712798508231742,he,214.0
3507,2026-09-01 14:06:43,gate3b_restricted_search,322,reference,21,0.01067012169188617,he,38.0
3508,2026-09-01 14:06:43,gate3b_restricted_search,322,reference,22,0.029623812305160837,xavier,28.0
3509,2026-09-01 14:06:43,gate3b_restricted_search,322,reference,23,0.013608646733639105,xavier,38.0
3510,2026-09-01 14:06:43,gate3b_restricted_search,322,reference,24,0.04431122807139708,he,29.0
3511,2026-09-01 14:06:43,gate3b_restricted_search,322,reference,25,0.07693069163138883,xavier,32.0
3512,2026-09-01 14:06:43,gate3b_restricted_search,322,reference,26,0.009322406775334378,he,38.0
3513,2026-09-01 14:06:43,gate3b_restricted_search,322,reference,27,0.04757795484573024,xavier,23.0
3514,2026-09-01 14:06:43,gate3b_restricted_search,322,reference,28,0.0924810413933908,xavier,32.0
3515,2026-09-01 14:06:43,gate3b_restricted_search,322,reference,29,0.03709473013120626,he,19.0
3516,2026-09-01 14:06:43,gate3b_restricted_search,322,reference,30,0.035467325609552465,he,25.0
3517,2026-09-01 14:06:43,gate3b_restricted_search,322,reference,31,0.056815391677130914,he,40.0
3518,2026-09-01 14:06:43,gate3b_restricted_search,322,reference,32,0.04961523937623499,he,23.0
3519,2026-09-01 14:06:43,gate3b_restricted_search,322,reference,33,0.0991862828184209,he,61.0
3520,2026-09-01 14:06:43,gate3b_restricted_search,322,reference,34,0.027463724068509124,he,29.0
3521,2026-09-01 14:06:43,gate3b_restricted_search,322,reference,35,0.05745076008490322,xavier,24.0
3522,2026-09-01 14:06:43,gate3b_restricted_search,322,reference,36,0.01721554608535299,orthogonal,25.0
3523,2026-09-01 14:06:43,gate3b_restricted_search,322,reference,37,0.02885376764048764,he,29.0
3524,2026-09-01 14:06:44,gate3b_restricted_search,322,reference,38,0.00036028819984949644,orthogonal,264.0
3525,2026-09-01 14:06:44,gate3b_restricted_search,322,reference,39,0.008431988183601998,xavier,30.0
3526,2026-09-01 14:06:44,gate3b_restricted_search,322,cold,0,0.0017826497151386949,xavier,88.0
3527,2026-09-01 14:06:44,gate3b_restricted_search,322,cold,1,0.0002755926764027377,orthogonal,388.0
3528,2026-09-01 14:06:44,gate3b_restricted_search,322,cold,2,0.0015498955191377143,orthogonal,95.0
3529,2026-09-01 14:06:44,gate3b_restricted_search,322,cold,3,0.00041054120168588934,xavier,349.0
3530,2026-09-01 14:06:44,gate3b_restricted_search,322,cold,4,0.001786135519762597,xavier,88.0
3531,2026-09-01 14:06:44,gate3b_restricted_search,322,cold,5,0.025248390936171015,xavier,28.0
3532,2026-09-01 14:06:44,gate3b_restricted_search,322,cold,6,0.04257625486011382,xavier,24.0
3533,2026-09-01 14:06:45,gate3b_restricted_search,322,cold,7,0.0003232148147351276,xavier,430.0
3534,2026-09-01 14:06:45,gate3b_restricted_search,322,cold,8,0.07475987911298648,he,48.0
3535,2026-09-01 14:06:45,gate3b_restricted_search,322,cold,9,0.011468398705751582,xavier,35.0
3536,2026-09-01 14:06:45,gate3b_restricted_search,322,cold,10,0.09344501034181055,he,59.0
3537,2026-09-01 14:06:45,gate3b_restricted_search,322,cold,11,0.021361236429000122,xavier,26.0
3538,2026-09-01 14:06:45,gate3b_restricted_search,322,cold,12,0.018729908809075033,xavier,26.0
3539,2026-09-01 14:06:45,gate3b_restricted_search,322,cold,13,0.00728316494133813,xavier,38.0
3540,2026-09-01 14:06:45,gate3b_restricted_search,322,cold,14,0.039131135779775145,orthogonal,19.0
3541,2026-09-01 14:06:45,gate3b_restricted_search,322,informed_restricted,0,0.0017826497151386949,orthogonal,88.0
3542,2026-09-01 14:06:45,gate3b_restricted_search,322,informed_restricted,1,0.01448683388723935,orthogonal,27.0
3543,2026-09-01 14:06:46,gate3b_restricted_search,322,informed_restricted,2,0.00010007903854383786,orthogonal,1600.0
3544,2026-09-01 14:06:46,gate3b_restricted_search,322,informed_restricted,3,0.0008072307884499761,orthogonal,145.0
3545,2026-09-01 14:06:46,gate3b_restricted_search,322,informed_restricted,4,0.0002755926764027377,orthogonal,388.0
3546,2026-09-01 14:06:46,gate3b_restricted_search,322,informed_restricted,5,0.00018924123965722266,orthogonal,584.0
3547,2026-09-01 14:06:47,gate3b_restricted_search,322,informed_restricted,6,0.0003620600725744741,orthogonal,264.0
3548,2026-09-01 14:06:47,gate3b_restricted_search,322,informed_restricted,7,0.001088133500363589,orthogonal,118.0
3549,2026-09-01 14:06:47,gate3b_restricted_search,322,informed_restricted,8,0.0015498955191377143,orthogonal,95.0
3550,2026-09-01 14:06:47,gate3b_restricted_search,322,informed_restricted,9,0.00413475900783472,orthogonal,48.0
3551,2026-09-01 14:06:47,gate3b_restricted_search,322,informed_restricted,10,0.09290791998691832,orthogonal,14.0
3552,2026-09-01 14:06:47,gate3b_restricted_search,322,informed_restricted,11,0.07785058870653301,orthogonal,23.0
3553,2026-09-01 14:06:47,gate3b_restricted_search,322,informed_restricted,12,0.0797234062203645,orthogonal,23.0
3554,2026-09-01 14:06:47,gate3b_restricted_search,322,informed_restricted,13,0.09182660868186439,orthogonal,19.0
3555,2026-09-01 14:06:47,gate3b_restricted_search,322,informed_restricted,14,0.025393519779982596,orthogonal,19.0
3556,2026-09-01 14:06:47,gate3b_restricted_search,322,universal_restricted,0,0.0017826497151386949,xavier,88.0
3557,2026-09-01 14:06:47,gate3b_restricted_search,322,universal_restricted,1,0.01448683388723935,xavier,38.0
3558,2026-09-01 14:06:48,gate3b_restricted_search,322,universal_restricted,2,0.00010007903854383786,xavier,1600.0
3559,2026-09-01 14:06:48,gate3b_restricted_search,322,universal_restricted,3,0.0008072307884499761,xavier,181.0
3560,2026-09-01 14:06:48,gate3b_restricted_search,322,universal_restricted,4,0.0002755926764027377,xavier,508.0
3561,2026-09-01 14:06:48,gate3b_restricted_search,322,universal_restricted,5,0.00018924123965722266,xavier,643.0
3562,2026-09-01 14:06:49,gate3b_restricted_search,322,universal_restricted,6,0.0003620600725744741,xavier,351.0
3563,2026-09-01 14:06:49,gate3b_restricted_search,322,universal_restricted,7,0.001088133500363589,xavier,142.0
3564,2026-09-01 14:06:49,gate3b_restricted_search,322,universal_restricted,8,0.0015498955191377143,xavier,88.0
3565,2026-09-01 14:06:49,gate3b_restricted_search,322,universal_restricted,9,0.00413475900783472,xavier,53.0
3566,2026-09-01 14:06:49,gate3b_restricted_search,322,universal_restricted,10,0.09290791998691832,xavier,32.0
3567,2026-09-01 14:06:49,gate3b_restricted_search,322,universal_restricted,11,0.07785058870653301,xavier,25.0
3568,2026-09-01 14:06:49,gate3b_restricted_search,322,universal_restricted,12,0.0797234062203645,xavier,25.0
3569,2026-09-01 14:06:49,gate3b_restricted_search,322,universal_restricted,13,0.09182660868186439,xavier,32.0
3570,2026-09-01 14:06:49,gate3b_restricted_search,322,universal_restricted,14,0.027775736900324165,xavier,28.0
3571,2026-09-01 14:06:49,gate3b_restricted_search,326,reference,0,0.004430375245218269,xavier,89.0
3572,2026-09-01 14:06:50,gate3b_restricted_search,326,reference,1,0.0018662266976517971,orthogonal,381.0
3573,2026-09-01 14:06:50,gate3b_restricted_search,326,reference,2,0.07780155576901421,he,99.0
3574,2026-09-01 14:06:50,gate3b_restricted_search,326,reference,3,0.005059803874660437,xavier,89.0
3575,2026-09-01 14:06:50,gate3b_restricted_search,326,reference,4,0.00011498870747119459,orthogonal,1600.0
3576,2026-09-01 14:06:50,gate3b_restricted_search,326,reference,5,0.08626905220714905,xavier,129.0
3577,2026-09-01 14:06:51,gate3b_restricted_search,326,reference,6,0.00022637229697395497,orthogonal,1600.0
3578,2026-09-01 14:06:51,gate3b_restricted_search,326,reference,7,0.0036774346621052147,orthogonal,135.0
3579,2026-09-01 14:06:51,gate3b_restricted_search,326,reference,8,0.0023358825194833557,orthogonal,266.0
3580,2026-09-01 14:06:51,gate3b_restricted_search,326,reference,9,0.006859416411328701,he,89.0
3581,2026-09-01 14:06:51,gate3b_restricted_search,326,reference,10,0.019907506982928588,xavier,73.0
3582,2026-09-01 14:06:52,gate3b_restricted_search,326,reference,11,0.020814104803987817,xavier,73.0
3583,2026-09-01 14:06:52,gate3b_restricted_search,326,reference,12,0.021644937500336026,xavier,89.0
3584,2026-09-01 14:06:52,gate3b_restricted_search,326,reference,13,0.020527514539894275,xavier,73.0
3585,2026-09-01 14:06:52,gate3b_restricted_search,326,reference,14,0.021178889448851296,xavier,73.0
3586,2026-09-01 14:06:52,gate3b_restricted_search,326,reference,15,0.000694465168883101,xavier,395.0
3587,2026-09-01 14:06:52,gate3b_restricted_search,326,reference,16,0.011599421468819674,xavier,89.0
3588,2026-09-01 14:06:52,gate3b_restricted_search,326,reference,17,0.0385998309482012,he,77.0
3589,2026-09-01 14:06:52,gate3b_restricted_search,326,reference,18,0.042140601439425406,xavier,112.0
3590,2026-09-01 14:06:52,gate3b_restricted_search,326,reference,19,0.010284672764162348,xavier,89.0
3591,2026-09-01 14:06:53,gate3b_restricted_search,326,reference,20,0.0009712798508231742,he,395.0
3592,2026-09-01 14:06:53,gate3b_restricted_search,326,reference,21,0.019944093242273486,xavier,73.0
3593,2026-09-01 14:06:53,gate3b_restricted_search,326,reference,22,0.04541120738084482,xavier,100.0
3594,2026-09-01 14:06:53,gate3b_restricted_search,326,reference,23,0.011657108315756374,xavier,89.0
3595,2026-09-01 14:06:53,gate3b_restricted_search,326,reference,24,0.02590845460307929,xavier,77.0
3596,2026-09-01 14:06:53,gate3b_restricted_search,326,reference,25,0.009263396141036433,xavier,89.0
3597,2026-09-01 14:06:53,gate3b_restricted_search,326,reference,26,0.05216046206469252,xavier,115.0
3598,2026-09-01 14:06:53,gate3b_restricted_search,326,reference,27,0.014073534254354876,xavier,89.0
3599,2026-09-01 14:06:53,gate3b_restricted_search,326,reference,28,0.029884139767470782,he,109.0
3600,2026-09-01 14:06:53,gate3b_restricted_search,326,reference,29,0.00605130280626793,xavier,176.0
3601,2026-09-01 14:06:53,gate3b_restricted_search,326,reference,30,0.0030362340943985407,xavier,193.0
3602,2026-09-01 14:06:54,gate3b_restricted_search,326,reference,31,0.019204792096438612,xavier,73.0
3603,2026-09-01 14:06:54,gate3b_restricted_search,326,reference,32,0.016683546906325564,xavier,73.0
3604,2026-09-01 14:06:54,gate3b_restricted_search,326,reference,33,0.06373313865499977,xavier,63.0
3605,2026-09-01 14:06:54,gate3b_restricted_search,326,reference,34,0.06913094797553328,xavier,97.0
3606,2026-09-01 14:06:54,gate3b_restricted_search,326,reference,35,0.0697286288318731,xavier,97.0
3607,2026-09-01 14:06:54,gate3b_restricted_search,326,reference,36,0.09867192221762151,orthogonal,124.0
3608,2026-09-01 14:06:54,gate3b_restricted_search,326,reference,37,0.03359259716147213,xavier,89.0
3609,2026-09-01 14:06:54,gate3b_restricted_search,326,reference,38,0.014858013536518376,he,89.0
3610,2026-09-01 14:06:54,gate3b_restricted_search,326,reference,39,0.05657295877027836,orthogonal,100.0
3611,2026-09-01 14:06:54,gate3b_restricted_search,326,cold,0,0.0017826497151386949,xavier,330.0
3612,2026-09-01 14:06:55,gate3b_restricted_search,326,cold,1,0.0002755926764027377,orthogonal,1600.0
3613,2026-09-01 14:06:55,gate3b_restricted_search,326,cold,2,0.0015498955191377143,orthogonal,381.0
3614,2026-09-01 14:06:56,gate3b_restricted_search,326,cold,3,0.00041054120168588934,xavier,623.0
3615,2026-09-01 14:06:56,gate3b_restricted_search,326,cold,4,0.001786135519762597,xavier,330.0
3616,2026-09-01 14:06:56,gate3b_restricted_search,326,cold,5,0.025248390936171015,xavier,77.0
3617,2026-09-01 14:06:56,gate3b_restricted_search,326,cold,6,0.04257625486011382,xavier,112.0
3618,2026-09-01 14:06:56,gate3b_restricted_search,326,cold,7,0.0003232148147351276,xavier,623.0
3619,2026-09-01 14:06:57,gate3b_restricted_search,326,cold,8,0.07475987911298648,he,99.0
3620,2026-09-01 14:06:57,gate3b_restricted_search,326,cold,9,0.011468398705751582,xavier,89.0
3621,2026-09-01 14:06:57,gate3b_restricted_search,326,cold,10,0.014576193863035302,he,89.0
3622,2026-09-01 14:06:57,gate3b_restricted_search,326,cold,11,0.012710606512951533,he,89.0
3623,2026-09-01 14:06:57,gate3b_restricted_search,326,cold,12,0.01307460150352353,he,89.0
3624,2026-09-01 14:06:57,gate3b_restricted_search,326,cold,13,0.02617075331193701,he,73.0
3625,2026-09-01 14:06:57,gate3b_restricted_search,326,cold,14,0.03174735475362496,he,91.0
3626,2026-09-01 14:06:57,gate3b_restricted_search,326,informed_restricted,0,0.0017826497151386949,orthogonal,381.0
3627,2026-09-01 14:06:57,gate3b_restricted_search,326,informed_restricted,1,0.01448683388723935,orthogonal,89.0
3628,2026-09-01 14:06:58,gate3b_restricted_search,326,informed_restricted,2,0.00010007903854383786,orthogonal,1600.0
3629,2026-09-01 14:06:58,gate3b_restricted_search,326,informed_restricted,3,0.0008072307884499761,orthogonal,395.0
3630,2026-09-01 14:06:59,gate3b_restricted_search,326,informed_restricted,4,0.0002755926764027377,orthogonal,1600.0
3631,2026-09-01 14:06:59,gate3b_restricted_search,326,informed_restricted,5,0.00018924123965722266,orthogonal,1600.0
3632,2026-09-01 14:07:00,gate3b_restricted_search,326,informed_restricted,6,0.0003620600725744741,orthogonal,678.0
3633,2026-09-01 14:07:00,gate3b_restricted_search,326,informed_restricted,7,0.001088133500363589,orthogonal,395.0
3634,2026-09-01 14:07:00,gate3b_restricted_search,326,informed_restricted,8,0.0015498955191377143,orthogonal,381.0
3635,2026-09-01 14:07:00,gate3b_restricted_search,326,informed_restricted,9,0.00413475900783472,orthogonal,135.0
3636,2026-09-01 14:07:00,gate3b_restricted_search,326,informed_restricted,10,0.09290791998691832,orthogonal,87.0
3637,2026-09-01 14:07:01,gate3b_restricted_search,326,informed_restricted,11,0.07785058870653301,orthogonal,112.0
3638,2026-09-01 14:07:01,gate3b_restricted_search,326,informed_restricted,12,0.0797234062203645,orthogonal,87.0
3639,2026-09-01 14:07:01,gate3b_restricted_search,326,informed_restricted,13,0.017223705768801514,orthogonal,93.0
3640,2026-09-01 14:07:01,gate3b_restricted_search,326,informed_restricted,14,0.02354874493860281,orthogonal,77.0
3641,2026-09-01 14:07:01,gate3b_restricted_search,326,universal_restricted,0,0.0017826497151386949,xavier,330.0
3642,2026-09-01 14:07:01,gate3b_restricted_search,326,universal_restricted,1,0.01448683388723935,xavier,89.0
3643,2026-09-01 14:07:02,gate3b_restricted_search,326,universal_restricted,2,0.00010007903854383786,xavier,1600.0
3644,2026-09-01 14:07:02,gate3b_restricted_search,326,universal_restricted,3,0.0008072307884499761,xavier,395.0
3645,2026-09-01 14:07:02,gate3b_restricted_search,326,universal_restricted,4,0.0002755926764027377,xavier,1600.0
3646,2026-09-01 14:07:03,gate3b_restricted_search,326,universal_restricted,5,0.00018924123965722266,xavier,1600.0
3647,2026-09-01 14:07:03,gate3b_restricted_search,326,universal_restricted,6,0.0003620600725744741,xavier,623.0
3648,2026-09-01 14:07:04,gate3b_restricted_search,326,universal_restricted,7,0.001088133500363589,xavier,381.0
3649,2026-09-01 14:07:04,gate3b_restricted_search,326,universal_restricted,8,0.0015498955191377143,xavier,330.0
3650,2026-09-01 14:07:04,gate3b_restricted_search,326,universal_restricted,9,0.00413475900783472,xavier,89.0
3651,2026-09-01 14:07:04,gate3b_restricted_search,326,universal_restricted,10,0.09290791998691832,xavier,95.0
3652,2026-09-01 14:07:04,gate3b_restricted_search,326,universal_restricted,11,0.011930383561222451,xavier,89.0
3653,2026-09-01 14:07:04,gate3b_restricted_search,326,universal_restricted,12,0.015093357760941058,xavier,89.0
3654,2026-09-01 14:07:04,gate3b_restricted_search,326,universal_restricted,13,0.006820076408998035,xavier,185.0
3655,2026-09-01 14:07:04,gate3b_restricted_search,326,universal_restricted,14,0.042082511315711495,xavier,85.0
3656,2026-09-01 14:07:05,gate3b_restricted_search,329,reference,0,0.004430375245218269,xavier,270.0
3657,2026-09-01 14:07:05,gate3b_restricted_search,329,reference,1,0.0018662266976517971,orthogonal,353.0
3658,2026-09-01 14:07:05,gate3b_restricted_search,329,reference,2,0.07780155576901421,he,384.0
3659,2026-09-01 14:07:05,gate3b_restricted_search,329,reference,3,0.005059803874660437,xavier,270.0
3660,2026-09-01 14:07:06,gate3b_restricted_search,329,reference,4,0.00011498870747119459,orthogonal,1600.0
3661,2026-09-01 14:07:06,gate3b_restricted_search,329,reference,5,0.08626905220714905,xavier,163.0
3662,2026-09-01 14:07:07,gate3b_restricted_search,329,reference,6,0.00022637229697395497,orthogonal,1600.0
3663,2026-09-01 14:07:07,gate3b_restricted_search,329,reference,7,0.0036774346621052147,orthogonal,277.0
3664,2026-09-01 14:07:07,gate3b_restricted_search,329,reference,8,0.0023358825194833557,orthogonal,353.0
3665,2026-09-01 14:07:07,gate3b_restricted_search,329,reference,9,0.006859416411328701,he,245.0
3666,2026-09-01 14:07:07,gate3b_restricted_search,329,reference,10,0.07162629642639848,xavier,381.0
3667,2026-09-01 14:07:08,gate3b_restricted_search,329,reference,11,0.017485554771265593,he,204.0
3668,2026-09-01 14:07:08,gate3b_restricted_search,329,reference,12,0.02365310875574803,he,138.0
3669,2026-09-01 14:07:08,gate3b_restricted_search,329,reference,13,0.027720917455101975,he,153.0
3670,2026-09-01 14:07:08,gate3b_restricted_search,329,reference,14,0.02470696189168419,xavier,163.0
3671,2026-09-01 14:07:08,gate3b_restricted_search,329,reference,15,0.0839033390712048,he,723.0
3672,2026-09-01 14:07:09,gate3b_restricted_search,329,reference,16,0.014058714181318968,xavier,162.0
3673,2026-09-01 14:07:09,gate3b_restricted_search,329,reference,17,0.04079563299530146,he,136.0
3674,2026-09-01 14:07:09,gate3b_restricted_search,329,reference,18,0.0005946225617605244,he,1600.0
3675,2026-09-01 14:07:09,gate3b_restricted_search,329,reference,19,0.0377064817545237,he,265.0
3676,2026-09-01 14:07:10,gate3b_restricted_search,329,reference,20,0.01396653844252686,he,162.0
3677,2026-09-01 14:07:10,gate3b_restricted_search,329,reference,21,0.04175996188279236,xavier,153.0
3678,2026-09-01 14:07:10,gate3b_restricted_search,329,reference,22,0.052696931817693346,he,271.0
3679,2026-09-01 14:07:10,gate3b_restricted_search,329,reference,23,0.009269082550230883,he,199.0
3680,2026-09-01 14:07:10,gate3b_restricted_search,329,reference,24,0.026047866632467238,xavier,163.0
3681,2026-09-01 14:07:10,gate3b_restricted_search,329,reference,25,0.04739479484695634,he,222.0
3682,2026-09-01 14:07:10,gate3b_restricted_search,329,reference,26,0.0854861132872439,xavier,202.0
3683,2026-09-01 14:07:11,gate3b_restricted_search,329,reference,27,0.01057985850271161,he,200.0
3684,2026-09-01 14:07:11,gate3b_restricted_search,329,reference,28,0.03181504217064488,he,246.0
3685,2026-09-01 14:07:11,gate3b_restricted_search,329,reference,29,0.021158962286319985,xavier,145.0
3686,2026-09-01 14:07:11,gate3b_restricted_search,329,reference,30,0.01978373334364086,xavier,145.0
3687,2026-09-01 14:07:11,gate3b_restricted_search,329,reference,31,0.019204792096438612,xavier,145.0
3688,2026-09-01 14:07:11,gate3b_restricted_search,329,reference,32,0.008317357082255911,xavier,229.0
3689,2026-09-01 14:07:11,gate3b_restricted_search,329,reference,33,0.01843550931650904,xavier,108.0
3690,2026-09-01 14:07:12,gate3b_restricted_search,329,reference,34,0.005082090995591712,xavier,270.0
3691,2026-09-01 14:07:12,gate3b_restricted_search,329,reference,35,0.012631316193468425,xavier,203.0
3692,2026-09-01 14:07:12,gate3b_restricted_search,329,reference,36,0.05417408121762388,orthogonal,213.0
3693,2026-09-01 14:07:12,gate3b_restricted_search,329,reference,37,0.002945782007187657,xavier,314.0
3694,2026-09-01 14:07:12,gate3b_restricted_search,329,reference,38,0.006192319111172512,he,282.0
3695,2026-09-01 14:07:13,gate3b_restricted_search,329,reference,39,0.0005329200247232395,orthogonal,1600.0
3696,2026-09-01 14:07:13,gate3b_restricted_search,329,cold,0,0.0017826497151386949,xavier,314.0
3697,2026-09-01 14:07:14,gate3b_restricted_search,329,cold,1,0.0002755926764027377,orthogonal,1600.0
3698,2026-09-01 14:07:14,gate3b_restricted_search,329,cold,2,0.0015498955191377143,orthogonal,353.0
3699,2026-09-01 14:07:14,gate3b_restricted_search,329,cold,3,0.00041054120168588934,xavier,1600.0
3700,2026-09-01 14:07:15,gate3b_restricted_search,329,cold,4,0.001786135519762597,xavier,314.0
3701,2026-09-01 14:07:15,gate3b_restricted_search,329,cold,5,0.025248390936171015,xavier,138.0
3702,2026-09-01 14:07:15,gate3b_restricted_search,329,cold,6,0.04257625486011382,xavier,119.0
3703,2026-09-01 14:07:15,gate3b_restricted_search,329,cold,7,0.0003232148147351276,xavier,1600.0
3704,2026-09-01 14:07:16,gate3b_restricted_search,329,cold,8,0.07475987911298648,he,353.0
3705,2026-09-01 14:07:16,gate3b_restricted_search,329,cold,9,0.011468398705751582,xavier,192.0
3706,2026-09-01 14:07:17,gate3b_restricted_search,329,cold,10,0.09344501034181055,he,1600.0
3707,2026-09-01 14:07:17,gate3b_restricted_search,329,cold,11,0.021361236429000122,xavier,145.0
3708,2026-09-01 14:07:17,gate3b_restricted_search,329,cold,12,0.018729908809075033,xavier,181.0
3709,2026-09-01 14:07:17,gate3b_restricted_search,329,cold,13,0.00728316494133813,xavier,202.0
3710,2026-09-01 14:07:17,gate3b_restricted_search,329,cold,14,0.039131135779775145,orthogonal,202.0
3711,2026-09-01 14:07:17,gate3b_restricted_search,329,informed_restricted,0,0.0017826497151386949,orthogonal,353.0
3712,2026-09-01 14:07:18,gate3b_restricted_search,329,informed_restricted,1,0.01448683388723935,orthogonal,112.0
3713,2026-09-01 14:07:18,gate3b_restricted_search,329,informed_restricted,2,0.00010007903854383786,orthogonal,1600.0
3714,2026-09-01 14:07:18,gate3b_restricted_search,329,informed_restricted,3,0.0008072307884499761,orthogonal,583.0
3715,2026-09-01 14:07:19,gate3b_restricted_search,329,informed_restricted,4,0.0002755926764027377,orthogonal,1600.0
3716,2026-09-01 14:07:20,gate3b_restricted_search,329,informed_restricted,5,0.00018924123965722266,orthogonal,1600.0
3717,2026-09-01 14:07:20,gate3b_restricted_search,329,informed_restricted,6,0.0003620600725744741,orthogonal,1600.0
3718,2026-09-01 14:07:20,gate3b_restricted_search,329,informed_restricted,7,0.001088133500363589,orthogonal,501.0
3719,2026-09-01 14:07:21,gate3b_restricted_search,329,informed_restricted,8,0.0015498955191377143,orthogonal,353.0
3720,2026-09-01 14:07:21,gate3b_restricted_search,329,informed_restricted,9,0.00413475900783472,orthogonal,231.0
3721,2026-09-01 14:07:21,gate3b_restricted_search,329,informed_restricted,10,0.09290791998691832,orthogonal,239.0
3722,2026-09-01 14:07:21,gate3b_restricted_search,329,informed_restricted,11,0.07785058870653301,orthogonal,153.0
3723,2026-09-01 14:07:21,gate3b_restricted_search,329,informed_restricted,12,0.0464700795252923,orthogonal,166.0
3724,2026-09-01 14:07:21,gate3b_restricted_search,329,informed_restricted,13,0.016334733956465577,orthogonal,117.0
3725,2026-09-01 14:07:22,gate3b_restricted_search,329,informed_restricted,14,0.01553710788150454,orthogonal,112.0
3726,2026-09-01 14:07:22,gate3b_restricted_search,329,universal_restricted,0,0.0017826497151386949,xavier,314.0
3727,2026-09-01 14:07:22,gate3b_restricted_search,329,universal_restricted,1,0.01448683388723935,xavier,163.0
3728,2026-09-01 14:07:22,gate3b_restricted_search,329,universal_restricted,2,0.00010007903854383786,xavier,1600.0
3729,2026-09-01 14:07:23,gate3b_restricted_search,329,universal_restricted,3,0.0008072307884499761,xavier,760.0
3730,2026-09-01 14:07:24,gate3b_restricted_search,329,universal_restricted,4,0.0002755926764027377,xavier,1600.0
3731,2026-09-01 14:07:24,gate3b_restricted_search,329,universal_restricted,5,0.00018924123965722266,xavier,1600.0
3732,2026-09-01 14:07:25,gate3b_restricted_search,329,universal_restricted,6,0.0003620600725744741,xavier,1600.0
3733,2026-09-01 14:07:25,gate3b_restricted_search,329,universal_restricted,7,0.001088133500363589,xavier,678.0
3734,2026-09-01 14:07:25,gate3b_restricted_search,329,universal_restricted,8,0.0015498955191377143,xavier,628.0
3735,2026-09-01 14:07:26,gate3b_restricted_search,329,universal_restricted,9,0.00413475900783472,xavier,314.0
3736,2026-09-01 14:07:26,gate3b_restricted_search,329,universal_restricted,10,0.09290791998691832,xavier,209.0
3737,2026-09-01 14:07:26,gate3b_restricted_search,329,universal_restricted,11,0.07785058870653301,xavier,316.0
3738,2026-09-01 14:07:26,gate3b_restricted_search,329,universal_restricted,12,0.0797234062203645,xavier,339.0
3739,2026-09-01 14:07:26,gate3b_restricted_search,329,universal_restricted,13,0.017223705768801514,xavier,160.0
3740,2026-09-01 14:07:27,gate3b_restricted_search,329,universal_restricted,14,0.01553710788150454,xavier,162.0
3741,2026-09-01 14:07:27,gate3b_restricted_search,341,reference,0,0.004430375245218269,xavier,207.0
3742,2026-09-01 14:07:27,gate3b_restricted_search,341,reference,1,0.0018662266976517971,orthogonal,278.0
3743,2026-09-01 14:07:27,gate3b_restricted_search,341,reference,2,0.07780155576901421,he,159.0
3744,2026-09-01 14:07:27,gate3b_restricted_search,341,reference,3,0.005059803874660437,xavier,186.0
3745,2026-09-01 14:07:28,gate3b_restricted_search,341,reference,4,0.00011498870747119459,orthogonal,1600.0
3746,2026-09-01 14:07:28,gate3b_restricted_search,341,reference,5,0.08626905220714905,xavier,243.0
3747,2026-09-01 14:07:29,gate3b_restricted_search,341,reference,6,0.00022637229697395497,orthogonal,1600.0
3748,2026-09-01 14:07:29,gate3b_restricted_search,341,reference,7,0.0036774346621052147,orthogonal,163.0
3749,2026-09-01 14:07:29,gate3b_restricted_search,341,reference,8,0.0023358825194833557,orthogonal,250.0
3750,2026-09-01 14:07:29,gate3b_restricted_search,341,reference,9,0.006859416411328701,he,161.0
3751,2026-09-01 14:07:29,gate3b_restricted_search,341,reference,10,0.07156452541054531,he,177.0
3752,2026-09-01 14:07:29,gate3b_restricted_search,341,reference,11,0.017932400313079747,he,121.0
3753,2026-09-01 14:07:29,gate3b_restricted_search,341,reference,12,0.022583602250469202,he,121.0
3754,2026-09-01 14:07:29,gate3b_restricted_search,341,reference,13,0.020527514539894275,he,139.0
3755,2026-09-01 14:07:30,gate3b_restricted_search,341,reference,14,0.021178889448851296,he,139.0
3756,2026-09-01 14:07:30,gate3b_restricted_search,341,reference,15,0.01984596917393863,he,121.0
3757,2026-09-01 14:07:30,gate3b_restricted_search,341,reference,16,0.0010055658350726655,he,772.0
3758,2026-09-01 14:07:30,gate3b_restricted_search,341,reference,17,0.01156983410470563,he,161.0
3759,2026-09-01 14:07:30,gate3b_restricted_search,341,reference,18,0.04026699319349866,he,140.0
3760,2026-09-01 14:07:31,gate3b_restricted_search,341,reference,19,0.010878539179170955,he,156.0
3761,2026-09-01 14:07:31,gate3b_restricted_search,341,reference,20,0.0007770785342993526,xavier,1600.0
3762,2026-09-01 14:07:31,gate3b_restricted_search,341,reference,21,0.02795730527884446,he,123.0
3763,2026-09-01 14:07:31,gate3b_restricted_search,341,reference,22,0.012132781110644168,he,161.0
3764,2026-09-01 14:07:31,gate3b_restricted_search,341,reference,23,0.04161408985796913,he,140.0
3765,2026-09-01 14:07:32,gate3b_restricted_search,341,reference,24,0.01620547383229177,he,126.0
3766,2026-09-01 14:07:32,gate3b_restricted_search,341,reference,25,0.0400515948900194,he,121.0
3767,2026-09-01 14:07:32,gate3b_restricted_search,341,reference,26,0.009579738405050038,he,161.0
3768,2026-09-01 14:07:32,gate3b_restricted_search,341,reference,27,0.03176285792437678,he,125.0
3769,2026-09-01 14:07:32,gate3b_restricted_search,341,reference,28,0.006320817074682291,xavier,145.0
3770,2026-09-01 14:07:32,gate3b_restricted_search,341,reference,29,0.056762357843338544,he,187.0
3771,2026-09-01 14:07:32,gate3b_restricted_search,341,reference,30,0.0033393915116348804,xavier,231.0
3772,2026-09-01 14:07:32,gate3b_restricted_search,341,reference,31,0.022603836156169427,he,121.0
3773,2026-09-01 14:07:33,gate3b_restricted_search,341,reference,32,0.04470554910874985,he,126.0
3774,2026-09-01 14:07:33,gate3b_restricted_search,341,reference,33,0.016291187096544864,he,121.0
3775,2026-09-01 14:07:33,gate3b_restricted_search,341,reference,34,0.09712603324194485,he,135.0
3776,2026-09-01 14:07:33,gate3b_restricted_search,341,reference,35,0.03173269775128822,he,125.0
3777,2026-09-01 14:07:33,gate3b_restricted_search,341,reference,36,0.05656443597143929,orthogonal,81.0
3778,2026-09-01 14:07:33,gate3b_restricted_search,341,reference,37,0.06121259896815759,orthogonal,232.0
3779,2026-09-01 14:07:33,gate3b_restricted_search,341,reference,38,0.007281001312376813,orthogonal,160.0
3780,2026-09-01 14:07:33,gate3b_restricted_search,341,reference,39,0.01335069512045354,orthogonal,113.0
3781,2026-09-01 14:07:34,gate3b_restricted_search,341,cold,0,0.0017826497151386949,xavier,293.0
3782,2026-09-01 14:07:34,gate3b_restricted_search,341,cold,1,0.0002755926764027377,orthogonal,1600.0
3783,2026-09-01 14:07:34,gate3b_restricted_search,341,cold,2,0.0015498955191377143,orthogonal,368.0
3784,2026-09-01 14:07:35,gate3b_restricted_search,341,cold,3,0.00041054120168588934,xavier,1600.0
3785,2026-09-01 14:07:35,gate3b_restricted_search,341,cold,4,0.001786135519762597,xavier,293.0
3786,2026-09-01 14:07:35,gate3b_restricted_search,341,cold,5,0.025248390936171015,xavier,113.0
3787,2026-09-01 14:07:35,gate3b_restricted_search,341,cold,6,0.04257625486011382,xavier,121.0
3788,2026-09-01 14:07:36,gate3b_restricted_search,341,cold,7,0.0003232148147351276,xavier,1600.0
3789,2026-09-01 14:07:36,gate3b_restricted_search,341,cold,8,0.07475987911298648,he,177.0
3790,2026-09-01 14:07:36,gate3b_restricted_search,341,cold,9,0.011468398705751582,xavier,121.0
3791,2026-09-01 14:07:36,gate3b_restricted_search,341,cold,10,0.014576193863035302,he,119.0
3792,2026-09-01 14:07:36,gate3b_restricted_search,341,cold,11,0.012710606512951533,he,161.0
3793,2026-09-01 14:07:36,gate3b_restricted_search,341,cold,12,0.01307460150352353,he,161.0
3794,2026-09-01 14:07:37,gate3b_restricted_search,341,cold,13,0.02617075331193701,he,121.0
3795,2026-09-01 14:07:37,gate3b_restricted_search,341,cold,14,0.007277381843354179,he,161.0
3796,2026-09-01 14:07:37,gate3b_restricted_search,341,informed_restricted,0,0.0017826497151386949,he,474.0
3797,2026-09-01 14:07:37,gate3b_restricted_search,341,informed_restricted,1,0.01448683388723935,he,145.0
3798,2026-09-01 14:07:38,gate3b_restricted_search,341,informed_restricted,2,0.00010007903854383786,he,1600.0
3799,2026-09-01 14:07:38,gate3b_restricted_search,341,informed_restricted,3,0.0008072307884499761,he,1600.0
3800,2026-09-01 14:07:39,gate3b_restricted_search,341,informed_restricted,4,0.0002755926764027377,he,1600.0
3801,2026-09-01 14:07:39,gate3b_restricted_search,341,informed_restricted,5,0.00018924123965722266,he,1600.0
3802,2026-09-01 14:07:40,gate3b_restricted_search,341,informed_restricted,6,0.0003620600725744741,he,1600.0
3803,2026-09-01 14:07:40,gate3b_restricted_search,341,informed_restricted,7,0.001088133500363589,he,649.0
3804,2026-09-01 14:07:41,gate3b_restricted_search,341,informed_restricted,8,0.0015498955191377143,he,474.0
3805,2026-09-01 14:07:41,gate3b_restricted_search,341,informed_restricted,9,0.00413475900783472,he,161.0
3806,2026-09-01 14:07:41,gate3b_restricted_search,341,informed_restricted,10,0.09290791998691832,he,140.0
3807,2026-09-01 14:07:41,gate3b_restricted_search,341,informed_restricted,11,0.07785058870653301,he,186.0
3808,2026-09-01 14:07:41,gate3b_restricted_search,341,informed_restricted,12,0.0797234062203645,he,194.0
3809,2026-09-01 14:07:41,gate3b_restricted_search,341,informed_restricted,13,0.017223705768801514,he,121.0
3810,2026-09-01 14:07:41,gate3b_restricted_search,341,informed_restricted,14,0.02354874493860281,he,121.0
3811,2026-09-01 14:07:42,gate3b_restricted_search,341,universal_restricted,0,0.0017826497151386949,xavier,293.0
3812,2026-09-01 14:07:42,gate3b_restricted_search,341,universal_restricted,1,0.01448683388723935,xavier,121.0
3813,2026-09-01 14:07:42,gate3b_restricted_search,341,universal_restricted,2,0.00010007903854383786,xavier,1600.0
3814,2026-09-01 14:07:43,gate3b_restricted_search,341,universal_restricted,3,0.0008072307884499761,xavier,649.0
3815,2026-09-01 14:07:43,gate3b_restricted_search,341,universal_restricted,4,0.0002755926764027377,xavier,1600.0
3816,2026-09-01 14:07:44,gate3b_restricted_search,341,universal_restricted,5,0.00018924123965722266,xavier,1600.0
3817,2026-09-01 14:07:44,gate3b_restricted_search,341,universal_restricted,6,0.0003620600725744741,xavier,1600.0
3818,2026-09-01 14:07:45,gate3b_restricted_search,341,universal_restricted,7,0.001088133500363589,xavier,474.0
3819,2026-09-01 14:07:45,gate3b_restricted_search,341,universal_restricted,8,0.0015498955191377143,xavier,293.0
3820,2026-09-01 14:07:45,gate3b_restricted_search,341,universal_restricted,9,0.00413475900783472,xavier,207.0
3821,2026-09-01 14:07:45,gate3b_restricted_search,341,universal_restricted,10,0.09290791998691832,xavier,218.0
3822,2026-09-01 14:07:45,gate3b_restricted_search,341,universal_restricted,11,0.011930383561222451,xavier,121.0
3823,2026-09-01 14:07:45,gate3b_restricted_search,341,universal_restricted,12,0.016535107145461723,xavier,107.0
3824,2026-09-01 14:07:45,gate3b_restricted_search,341,universal_restricted,13,0.022446911961699983,xavier,113.0
3825,2026-09-01 14:07:46,gate3b_restricted_search,341,universal_restricted,14,0.02354874493860281,xavier,88.0
3826,2026-09-01 14:07:46,gate3b_restricted_search,344,reference,0,0.004430375245218269,xavier,309.0
3827,2026-09-01 14:07:46,gate3b_restricted_search,344,reference,1,0.0018662266976517971,orthogonal,340.0
3828,2026-09-01 14:07:46,gate3b_restricted_search,344,reference,2,0.07780155576901421,he,359.0
3829,2026-09-01 14:07:47,gate3b_restricted_search,344,reference,3,0.005059803874660437,xavier,309.0
3830,2026-09-01 14:07:47,gate3b_restricted_search,344,reference,4,0.00011498870747119459,orthogonal,1600.0
3831,2026-09-01 14:07:48,gate3b_restricted_search,344,reference,5,0.08626905220714905,xavier,622.0
3832,2026-09-01 14:07:48,gate3b_restricted_search,344,reference,6,0.00022637229697395497,orthogonal,1600.0
3833,2026-09-01 14:07:48,gate3b_restricted_search,344,reference,7,0.0036774346621052147,orthogonal,332.0
3834,2026-09-01 14:07:49,gate3b_restricted_search,344,reference,8,0.0023358825194833557,orthogonal,340.0
3835,2026-09-01 14:07:49,gate3b_restricted_search,344,reference,9,0.006859416411328701,he,290.0
3836,2026-09-01 14:07:49,gate3b_restricted_search,344,reference,10,0.019907506982928588,he,199.0
3837,2026-09-01 14:07:49,gate3b_restricted_search,344,reference,11,0.020814104803987817,he,214.0
3838,2026-09-01 14:07:49,gate3b_restricted_search,344,reference,12,0.021644937500336026,he,214.0
3839,2026-09-01 14:07:50,gate3b_restricted_search,344,reference,13,0.020527514539894275,he,214.0
3840,2026-09-01 14:07:50,gate3b_restricted_search,344,reference,14,0.021178889448851296,he,235.0
3841,2026-09-01 14:07:50,gate3b_restricted_search,344,reference,15,0.000694465168883101,he,1600.0
3842,2026-09-01 14:07:50,gate3b_restricted_search,344,reference,16,0.011599421468819674,he,116.0
3843,2026-09-01 14:07:50,gate3b_restricted_search,344,reference,17,0.010344633424502524,he,199.0
3844,2026-09-01 14:07:51,gate3b_restricted_search,344,reference,18,0.042140601439425406,he,271.0
3845,2026-09-01 14:07:51,gate3b_restricted_search,344,reference,19,0.0010503533449916396,he,1600.0
3846,2026-09-01 14:07:51,gate3b_restricted_search,344,reference,20,0.009000637129564174,xavier,199.0
3847,2026-09-01 14:07:51,gate3b_restricted_search,344,reference,21,0.010085275770314145,xavier,135.0
3848,2026-09-01 14:07:52,gate3b_restricted_search,344,reference,22,0.012748297863247264,xavier,135.0
3849,2026-09-01 14:07:52,gate3b_restricted_search,344,reference,23,0.012274887145087983,xavier,135.0
3850,2026-09-01 14:07:52,gate3b_restricted_search,344,reference,24,0.039727608479010926,xavier,210.0
3851,2026-09-01 14:07:52,gate3b_restricted_search,344,reference,25,0.04739479484695634,xavier,85.0
3852,2026-09-01 14:07:52,gate3b_restricted_search,344,reference,26,0.04901219036132475,xavier,85.0
3853,2026-09-01 14:07:52,gate3b_restricted_search,344,reference,27,0.04546310254982456,xavier,235.0
3854,2026-09-01 14:07:52,gate3b_restricted_search,344,reference,28,0.05329477019982073,xavier,255.0
3855,2026-09-01 14:07:53,gate3b_restricted_search,344,reference,29,0.08857589041047882,xavier,314.0
3856,2026-09-01 14:07:53,gate3b_restricted_search,344,reference,30,0.03275989209648539,xavier,260.0
3857,2026-09-01 14:07:53,gate3b_restricted_search,344,reference,31,0.013984605220302242,xavier,135.0
3858,2026-09-01 14:07:53,gate3b_restricted_search,344,reference,32,0.005716909971276433,xavier,276.0
3859,2026-09-01 14:07:53,gate3b_restricted_search,344,reference,33,0.0031214794851845947,xavier,340.0
3860,2026-09-01 14:07:54,gate3b_restricted_search,344,reference,34,0.06836363635089755,xavier,342.0
3861,2026-09-01 14:07:54,gate3b_restricted_search,344,reference,35,0.03412453997850935,xavier,255.0
3862,2026-09-01 14:07:54,gate3b_restricted_search,344,reference,36,0.030106955599407216,xavier,210.0
3863,2026-09-01 14:07:54,gate3b_restricted_search,344,reference,37,0.05828924722980424,orthogonal,111.0
3864,2026-09-01 14:07:54,gate3b_restricted_search,344,reference,38,0.0608517674437392,orthogonal,255.0
3865,2026-09-01 14:07:55,gate3b_restricted_search,344,reference,39,0.09072041839416388,orthogonal,509.0
3866,2026-09-01 14:07:55,gate3b_restricted_search,344,cold,0,0.0017826497151386949,xavier,540.0
3867,2026-09-01 14:07:56,gate3b_restricted_search,344,cold,1,0.0002755926764027377,orthogonal,1600.0
3868,2026-09-01 14:07:56,gate3b_restricted_search,344,cold,2,0.0015498955191377143,orthogonal,764.0
3869,2026-09-01 14:07:57,gate3b_restricted_search,344,cold,3,0.00041054120168588934,xavier,1600.0
3870,2026-09-01 14:07:57,gate3b_restricted_search,344,cold,4,0.001786135519762597,xavier,540.0
3871,2026-09-01 14:07:57,gate3b_restricted_search,344,cold,5,0.025248390936171015,xavier,158.0
3872,2026-09-01 14:07:57,gate3b_restricted_search,344,cold,6,0.04257625486011382,xavier,174.0
3873,2026-09-01 14:07:58,gate3b_restricted_search,344,cold,7,0.0003232148147351276,xavier,1600.0
3874,2026-09-01 14:07:58,gate3b_restricted_search,344,cold,8,0.07475987911298648,he,422.0
3875,2026-09-01 14:07:58,gate3b_restricted_search,344,cold,9,0.011468398705751582,xavier,135.0
3876,2026-09-01 14:07:58,gate3b_restricted_search,344,cold,10,0.013520030930076584,he,116.0
3877,2026-09-01 14:07:58,gate3b_restricted_search,344,cold,11,0.012050318703919807,he,116.0
3878,2026-09-01 14:07:58,gate3b_restricted_search,344,cold,12,0.008159364238707795,he,233.0
3879,2026-09-01 14:07:59,gate3b_restricted_search,344,cold,13,0.006844410962507337,he,290.0
3880,2026-09-01 14:07:59,gate3b_restricted_search,344,cold,14,0.01743266588357272,he,276.0
3881,2026-09-01 14:07:59,gate3b_restricted_search,344,informed_restricted,0,0.0017826497151386949,xavier,540.0
3882,2026-09-01 14:07:59,gate3b_restricted_search,344,informed_restricted,1,0.01448683388723935,xavier,135.0
3883,2026-09-01 14:08:00,gate3b_restricted_search,344,informed_restricted,2,0.00010007903854383786,xavier,1600.0
3884,2026-09-01 14:08:01,gate3b_restricted_search,344,informed_restricted,3,0.0008072307884499761,xavier,1600.0
3885,2026-09-01 14:08:01,gate3b_restricted_search,344,informed_restricted,4,0.0002755926764027377,xavier,1600.0
3886,2026-09-01 14:08:02,gate3b_restricted_search,344,informed_restricted,5,0.00018924123965722266,xavier,1600.0
3887,2026-09-01 14:08:02,gate3b_restricted_search,344,informed_restricted,6,0.0003620600725744741,xavier,1600.0
3888,2026-09-01 14:08:03,gate3b_restricted_search,344,informed_restricted,7,0.001088133500363589,xavier,788.0
3889,2026-09-01 14:08:03,gate3b_restricted_search,344,informed_restricted,8,0.0015498955191377143,xavier,641.0
3890,2026-09-01 14:08:03,gate3b_restricted_search,344,informed_restricted,9,0.00413475900783472,xavier,309.0
3891,2026-09-01 14:08:04,gate3b_restricted_search,344,informed_restricted,10,0.09290791998691832,xavier,317.0
3892,2026-09-01 14:08:04,gate3b_restricted_search,344,informed_restricted,11,0.07785058870653301,xavier,363.0
3893,2026-09-01 14:08:04,gate3b_restricted_search,344,informed_restricted,12,0.0797234062203645,xavier,343.0
3894,2026-09-01 14:08:04,gate3b_restricted_search,344,informed_restricted,13,0.017223705768801514,xavier,225.0
3895,2026-09-01 14:08:04,gate3b_restricted_search,344,informed_restricted,14,0.01553710788150454,xavier,135.0
3896,2026-09-01 14:08:05,gate3b_restricted_search,344,universal_restricted,0,0.0017826497151386949,xavier,540.0
3897,2026-09-01 14:08:05,gate3b_restricted_search,344,universal_restricted,1,0.01448683388723935,xavier,135.0
3898,2026-09-01 14:08:05,gate3b_restricted_search,344,universal_restricted,2,0.00010007903854383786,xavier,1600.0
3899,2026-09-01 14:08:06,gate3b_restricted_search,344,universal_restricted,3,0.0008072307884499761,xavier,1600.0
3900,2026-09-01 14:08:06,gate3b_restricted_search,344,universal_restricted,4,0.0002755926764027377,xavier,1600.0
3901,2026-09-01 14:08:07,gate3b_restricted_search,344,universal_restricted,5,0.00018924123965722266,xavier,1600.0
3902,2026-09-01 14:08:07,gate3b_restricted_search,344,universal_restricted,6,0.0003620600725744741,xavier,1600.0
3903,2026-09-01 14:08:08,gate3b_restricted_search,344,universal_restricted,7,0.001088133500363589,xavier,788.0
3904,2026-09-01 14:08:08,gate3b_restricted_search,344,universal_restricted,8,0.0015498955191377143,xavier,641.0
3905,2026-09-01 14:08:09,gate3b_restricted_search,344,universal_restricted,9,0.00413475900783472,xavier,309.0
3906,2026-09-01 14:08:09,gate3b_restricted_search,344,universal_restricted,10,0.09290791998691832,xavier,317.0
3907,2026-09-01 14:08:09,gate3b_restricted_search,344,universal_restricted,11,0.07785058870653301,xavier,363.0
3908,2026-09-01 14:08:09,gate3b_restricted_search,344,universal_restricted,12,0.0797234062203645,xavier,343.0
3909,2026-09-01 14:08:10,gate3b_restricted_search,344,universal_restricted,13,0.017223705768801514,xavier,225.0
3910,2026-09-01 14:08:10,gate3b_restricted_search,344,universal_restricted,14,0.01553710788150454,xavier,135.0
3911,2026-09-01 14:08:10,gate3b_restricted_search,348,reference,0,0.004430375245218269,xavier,255.0
3912,2026-09-01 14:08:10,gate3b_restricted_search,348,reference,1,0.0018662266976517971,orthogonal,650.0
3913,2026-09-01 14:08:11,gate3b_restricted_search,348,reference,2,0.07780155576901421,he,782.0
3914,2026-09-01 14:08:11,gate3b_restricted_search,348,reference,3,0.005059803874660437,xavier,242.0
3915,2026-09-01 14:08:12,gate3b_restricted_search,348,reference,4,0.00011498870747119459,orthogonal,1600.0
3916,2026-09-01 14:08:12,gate3b_restricted_search,348,reference,5,0.08626905220714905,xavier,241.0
3917,2026-09-01 14:08:12,gate3b_restricted_search,348,reference,6,0.00022637229697395497,orthogonal,1600.0
3918,2026-09-01 14:08:13,gate3b_restricted_search,348,reference,7,0.0036774346621052147,orthogonal,410.0
3919,2026-09-01 14:08:13,gate3b_restricted_search,348,reference,8,0.0023358825194833557,orthogonal,422.0
3920,2026-09-01 14:08:13,gate3b_restricted_search,348,reference,9,0.006859416411328701,he,325.0
3921,2026-09-01 14:08:14,gate3b_restricted_search,348,reference,10,0.07162629642639848,xavier,523.0
3922,2026-09-01 14:08:14,gate3b_restricted_search,348,reference,11,0.022541989102962234,xavier,199.0
3923,2026-09-01 14:08:14,gate3b_restricted_search,348,reference,12,0.02365310875574803,xavier,199.0
3924,2026-09-01 14:08:14,gate3b_restricted_search,348,reference,13,0.020527514539894275,xavier,307.0
3925,2026-09-01 14:08:14,gate3b_restricted_search,348,reference,14,0.021178889448851296,xavier,289.0
3926,2026-09-01 14:08:14,gate3b_restricted_search,348,reference,15,0.01777169818012893,xavier,199.0
3927,2026-09-01 14:08:15,gate3b_restricted_search,348,reference,16,0.011608793012496683,xavier,199.0
3928,2026-09-01 14:08:15,gate3b_restricted_search,348,reference,17,0.001013123807094702,he,1600.0
3929,2026-09-01 14:08:15,gate3b_restricted_search,348,reference,18,0.009870146935704044,xavier,199.0
3930,2026-09-01 14:08:16,gate3b_restricted_search,348,reference,19,0.04049803968429553,xavier,354.0
3931,2026-09-01 14:08:16,gate3b_restricted_search,348,reference,20,0.0005123575074053791,he,1600.0
3932,2026-09-01 14:08:16,gate3b_restricted_search,348,reference,21,0.011119920965483086,xavier,199.0
3933,2026-09-01 14:08:17,gate3b_restricted_search,348,reference,22,0.008552255430198255,xavier,264.0
3934,2026-09-01 14:08:17,gate3b_restricted_search,348,reference,23,0.010548215556244338,xavier,199.0
3935,2026-09-01 14:08:17,gate3b_restricted_search,348,reference,24,0.039727608479010926,xavier,272.0
3936,2026-09-01 14:08:17,gate3b_restricted_search,348,reference,25,0.04739479484695634,xavier,241.0
3937,2026-09-01 14:08:17,gate3b_restricted_search,348,reference,26,0.013779224251472568,xavier,170.0
3938,2026-09-01 14:08:17,gate3b_restricted_search,348,reference,27,0.01474731844729217,xavier,199.0
3939,2026-09-01 14:08:17,gate3b_restricted_search,348,reference,28,0.03181504217064488,he,165.0
3940,2026-09-01 14:08:18,gate3b_restricted_search,348,reference,29,0.03013870939397237,he,199.0
3941,2026-09-01 14:08:18,gate3b_restricted_search,348,reference,30,0.005162223985310837,he,325.0
3942,2026-09-01 14:08:18,gate3b_restricted_search,348,reference,31,0.013984605220302242,he,156.0
3943,2026-09-01 14:08:18,gate3b_restricted_search,348,reference,32,0.029310583414680246,he,199.0
3944,2026-09-01 14:08:18,gate3b_restricted_search,348,reference,33,0.05166523990886324,he,272.0
3945,2026-09-01 14:08:19,gate3b_restricted_search,348,reference,34,0.003173566771620576,he,384.0
3946,2026-09-01 14:08:19,gate3b_restricted_search,348,reference,35,0.006371724750200285,he,217.0
3947,2026-09-01 14:08:19,gate3b_restricted_search,348,reference,36,0.016426124034550765,he,199.0
3948,2026-09-01 14:08:19,gate3b_restricted_search,348,reference,37,0.09533066840330645,he,1600.0
3949,2026-09-01 14:08:20,gate3b_restricted_search,348,reference,38,0.03164244190229133,orthogonal,199.0
3950,2026-09-01 14:08:20,gate3b_restricted_search,348,reference,39,0.03136741046234559,orthogonal,199.0
3951,2026-09-01 14:08:20,gate3b_restricted_search,348,cold,0,0.0017826497151386949,xavier,650.0
3952,2026-09-01 14:08:21,gate3b_restricted_search,348,cold,1,0.0002755926764027377,orthogonal,1600.0
3953,2026-09-01 14:08:21,gate3b_restricted_search,348,cold,2,0.0015498955191377143,orthogonal,790.0
3954,2026-09-01 14:08:22,gate3b_restricted_search,348,cold,3,0.00041054120168588934,xavier,1600.0
3955,2026-09-01 14:08:22,gate3b_restricted_search,348,cold,4,0.001786135519762597,xavier,650.0
3956,2026-09-01 14:08:23,gate3b_restricted_search,348,cold,5,0.025248390936171015,xavier,272.0
3957,2026-09-01 14:08:23,gate3b_restricted_search,348,cold,6,0.04257625486011382,xavier,307.0
3958,2026-09-01 14:08:23,gate3b_restricted_search,348,cold,7,0.0003232148147351276,xavier,1600.0
3959,2026-09-01 14:08:24,gate3b_restricted_search,348,cold,8,0.07475987911298648,he,753.0
3960,2026-09-01 14:08:24,gate3b_restricted_search,348,cold,9,0.011468398705751582,xavier,199.0
3961,2026-09-01 14:08:24,gate3b_restricted_search,348,cold,10,0.013520030930076584,he,156.0
3962,2026-09-01 14:08:24,gate3b_restricted_search,348,cold,11,0.012050318703919807,he,242.0
3963,2026-09-01 14:08:25,gate3b_restricted_search,348,cold,12,0.008901992342500538,he,384.0
3964,2026-09-01 14:08:25,gate3b_restricted_search,348,cold,13,0.007480156754080965,he,325.0
3965,2026-09-01 14:08:25,gate3b_restricted_search,348,cold,14,0.01743266588357272,he,242.0
3966,2026-09-01 14:08:25,gate3b_restricted_search,348,informed_restricted,0,0.0017826497151386949,he,524.0
3967,2026-09-01 14:08:26,gate3b_restricted_search,348,informed_restricted,1,0.01448683388723935,he,255.0
3968,2026-09-01 14:08:26,gate3b_restricted_search,348,informed_restricted,2,0.00010007903854383786,he,1600.0
3969,2026-09-01 14:08:27,gate3b_restricted_search,348,informed_restricted,3,0.0008072307884499761,he,1600.0
3970,2026-09-01 14:08:27,gate3b_restricted_search,348,informed_restricted,4,0.0002755926764027377,he,1600.0
3971,2026-09-01 14:08:28,gate3b_restricted_search,348,informed_restricted,5,0.00018924123965722266,he,1600.0
3972,2026-09-01 14:08:28,gate3b_restricted_search,348,informed_restricted,6,0.0003620600725744741,he,1600.0
3973,2026-09-01 14:08:29,gate3b_restricted_search,348,informed_restricted,7,0.001088133500363589,he,650.0
3974,2026-09-01 14:08:29,gate3b_restricted_search,348,informed_restricted,8,0.0015498955191377143,he,534.0
3975,2026-09-01 14:08:29,gate3b_restricted_search,348,informed_restricted,9,0.00413475900783472,he,325.0
3976,2026-09-01 14:08:30,gate3b_restricted_search,348,informed_restricted,10,0.09290791998691832,he,1600.0
3977,2026-09-01 14:08:30,gate3b_restricted_search,348,informed_restricted,11,0.011930383561222451,he,242.0
3978,2026-09-01 14:08:30,gate3b_restricted_search,348,informed_restricted,12,0.016535107145461723,he,199.0
3979,2026-09-01 14:08:30,gate3b_restricted_search,348,informed_restricted,13,0.022446911961699983,he,118.0
3980,2026-09-01 14:08:31,gate3b_restricted_search,348,informed_restricted,14,0.05804656431752625,he,436.0
3981,2026-09-01 14:08:31,gate3b_restricted_search,348,universal_restricted,0,0.0017826497151386949,xavier,650.0
3982,2026-09-01 14:08:31,gate3b_restricted_search,348,universal_restricted,1,0.01448683388723935,xavier,199.0
3983,2026-09-01 14:08:32,gate3b_restricted_search,348,universal_restricted,2,0.00010007903854383786,xavier,1600.0
3984,2026-09-01 14:08:32,gate3b_restricted_search,348,universal_restricted,3,0.0008072307884499761,xavier,1600.0
3985,2026-09-01 14:08:33,gate3b_restricted_search,348,universal_restricted,4,0.0002755926764027377,xavier,1600.0
3986,2026-09-01 14:08:33,gate3b_restricted_search,348,universal_restricted,5,0.00018924123965722266,xavier,1600.0
3987,2026-09-01 14:08:34,gate3b_restricted_search,348,universal_restricted,6,0.0003620600725744741,xavier,1600.0
3988,2026-09-01 14:08:34,gate3b_restricted_search,348,universal_restricted,7,0.001088133500363589,xavier,1600.0
3989,2026-09-01 14:08:35,gate3b_restricted_search,348,universal_restricted,8,0.0015498955191377143,xavier,650.0
3990,2026-09-01 14:08:35,gate3b_restricted_search,348,universal_restricted,9,0.00413475900783472,xavier,341.0
3991,2026-09-01 14:08:35,gate3b_restricted_search,348,universal_restricted,10,0.09290791998691832,xavier,410.0
3992,2026-09-01 14:08:35,gate3b_restricted_search,348,universal_restricted,11,0.011930383561222451,xavier,199.0
3993,2026-09-01 14:08:36,gate3b_restricted_search,348,universal_restricted,12,0.016535107145461723,xavier,307.0
3994,2026-09-01 14:08:36,gate3b_restricted_search,348,universal_restricted,13,0.01416591916805599,xavier,170.0
3995,2026-09-01 14:08:36,gate3b_restricted_search,348,universal_restricted,14,0.035690305590833374,xavier,272.0
3996,2026-09-01 14:08:37,gate3b_restricted_search,350,reference,0,0.004430375245218269,xavier,526.0
3997,2026-09-01 14:08:37,gate3b_restricted_search,350,reference,1,0.0018662266976517971,orthogonal,1600.0
3998,2026-09-01 14:08:38,gate3b_restricted_search,350,reference,2,0.07780155576901421,he,605.0
3999,2026-09-01 14:08:38,gate3b_restricted_search,350,reference,3,0.005059803874660437,xavier,532.0
4000,2026-09-01 14:08:38,gate3b_restricted_search,350,reference,4,0.00011498870747119459,orthogonal,1600.0
4001,2026-09-01 14:08:39,gate3b_restricted_search,350,reference,5,0.08626905220714905,xavier,1600.0
4002,2026-09-01 14:08:40,gate3b_restricted_search,350,reference,6,0.00022637229697395497,orthogonal,1600.0
4003,2026-09-01 14:08:40,gate3b_restricted_search,350,reference,7,0.0036774346621052147,orthogonal,344.0
4004,2026-09-01 14:08:40,gate3b_restricted_search,350,reference,8,0.0023358825194833557,orthogonal,1600.0
4005,2026-09-01 14:08:41,gate3b_restricted_search,350,reference,9,0.006859416411328701,he,497.0
4006,2026-09-01 14:08:41,gate3b_restricted_search,350,reference,10,0.0005430405379671376,orthogonal,1600.0
4007,2026-09-01 14:08:41,gate3b_restricted_search,350,reference,11,0.015641764792823365,he,344.0
4008,2026-09-01 14:08:42,gate3b_restricted_search,350,reference,12,0.02212926614004449,he,394.0
4009,2026-09-01 14:08:42,gate3b_restricted_search,350,reference,13,0.020527514539894275,he,364.0
4010,2026-09-01 14:08:42,gate3b_restricted_search,350,reference,14,0.019356086293399348,he,298.0
4011,2026-09-01 14:08:43,gate3b_restricted_search,350,reference,15,0.01820892665631231,he,511.0
4012,2026-09-01 14:08:43,gate3b_restricted_search,350,reference,16,0.012311206037987717,he,394.0
4013,2026-09-01 14:08:43,gate3b_restricted_search,350,reference,17,0.03734526069071442,he,1600.0
4014,2026-09-01 14:08:44,gate3b_restricted_search,350,reference,18,0.0011808570398719556,he,1600.0
4015,2026-09-01 14:08:44,gate3b_restricted_search,350,reference,19,0.04188220341433578,he,436.0
4016,2026-09-01 14:08:45,gate3b_restricted_search,350,reference,20,0.010534273898197465,he,462.0
4017,2026-09-01 14:08:45,gate3b_restricted_search,350,reference,21,0.00393641688527934,orthogonal,344.0
4018,2026-09-01 14:08:45,gate3b_restricted_search,350,reference,22,0.008678913923634823,orthogonal,334.0
4019,2026-09-01 14:08:45,gate3b_restricted_search,350,reference,23,0.010155063855043101,xavier,394.0
4020,2026-09-01 14:08:46,gate3b_restricted_search,350,reference,24,0.039727608479010926,he,611.0
4021,2026-09-01 14:08:46,gate3b_restricted_search,350,reference,25,0.008736215914306676,orthogonal,344.0
4022,2026-09-01 14:08:46,gate3b_restricted_search,350,reference,26,0.01754573130844866,he,490.0
4023,2026-09-01 14:08:47,gate3b_restricted_search,350,reference,27,0.032533806176324176,he,394.0
4024,2026-09-01 14:08:47,gate3b_restricted_search,350,reference,28,0.056411556529074994,xavier,616.0
4025,2026-09-01 14:08:47,gate3b_restricted_search,350,reference,29,0.006412875463629643,orthogonal,462.0
4026,2026-09-01 14:08:48,gate3b_restricted_search,350,reference,30,0.0024311991408182566,xavier,1600.0
4027,2026-09-01 14:08:48,gate3b_restricted_search,350,reference,31,0.0030719124372626887,orthogonal,344.0
4028,2026-09-01 14:08:49,gate3b_restricted_search,350,reference,32,0.0014166228055194946,orthogonal,1600.0
4029,2026-09-01 14:08:49,gate3b_restricted_search,350,reference,33,0.004310342887056788,orthogonal,344.0
4030,2026-09-01 14:08:50,gate3b_restricted_search,350,reference,34,0.0008345061685339001,orthogonal,1600.0
4031,2026-09-01 14:08:50,gate3b_restricted_search,350,reference,35,0.015669114078438847,orthogonal,315.0
4032,2026-09-01 14:08:50,gate3b_restricted_search,350,reference,36,0.02680026535419519,orthogonal,352.0
4033,2026-09-01 14:08:50,gate3b_restricted_search,350,reference,37,0.014446015854148779,he,368.0
4034,2026-09-01 14:08:51,gate3b_restricted_search,350,reference,38,0.006433477517177989,xavier,298.0
4035,2026-09-01 14:08:51,gate3b_restricted_search,350,reference,39,0.006307886278774615,xavier,526.0
4036,2026-09-01 14:08:51,gate3b_restricted_search,350,cold,0,0.0017826497151386949,xavier,1600.0
4037,2026-09-01 14:08:52,gate3b_restricted_search,350,cold,1,0.0002755926764027377,orthogonal,1600.0
4038,2026-09-01 14:08:53,gate3b_restricted_search,350,cold,2,0.0015498955191377143,orthogonal,1600.0
4039,2026-09-01 14:08:53,gate3b_restricted_search,350,cold,3,0.00041054120168588934,xavier,1600.0
4040,2026-09-01 14:08:54,gate3b_restricted_search,350,cold,4,0.001786135519762597,xavier,1600.0
4041,2026-09-01 14:08:54,gate3b_restricted_search,350,cold,5,0.025248390936171015,xavier,497.0
4042,2026-09-01 14:08:55,gate3b_restricted_search,350,cold,6,0.04257625486011382,xavier,671.0
4043,2026-09-01 14:08:55,gate3b_restricted_search,350,cold,7,0.0003232148147351276,xavier,1600.0
4044,2026-09-01 14:08:56,gate3b_restricted_search,350,cold,8,0.07475987911298648,he,1600.0
4045,2026-09-01 14:08:56,gate3b_restricted_search,350,cold,9,0.011468398705751582,xavier,298.0
4046,2026-09-01 14:08:56,gate3b_restricted_search,350,cold,10,0.013520030930076584,he,528.0
4047,2026-09-01 14:08:57,gate3b_restricted_search,350,cold,11,0.010686274357222558,xavier,298.0
4048,2026-09-01 14:08:57,gate3b_restricted_search,350,cold,12,0.008383069621717622,xavier,298.0
4049,2026-09-01 14:08:57,gate3b_restricted_search,350,cold,13,0.005115637666158399,xavier,526.0
4050,2026-09-01 14:08:57,gate3b_restricted_search,350,cold,14,0.004686025060958061,orthogonal,526.0
4051,2026-09-01 14:08:58,gate3b_restricted_search,350,informed_restricted,0,0.0017826497151386949,xavier,1600.0
4052,2026-09-01 14:08:58,gate3b_restricted_search,350,informed_restricted,1,0.01448683388723935,xavier,485.0
4053,2026-09-01 14:08:59,gate3b_restricted_search,350,informed_restricted,2,0.00010007903854383786,xavier,1600.0
4054,2026-09-01 14:08:59,gate3b_restricted_search,350,informed_restricted,3,0.0008072307884499761,xavier,1600.0
4055,2026-09-01 14:09:00,gate3b_restricted_search,350,informed_restricted,4,0.0002755926764027377,xavier,1600.0
4056,2026-09-01 14:09:01,gate3b_restricted_search,350,informed_restricted,5,0.00018924123965722266,xavier,1600.0
4057,2026-09-01 14:09:01,gate3b_restricted_search,350,informed_restricted,6,0.0003620600725744741,xavier,1600.0
4058,2026-09-01 14:09:02,gate3b_restricted_search,350,informed_restricted,7,0.001088133500363589,xavier,1600.0
4059,2026-09-01 14:09:02,gate3b_restricted_search,350,informed_restricted,8,0.0015498955191377143,xavier,1600.0
4060,2026-09-01 14:09:03,gate3b_restricted_search,350,informed_restricted,9,0.00413475900783472,xavier,741.0
4061,2026-09-01 14:09:03,gate3b_restricted_search,350,informed_restricted,10,0.09290791998691832,xavier,1600.0
4062,2026-09-01 14:09:04,gate3b_restricted_search,350,informed_restricted,11,0.011930383561222451,xavier,526.0
4063,2026-09-01 14:09:04,gate3b_restricted_search,350,informed_restricted,12,0.016535107145461723,xavier,497.0
4064,2026-09-01 14:09:04,gate3b_restricted_search,350,informed_restricted,13,0.022446911961699983,xavier,467.0
4065,2026-09-01 14:09:05,gate3b_restricted_search,350,informed_restricted,14,0.05068980043440563,xavier,571.0
4066,2026-09-01 14:09:05,gate3b_restricted_search,350,universal_restricted,0,0.0017826497151386949,xavier,1600.0
4067,2026-09-01 14:09:06,gate3b_restricted_search,350,universal_restricted,1,0.01448683388723935,xavier,485.0
4068,2026-09-01 14:09:06,gate3b_restricted_search,350,universal_restricted,2,0.00010007903854383786,xavier,1600.0
4069,2026-09-01 14:09:07,gate3b_restricted_search,350,universal_restricted,3,0.0008072307884499761,xavier,1600.0
4070,2026-09-01 14:09:07,gate3b_restricted_search,350,universal_restricted,4,0.0002755926764027377,xavier,1600.0
4071,2026-09-01 14:09:08,gate3b_restricted_search,350,universal_restricted,5,0.00018924123965722266,xavier,1600.0
4072,2026-09-01 14:09:08,gate3b_restricted_search,350,universal_restricted,6,0.0003620600725744741,xavier,1600.0
4073,2026-09-01 14:09:09,gate3b_restricted_search,350,universal_restricted,7,0.001088133500363589,xavier,1600.0
4074,2026-09-01 14:09:09,gate3b_restricted_search,350,universal_restricted,8,0.0015498955191377143,xavier,1600.0
4075,2026-09-01 14:09:10,gate3b_restricted_search,350,universal_restricted,9,0.00413475900783472,xavier,741.0
4076,2026-09-01 14:09:10,gate3b_restricted_search,350,universal_restricted,10,0.09290791998691832,xavier,1600.0
4077,2026-09-01 14:09:11,gate3b_restricted_search,350,universal_restricted,11,0.011930383561222451,xavier,526.0
4078,2026-09-01 14:09:11,gate3b_restricted_search,350,universal_restricted,12,0.016535107145461723,xavier,497.0
4079,2026-09-01 14:09:11,gate3b_restricted_search,350,universal_restricted,13,0.022446911961699983,xavier,467.0
4080,2026-09-01 14:09:12,gate3b_restricted_search,350,universal_restricted,14,0.05068980043440563,xavier,571.0
4081,2026-09-01 14:09:12,gate3b_restricted_search,352,reference,0,0.004430375245218269,xavier,18.0
4082,2026-09-01 14:09:12,gate3b_restricted_search,352,reference,1,0.0018662266976517971,orthogonal,43.0
4083,2026-09-01 14:09:12,gate3b_restricted_search,352,reference,2,0.07780155576901421,he,25.0
4084,2026-09-01 14:09:12,gate3b_restricted_search,352,reference,3,0.005059803874660437,xavier,16.0
4085,2026-09-01 14:09:12,gate3b_restricted_search,352,reference,4,0.00011498870747119459,orthogonal,575.0
4086,2026-09-01 14:09:12,gate3b_restricted_search,352,reference,5,0.08626905220714905,xavier,22.0
4087,2026-09-01 14:09:13,gate3b_restricted_search,352,reference,6,0.00022637229697395497,orthogonal,293.0
4088,2026-09-01 14:09:13,gate3b_restricted_search,352,reference,7,0.0036774346621052147,orthogonal,20.0
4089,2026-09-01 14:09:13,gate3b_restricted_search,352,reference,8,0.0023358825194833557,orthogonal,33.0
4090,2026-09-01 14:09:13,gate3b_restricted_search,352,reference,9,0.006859416411328701,he,17.0
4091,2026-09-01 14:09:13,gate3b_restricted_search,352,reference,10,0.019907506982928588,he,21.0
4092,2026-09-01 14:09:13,gate3b_restricted_search,352,reference,11,0.015641764792823365,xavier,14.0
4093,2026-09-01 14:09:13,gate3b_restricted_search,352,reference,12,0.016044606150810846,he,13.0
4094,2026-09-01 14:09:13,gate3b_restricted_search,352,reference,13,0.020527514539894275,he,21.0
4095,2026-09-01 14:09:13,gate3b_restricted_search,352,reference,14,0.019669107342876396,xavier,11.0
4096,2026-09-01 14:09:13,gate3b_restricted_search,352,reference,15,0.0009819138470149968,he,66.0
4097,2026-09-01 14:09:13,gate3b_restricted_search,352,reference,16,0.030028828439928268,xavier,18.0
4098,2026-09-01 14:09:13,gate3b_restricted_search,352,reference,17,0.00996144653002124,he,18.0
4099,2026-09-01 14:09:13,gate3b_restricted_search,352,reference,18,0.038257970097687354,xavier,13.0
4100,2026-09-01 14:09:13,gate3b_restricted_search,352,reference,19,0.04049803968429553,xavier,13.0
4101,2026-09-01 14:09:13,gate3b_restricted_search,352,reference,20,0.04151582560533646,xavier,13.0
4102,2026-09-01 14:09:13,gate3b_restricted_search,352,reference,21,0.011566231461441423,xavier,15.0
4103,2026-09-01 14:09:13,gate3b_restricted_search,352,reference,22,0.048085150310330595,xavier,13.0
4104,2026-09-01 14:09:13,gate3b_restricted_search,352,reference,23,0.021614325516191583,xavier,11.0
4105,2026-09-01 14:09:13,gate3b_restricted_search,352,reference,24,0.02902610341907643,xavier,21.0
4106,2026-09-01 14:09:13,gate3b_restricted_search,352,reference,25,0.008603094778712569,xavier,18.0
4107,2026-09-01 14:09:13,gate3b_restricted_search,352,reference,26,0.06468918350767947,xavier,18.0
4108,2026-09-01 14:09:13,gate3b_restricted_search,352,reference,27,0.0007345086457680683,xavier,92.0
4109,2026-09-01 14:09:13,gate3b_restricted_search,352,reference,28,0.026586773885307467,xavier,21.0
4110,2026-09-01 14:09:13,gate3b_restricted_search,352,reference,29,0.052595128510448313,xavier,13.0
4111,2026-09-01 14:09:13,gate3b_restricted_search,352,reference,30,0.09865659655619732,xavier,26.0
4112,2026-09-01 14:09:13,gate3b_restricted_search,352,reference,31,0.014198006933332615,he,13.0
4113,2026-09-01 14:09:13,gate3b_restricted_search,352,reference,32,0.0058894558685000115,he,21.0
4114,2026-09-01 14:09:13,gate3b_restricted_search,352,reference,33,0.01852427761602949,xavier,11.0
4115,2026-09-01 14:09:13,gate3b_restricted_search,352,reference,34,0.0036290075845413264,xavier,20.0
4116,2026-09-01 14:09:13,gate3b_restricted_search,352,reference,35,0.02673433214960627,xavier,21.0
4117,2026-09-01 14:09:13,gate3b_restricted_search,352,reference,36,0.009829134122537886,xavier,17.0
4118,2026-09-01 14:09:13,gate3b_restricted_search,352,reference,37,0.035022679972030256,xavier,21.0
4119,2026-09-01 14:09:13,gate3b_restricted_search,352,reference,38,0.07483838267021765,orthogonal,25.0
4120,2026-09-01 14:09:13,gate3b_restricted_search,352,reference,39,0.019850595573844353,xavier,11.0
4121,2026-09-01 14:09:13,gate3b_restricted_search,352,cold,0,0.0017826497151386949,xavier,39.0
4122,2026-09-01 14:09:14,gate3b_restricted_search,352,cold,1,0.0002755926764027377,orthogonal,252.0
4123,2026-09-01 14:09:14,gate3b_restricted_search,352,cold,2,0.0015498955191377143,orthogonal,43.0
4124,2026-09-01 14:09:14,gate3b_restricted_search,352,cold,3,0.00041054120168588934,xavier,154.0
4125,2026-09-01 14:09:14,gate3b_restricted_search,352,cold,4,0.001786135519762597,xavier,39.0
4126,2026-09-01 14:09:14,gate3b_restricted_search,352,cold,5,0.025248390936171015,xavier,23.0
4127,2026-09-01 14:09:14,gate3b_restricted_search,352,cold,6,0.04257625486011382,xavier,13.0
4128,2026-09-01 14:09:14,gate3b_restricted_search,352,cold,7,0.0003232148147351276,xavier,181.0
4129,2026-09-01 14:09:14,gate3b_restricted_search,352,cold,8,0.07475987911298648,he,25.0
4130,2026-09-01 14:09:14,gate3b_restricted_search,352,cold,9,0.011468398705751582,xavier,15.0
4131,2026-09-01 14:09:14,gate3b_restricted_search,352,cold,10,0.09344501034181055,he,33.0
4132,2026-09-01 14:09:14,gate3b_restricted_search,352,cold,11,0.010686274357222558,xavier,16.0
4133,2026-09-01 14:09:14,gate3b_restricted_search,352,cold,12,0.011001133191439064,xavier,15.0
4134,2026-09-01 14:09:14,gate3b_restricted_search,352,cold,13,0.02262016608435779,xavier,11.0
4135,2026-09-01 14:09:14,gate3b_restricted_search,352,cold,14,0.029536192121405676,orthogonal,18.0
4136,2026-09-01 14:09:14,gate3b_restricted_search,352,informed_restricted,0,0.0017826497151386949,he,38.0
4137,2026-09-01 14:09:14,gate3b_restricted_search,352,informed_restricted,1,0.01448683388723935,he,13.0
4138,2026-09-01 14:09:15,gate3b_restricted_search,352,informed_restricted,2,0.00010007903854383786,he,575.0
4139,2026-09-01 14:09:15,gate3b_restricted_search,352,informed_restricted,3,0.0008072307884499761,he,66.0
4140,2026-09-01 14:09:15,gate3b_restricted_search,352,informed_restricted,4,0.0002755926764027377,he,224.0
4141,2026-09-01 14:09:15,gate3b_restricted_search,352,informed_restricted,5,0.00018924123965722266,he,327.0
4142,2026-09-01 14:09:15,gate3b_restricted_search,352,informed_restricted,6,0.0003620600725744741,he,154.0
4143,2026-09-01 14:09:15,gate3b_restricted_search,352,informed_restricted,7,0.001088133500363589,he,66.0
4144,2026-09-01 14:09:15,gate3b_restricted_search,352,informed_restricted,8,0.0015498955191377143,he,53.0
4145,2026-09-01 14:09:15,gate3b_restricted_search,352,informed_restricted,9,0.00413475900783472,he,25.0
4146,2026-09-01 14:09:15,gate3b_restricted_search,352,informed_restricted,10,0.09290791998691832,he,33.0
4147,2026-09-01 14:09:15,gate3b_restricted_search,352,informed_restricted,11,0.011930383561222451,he,20.0
4148,2026-09-01 14:09:15,gate3b_restricted_search,352,informed_restricted,12,0.016535107145461723,he,13.0
4149,2026-09-01 14:09:15,gate3b_restricted_search,352,informed_restricted,13,0.022446911961699983,he,21.0
4150,2026-09-01 14:09:15,gate3b_restricted_search,352,informed_restricted,14,0.02354874493860281,he,22.0
4151,2026-09-01 14:09:15,gate3b_restricted_search,352,universal_restricted,0,0.0017826497151386949,xavier,39.0
4152,2026-09-01 14:09:15,gate3b_restricted_search,352,universal_restricted,1,0.01448683388723935,xavier,14.0
4153,2026-09-01 14:09:16,gate3b_restricted_search,352,universal_restricted,2,0.00010007903854383786,xavier,545.0
4154,2026-09-01 14:09:16,gate3b_restricted_search,352,universal_restricted,3,0.0008072307884499761,xavier,76.0
4155,2026-09-01 14:09:16,gate3b_restricted_search,352,universal_restricted,4,0.0002755926764027377,xavier,224.0
4156,2026-09-01 14:09:16,gate3b_restricted_search,352,universal_restricted,5,0.00018924123965722266,xavier,293.0
4157,2026-09-01 14:09:16,gate3b_restricted_search,352,universal_restricted,6,0.0003620600725744741,xavier,169.0
4158,2026-09-01 14:09:16,gate3b_restricted_search,352,universal_restricted,7,0.001088133500363589,xavier,55.0
4159,2026-09-01 14:09:16,gate3b_restricted_search,352,universal_restricted,8,0.0015498955191377143,xavier,43.0
4160,2026-09-01 14:09:16,gate3b_restricted_search,352,universal_restricted,9,0.00413475900783472,xavier,18.0
4161,2026-09-01 14:09:16,gate3b_restricted_search,352,universal_restricted,10,0.09290791998691832,xavier,26.0
4162,2026-09-01 14:09:17,gate3b_restricted_search,352,universal_restricted,11,0.011930383561222451,xavier,15.0
4163,2026-09-01 14:09:17,gate3b_restricted_search,352,universal_restricted,12,0.016535107145461723,xavier,13.0
4164,2026-09-01 14:09:17,gate3b_restricted_search,352,universal_restricted,13,0.022446911961699983,xavier,11.0
4165,2026-09-01 14:09:17,gate3b_restricted_search,352,universal_restricted,14,0.05068980043440563,xavier,13.0
4166,2026-09-01 14:09:17,gate3b_restricted_search,358,reference,0,0.004430375245218269,xavier,17.0
4167,2026-09-01 14:09:17,gate3b_restricted_search,358,reference,1,0.0018662266976517971,orthogonal,57.0
4168,2026-09-01 14:09:17,gate3b_restricted_search,358,reference,2,0.07780155576901421,he,19.0
4169,2026-09-01 14:09:17,gate3b_restricted_search,358,reference,3,0.005059803874660437,xavier,18.0
4170,2026-09-01 14:09:17,gate3b_restricted_search,358,reference,4,0.00011498870747119459,orthogonal,658.0
4171,2026-09-01 14:09:17,gate3b_restricted_search,358,reference,5,0.08626905220714905,xavier,12.0
4172,2026-09-01 14:09:18,gate3b_restricted_search,358,reference,6,0.00022637229697395497,orthogonal,316.0
4173,2026-09-01 14:09:18,gate3b_restricted_search,358,reference,7,0.0036774346621052147,orthogonal,40.0
4174,2026-09-01 14:09:18,gate3b_restricted_search,358,reference,8,0.0023358825194833557,orthogonal,31.0
4175,2026-09-01 14:09:18,gate3b_restricted_search,358,reference,9,0.006859416411328701,he,20.0
4176,2026-09-01 14:09:18,gate3b_restricted_search,358,reference,10,0.07162629642639848,xavier,18.0
4177,2026-09-01 14:09:18,gate3b_restricted_search,358,reference,11,0.022541989102962234,xavier,24.0
4178,2026-09-01 14:09:18,gate3b_restricted_search,358,reference,12,0.0006091769132837322,xavier,109.0
4179,2026-09-01 14:09:18,gate3b_restricted_search,358,reference,13,0.018616233327309134,xavier,27.0
4180,2026-09-01 14:09:18,gate3b_restricted_search,358,reference,14,0.021178889448851296,xavier,26.0
4181,2026-09-01 14:09:18,gate3b_restricted_search,358,reference,15,0.000868992629602001,xavier,77.0
4182,2026-09-01 14:09:18,gate3b_restricted_search,358,reference,16,0.012115281726069748,xavier,16.0
4183,2026-09-01 14:09:18,gate3b_restricted_search,358,reference,17,0.043476247035523566,he,19.0
4184,2026-09-01 14:09:18,gate3b_restricted_search,358,reference,18,0.0008060963788215876,xavier,82.0
4185,2026-09-01 14:09:18,gate3b_restricted_search,358,reference,19,0.00900148471559374,xavier,21.0
4186,2026-09-01 14:09:18,gate3b_restricted_search,358,reference,20,0.04151582560533646,he,19.0
4187,2026-09-01 14:09:18,gate3b_restricted_search,358,reference,21,0.011958210021221794,xavier,16.0
4188,2026-09-01 14:09:18,gate3b_restricted_search,358,reference,22,0.0027499130676025664,xavier,25.0
4189,2026-09-01 14:09:18,gate3b_restricted_search,358,reference,23,0.01176382939068189,xavier,16.0
4190,2026-09-01 14:09:18,gate3b_restricted_search,358,reference,24,0.03885170070521429,xavier,18.0
4191,2026-09-01 14:09:18,gate3b_restricted_search,358,reference,25,0.08927923084080891,xavier,12.0
4192,2026-09-01 14:09:18,gate3b_restricted_search,358,reference,26,0.0854861132872439,xavier,12.0
4193,2026-09-01 14:09:18,gate3b_restricted_search,358,reference,27,0.09268366821339347,xavier,12.0
4194,2026-09-01 14:09:18,gate3b_restricted_search,358,reference,28,0.05283364231185613,he,18.0
4195,2026-09-01 14:09:18,gate3b_restricted_search,358,reference,29,0.0921955921866062,xavier,12.0
4196,2026-09-01 14:09:18,gate3b_restricted_search,358,reference,30,0.0505797804909387,xavier,16.0
4197,2026-09-01 14:09:18,gate3b_restricted_search,358,reference,31,0.09613786595209992,xavier,16.0
4198,2026-09-01 14:09:18,gate3b_restricted_search,358,reference,32,0.029437822490794133,xavier,15.0
4199,2026-09-01 14:09:18,gate3b_restricted_search,358,reference,33,0.06641563745179811,xavier,20.0
4200,2026-09-01 14:09:18,gate3b_restricted_search,358,reference,34,0.09857077748405045,xavier,19.0
4201,2026-09-01 14:09:18,gate3b_restricted_search,358,reference,35,0.02892841059522979,xavier,15.0
4202,2026-09-01 14:09:18,gate3b_restricted_search,358,reference,36,0.061270876271241295,orthogonal,26.0
4203,2026-09-01 14:09:18,gate3b_restricted_search,358,reference,37,0.06617076794780571,xavier,20.0
4204,2026-09-01 14:09:18,gate3b_restricted_search,358,reference,38,0.04041913048405839,orthogonal,17.0
4205,2026-09-01 14:09:18,gate3b_restricted_search,358,reference,39,0.030127717310378634,he,26.0
4206,2026-09-01 14:09:18,gate3b_restricted_search,358,cold,0,0.0017826497151386949,xavier,31.0
4207,2026-09-01 14:09:19,gate3b_restricted_search,358,cold,1,0.0002755926764027377,orthogonal,271.0
4208,2026-09-01 14:09:19,gate3b_restricted_search,358,cold,2,0.0015498955191377143,orthogonal,61.0
4209,2026-09-01 14:09:19,gate3b_restricted_search,358,cold,3,0.00041054120168588934,xavier,146.0
4210,2026-09-01 14:09:19,gate3b_restricted_search,358,cold,4,0.001786135519762597,xavier,31.0
4211,2026-09-01 14:09:19,gate3b_restricted_search,358,cold,5,0.025248390936171015,xavier,13.0
4212,2026-09-01 14:09:19,gate3b_restricted_search,358,cold,6,0.04257625486011382,xavier,16.0
4213,2026-09-01 14:09:19,gate3b_restricted_search,358,cold,7,0.0003232148147351276,xavier,186.0
4214,2026-09-01 14:09:19,gate3b_restricted_search,358,cold,8,0.07475987911298648,he,18.0
4215,2026-09-01 14:09:19,gate3b_restricted_search,358,cold,9,0.011468398705751582,xavier,16.0
4216,2026-09-01 14:09:19,gate3b_restricted_search,358,cold,10,0.014576193863035302,he,26.0
4217,2026-09-01 14:09:19,gate3b_restricted_search,358,cold,11,0.010686274357222558,xavier,9.0
4218,2026-09-01 14:09:19,gate3b_restricted_search,358,cold,12,0.010436194123643504,xavier,9.0
4219,2026-09-01 14:09:19,gate3b_restricted_search,358,cold,13,0.006110077889886591,xavier,13.0
4220,2026-09-01 14:09:19,gate3b_restricted_search,358,cold,14,0.0056029514616155575,orthogonal,29.0
4221,2026-09-01 14:09:19,gate3b_restricted_search,358,informed_restricted,0,0.0017826497151386949,orthogonal,57.0
4222,2026-09-01 14:09:19,gate3b_restricted_search,358,informed_restricted,1,0.01448683388723935,orthogonal,16.0
4223,2026-09-01 14:09:20,gate3b_restricted_search,358,informed_restricted,2,0.00010007903854383786,orthogonal,800.0
4224,2026-09-01 14:09:20,gate3b_restricted_search,358,informed_restricted,3,0.0008072307884499761,orthogonal,110.0
4225,2026-09-01 14:09:20,gate3b_restricted_search,358,informed_restricted,4,0.0002755926764027377,orthogonal,271.0
4226,2026-09-01 14:09:20,gate3b_restricted_search,358,informed_restricted,5,0.00018924123965722266,orthogonal,401.0
4227,2026-09-01 14:09:21,gate3b_restricted_search,358,informed_restricted,6,0.0003620600725744741,orthogonal,239.0
4228,2026-09-01 14:09:21,gate3b_restricted_search,358,informed_restricted,7,0.001088133500363589,orthogonal,88.0
4229,2026-09-01 14:09:21,gate3b_restricted_search,358,informed_restricted,8,0.0015498955191377143,orthogonal,61.0
4230,2026-09-01 14:09:21,gate3b_restricted_search,358,informed_restricted,9,0.00413475900783472,orthogonal,39.0
4231,2026-09-01 14:09:21,gate3b_restricted_search,358,informed_restricted,10,0.09290791998691832,orthogonal,16.0
4232,2026-09-01 14:09:21,gate3b_restricted_search,358,informed_restricted,11,0.07785058870653301,orthogonal,25.0
4233,2026-09-01 14:09:21,gate3b_restricted_search,358,informed_restricted,12,0.0797234062203645,orthogonal,20.0
4234,2026-09-01 14:09:21,gate3b_restricted_search,358,informed_restricted,13,0.017223705768801514,orthogonal,23.0
4235,2026-09-01 14:09:21,gate3b_restricted_search,358,informed_restricted,14,0.02354874493860281,orthogonal,26.0
4236,2026-09-01 14:09:21,gate3b_restricted_search,358,universal_restricted,0,0.0017826497151386949,xavier,31.0
4237,2026-09-01 14:09:21,gate3b_restricted_search,358,universal_restricted,1,0.01448683388723935,xavier,24.0
4238,2026-09-01 14:09:21,gate3b_restricted_search,358,universal_restricted,2,0.00010007903854383786,xavier,551.0
4239,2026-09-01 14:09:21,gate3b_restricted_search,358,universal_restricted,3,0.0008072307884499761,xavier,82.0
4240,2026-09-01 14:09:22,gate3b_restricted_search,358,universal_restricted,4,0.0002755926764027377,xavier,220.0
4241,2026-09-01 14:09:22,gate3b_restricted_search,358,universal_restricted,5,0.00018924123965722266,xavier,316.0
4242,2026-09-01 14:09:22,gate3b_restricted_search,358,universal_restricted,6,0.0003620600725744741,xavier,178.0
4243,2026-09-01 14:09:22,gate3b_restricted_search,358,universal_restricted,7,0.001088133500363589,xavier,62.0
4244,2026-09-01 14:09:22,gate3b_restricted_search,358,universal_restricted,8,0.0015498955191377143,xavier,42.0
4245,2026-09-01 14:09:22,gate3b_restricted_search,358,universal_restricted,9,0.00413475900783472,xavier,20.0
4246,2026-09-01 14:09:22,gate3b_restricted_search,358,universal_restricted,10,0.09087528393867092,xavier,12.0
4247,2026-09-01 14:09:22,gate3b_restricted_search,358,universal_restricted,11,0.08730128480570899,xavier,12.0
4248,2026-09-01 14:09:22,gate3b_restricted_search,358,universal_restricted,12,0.0797234062203645,xavier,13.0
4249,2026-09-01 14:09:22,gate3b_restricted_search,358,universal_restricted,13,0.09182660868186439,xavier,12.0
4250,2026-09-01 14:09:22,gate3b_restricted_search,358,universal_restricted,14,0.028706522045155586,xavier,15.0
4251,2026-09-01 14:09:22,gate3b_restricted_search,360,reference,0,0.004430375245218269,xavier,264.0
4252,2026-09-01 14:09:23,gate3b_restricted_search,360,reference,1,0.0018662266976517971,orthogonal,378.0
4253,2026-09-01 14:09:23,gate3b_restricted_search,360,reference,2,0.07780155576901421,he,183.0
4254,2026-09-01 14:09:23,gate3b_restricted_search,360,reference,3,0.005059803874660437,xavier,171.0
4255,2026-09-01 14:09:24,gate3b_restricted_search,360,reference,4,0.00011498870747119459,orthogonal,1600.0
4256,2026-09-01 14:09:24,gate3b_restricted_search,360,reference,5,0.08626905220714905,xavier,101.0
4257,2026-09-01 14:09:24,gate3b_restricted_search,360,reference,6,0.00022637229697395497,orthogonal,1600.0
4258,2026-09-01 14:09:24,gate3b_restricted_search,360,reference,7,0.0036774346621052147,orthogonal,228.0
4259,2026-09-01 14:09:25,gate3b_restricted_search,360,reference,8,0.0023358825194833557,orthogonal,365.0
4260,2026-09-01 14:09:25,gate3b_restricted_search,360,reference,9,0.006859416411328701,he,204.0
4261,2026-09-01 14:09:25,gate3b_restricted_search,360,reference,10,0.07162629642639848,xavier,167.0
4262,2026-09-01 14:09:25,gate3b_restricted_search,360,reference,11,0.07216635702812188,xavier,90.0
4263,2026-09-01 14:09:25,gate3b_restricted_search,360,reference,12,0.02365310875574803,xavier,91.0
4264,2026-09-01 14:09:25,gate3b_restricted_search,360,reference,13,0.020527514539894275,xavier,111.0
4265,2026-09-01 14:09:25,gate3b_restricted_search,360,reference,14,0.02209602882602117,xavier,111.0
4266,2026-09-01 14:09:25,gate3b_restricted_search,360,reference,15,0.028127053312681064,xavier,111.0
4267,2026-09-01 14:09:25,gate3b_restricted_search,360,reference,16,0.014058714181318968,xavier,111.0
4268,2026-09-01 14:09:25,gate3b_restricted_search,360,reference,17,0.04079563299530146,he,111.0
4269,2026-09-01 14:09:26,gate3b_restricted_search,360,reference,18,0.011109014229826564,xavier,111.0
4270,2026-09-01 14:09:26,gate3b_restricted_search,360,reference,19,0.0010503533449916396,xavier,462.0
4271,2026-09-01 14:09:26,gate3b_restricted_search,360,reference,20,0.04151582560533646,he,138.0
4272,2026-09-01 14:09:26,gate3b_restricted_search,360,reference,21,0.09397627525560069,xavier,151.0
4273,2026-09-01 14:09:26,gate3b_restricted_search,360,reference,22,0.04787039507551905,xavier,90.0
4274,2026-09-01 14:09:26,gate3b_restricted_search,360,reference,23,0.04441783371431101,xavier,111.0
4275,2026-09-01 14:09:26,gate3b_restricted_search,360,reference,24,0.0117454931758628,xavier,111.0
4276,2026-09-01 14:09:26,gate3b_restricted_search,360,reference,25,0.04739479484695634,xavier,90.0
4277,2026-09-01 14:09:26,gate3b_restricted_search,360,reference,26,0.03190290582599169,xavier,121.0
4278,2026-09-01 14:09:27,gate3b_restricted_search,360,reference,27,0.01599723857152654,xavier,99.0
4279,2026-09-01 14:09:27,gate3b_restricted_search,360,reference,28,0.009464902744131677,xavier,141.0
4280,2026-09-01 14:09:27,gate3b_restricted_search,360,reference,29,0.056767993125452415,he,151.0
4281,2026-09-01 14:09:27,gate3b_restricted_search,360,reference,30,0.02524028076543575,xavier,111.0
4282,2026-09-01 14:09:27,gate3b_restricted_search,360,reference,31,0.056946555205867576,xavier,111.0
4283,2026-09-01 14:09:27,gate3b_restricted_search,360,reference,32,0.03553767995626418,xavier,111.0
4284,2026-09-01 14:09:27,gate3b_restricted_search,360,reference,33,0.09906886290167924,xavier,151.0
4285,2026-09-01 14:09:27,gate3b_restricted_search,360,reference,34,0.053965633773918976,xavier,111.0
4286,2026-09-01 14:09:27,gate3b_restricted_search,360,reference,35,0.018525591203185914,xavier,111.0
4287,2026-09-01 14:09:27,gate3b_restricted_search,360,reference,36,0.00750365737451602,orthogonal,171.0
4288,2026-09-01 14:09:28,gate3b_restricted_search,360,reference,37,0.0646196686060776,xavier,151.0
4289,2026-09-01 14:09:28,gate3b_restricted_search,360,reference,38,0.02911494702990105,he,106.0
4290,2026-09-01 14:09:28,gate3b_restricted_search,360,reference,39,0.0005329200247232395,orthogonal,1600.0
4291,2026-09-01 14:09:28,gate3b_restricted_search,360,cold,0,0.0017826497151386949,xavier,195.0
4292,2026-09-01 14:09:29,gate3b_restricted_search,360,cold,1,0.0002755926764027377,orthogonal,1600.0
4293,2026-09-01 14:09:29,gate3b_restricted_search,360,cold,2,0.0015498955191377143,orthogonal,378.0
4294,2026-09-01 14:09:30,gate3b_restricted_search,360,cold,3,0.00041054120168588934,xavier,1600.0
4295,2026-09-01 14:09:30,gate3b_restricted_search,360,cold,4,0.001786135519762597,xavier,195.0
4296,2026-09-01 14:09:30,gate3b_restricted_search,360,cold,5,0.025248390936171015,xavier,111.0
4297,2026-09-01 14:09:30,gate3b_restricted_search,360,cold,6,0.04257625486011382,xavier,111.0
4298,2026-09-01 14:09:31,gate3b_restricted_search,360,cold,7,0.0003232148147351276,xavier,1600.0
4299,2026-09-01 14:09:31,gate3b_restricted_search,360,cold,8,0.07475987911298648,he,151.0
4300,2026-09-01 14:09:31,gate3b_restricted_search,360,cold,9,0.011468398705751582,xavier,111.0
4301,2026-09-01 14:09:31,gate3b_restricted_search,360,cold,10,0.014576193863035302,he,121.0
4302,2026-09-01 14:09:31,gate3b_restricted_search,360,cold,11,0.010686274357222558,xavier,111.0
4303,2026-09-01 14:09:31,gate3b_restricted_search,360,cold,12,0.012490731612965383,xavier,111.0
4304,2026-09-01 14:09:31,gate3b_restricted_search,360,cold,13,0.02373922934121738,xavier,91.0
4305,2026-09-01 14:09:31,gate3b_restricted_search,360,cold,14,0.030266230252587803,orthogonal,130.0
4306,2026-09-01 14:09:31,gate3b_restricted_search,360,informed_restricted,0,0.0017826497151386949,xavier,195.0
4307,2026-09-01 14:09:31,gate3b_restricted_search,360,informed_restricted,1,0.01448683388723935,xavier,93.0
4308,2026-09-01 14:09:32,gate3b_restricted_search,360,informed_restricted,2,0.00010007903854383786,xavier,1600.0
4309,2026-09-01 14:09:32,gate3b_restricted_search,360,informed_restricted,3,0.0008072307884499761,xavier,612.0
4310,2026-09-01 14:09:33,gate3b_restricted_search,360,informed_restricted,4,0.0002755926764027377,xavier,1600.0
4311,2026-09-01 14:09:34,gate3b_restricted_search,360,informed_restricted,5,0.00018924123965722266,xavier,1600.0
4312,2026-09-01 14:09:34,gate3b_restricted_search,360,informed_restricted,6,0.0003620600725744741,xavier,1600.0
4313,2026-09-01 14:09:34,gate3b_restricted_search,360,informed_restricted,7,0.001088133500363589,xavier,462.0
4314,2026-09-01 14:09:35,gate3b_restricted_search,360,informed_restricted,8,0.0015498955191377143,xavier,336.0
4315,2026-09-01 14:09:35,gate3b_restricted_search,360,informed_restricted,9,0.00413475900783472,xavier,264.0
4316,2026-09-01 14:09:35,gate3b_restricted_search,360,informed_restricted,10,0.09290791998691832,xavier,160.0
4317,2026-09-01 14:09:35,gate3b_restricted_search,360,informed_restricted,11,0.07785058870653301,xavier,175.0
4318,2026-09-01 14:09:35,gate3b_restricted_search,360,informed_restricted,12,0.0797234062203645,xavier,137.0
4319,2026-09-01 14:09:35,gate3b_restricted_search,360,informed_restricted,13,0.01780718886107045,xavier,111.0
4320,2026-09-01 14:09:35,gate3b_restricted_search,360,informed_restricted,14,0.01553710788150454,xavier,99.0
4321,2026-09-01 14:09:36,gate3b_restricted_search,360,universal_restricted,0,0.0017826497151386949,xavier,195.0
4322,2026-09-01 14:09:36,gate3b_restricted_search,360,universal_restricted,1,0.01448683388723935,xavier,93.0
4323,2026-09-01 14:09:36,gate3b_restricted_search,360,universal_restricted,2,0.00010007903854383786,xavier,1600.0
4324,2026-09-01 14:09:37,gate3b_restricted_search,360,universal_restricted,3,0.0008072307884499761,xavier,612.0
4325,2026-09-01 14:09:37,gate3b_restricted_search,360,universal_restricted,4,0.0002755926764027377,xavier,1600.0
4326,2026-09-01 14:09:38,gate3b_restricted_search,360,universal_restricted,5,0.00018924123965722266,xavier,1600.0
4327,2026-09-01 14:09:38,gate3b_restricted_search,360,universal_restricted,6,0.0003620600725744741,xavier,1600.0
4328,2026-09-01 14:09:38,gate3b_restricted_search,360,universal_restricted,7,0.001088133500363589,xavier,462.0
4329,2026-09-01 14:09:39,gate3b_restricted_search,360,universal_restricted,8,0.0015498955191377143,xavier,336.0
4330,2026-09-01 14:09:39,gate3b_restricted_search,360,universal_restricted,9,0.00413475900783472,xavier,264.0
4331,2026-09-01 14:09:39,gate3b_restricted_search,360,universal_restricted,10,0.09290791998691832,xavier,160.0
4332,2026-09-01 14:09:39,gate3b_restricted_search,360,universal_restricted,11,0.07785058870653301,xavier,175.0
4333,2026-09-01 14:09:39,gate3b_restricted_search,360,universal_restricted,12,0.0797234062203645,xavier,137.0
4334,2026-09-01 14:09:39,gate3b_restricted_search,360,universal_restricted,13,0.01780718886107045,xavier,111.0
4335,2026-09-01 14:09:39,gate3b_restricted_search,360,universal_restricted,14,0.01553710788150454,xavier,99.0
4336,2026-09-01 14:09:40,gate3b_restricted_search,361,reference,0,0.004430375245218269,xavier,49.0
4337,2026-09-01 14:09:40,gate3b_restricted_search,361,reference,1,0.0018662266976517971,orthogonal,87.0
4338,2026-09-01 14:09:40,gate3b_restricted_search,361,reference,2,0.07780155576901421,he,37.0
4339,2026-09-01 14:09:40,gate3b_restricted_search,361,reference,3,0.005059803874660437,xavier,48.0
4340,2026-09-01 14:09:40,gate3b_restricted_search,361,reference,4,0.00011498870747119459,orthogonal,1600.0
4341,2026-09-01 14:09:40,gate3b_restricted_search,361,reference,5,0.08626905220714905,xavier,23.0
4342,2026-09-01 14:09:41,gate3b_restricted_search,361,reference,6,0.00022637229697395497,orthogonal,604.0
4343,2026-09-01 14:09:41,gate3b_restricted_search,361,reference,7,0.0036774346621052147,orthogonal,61.0
4344,2026-09-01 14:09:41,gate3b_restricted_search,361,reference,8,0.0023358825194833557,orthogonal,86.0
4345,2026-09-01 14:09:41,gate3b_restricted_search,361,reference,9,0.006859416411328701,he,34.0
4346,2026-09-01 14:09:41,gate3b_restricted_search,361,reference,10,0.07162629642639848,xavier,22.0
4347,2026-09-01 14:09:41,gate3b_restricted_search,361,reference,11,0.07216635702812188,xavier,22.0
4348,2026-09-01 14:09:41,gate3b_restricted_search,361,reference,12,0.02365310875574803,xavier,33.0
4349,2026-09-01 14:09:41,gate3b_restricted_search,361,reference,13,0.020534207875627673,xavier,31.0
4350,2026-09-01 14:09:41,gate3b_restricted_search,361,reference,14,0.023951753262696922,xavier,33.0
4351,2026-09-01 14:09:41,gate3b_restricted_search,361,reference,15,0.0839033390712048,xavier,23.0
4352,2026-09-01 14:09:41,gate3b_restricted_search,361,reference,16,0.03927811376350381,xavier,17.0
4353,2026-09-01 14:09:41,gate3b_restricted_search,361,reference,17,0.013518767635793709,he,45.0
4354,2026-09-01 14:09:41,gate3b_restricted_search,361,reference,18,0.0393649882569317,xavier,17.0
4355,2026-09-01 14:09:41,gate3b_restricted_search,361,reference,19,0.0377064817545237,xavier,17.0
4356,2026-09-01 14:09:41,gate3b_restricted_search,361,reference,20,0.0009712798508231742,he,199.0
4357,2026-09-01 14:09:41,gate3b_restricted_search,361,reference,21,0.0346617784648399,xavier,26.0
4358,2026-09-01 14:09:41,gate3b_restricted_search,361,reference,22,0.012176809283076757,xavier,31.0
4359,2026-09-01 14:09:41,gate3b_restricted_search,361,reference,23,0.03256892082464625,xavier,24.0
4360,2026-09-01 14:09:41,gate3b_restricted_search,361,reference,24,0.04310280204585248,xavier,17.0
4361,2026-09-01 14:09:41,gate3b_restricted_search,361,reference,25,0.009881219299362408,xavier,33.0
4362,2026-09-01 14:09:41,gate3b_restricted_search,361,reference,26,0.04686210168278048,xavier,16.0
4363,2026-09-01 14:09:42,gate3b_restricted_search,361,reference,27,0.051691216336392946,xavier,16.0
4364,2026-09-01 14:09:42,gate3b_restricted_search,361,reference,28,0.01623849974983659,xavier,20.0
4365,2026-09-01 14:09:42,gate3b_restricted_search,361,reference,29,0.007621858668951522,he,34.0
4366,2026-09-01 14:09:42,gate3b_restricted_search,361,reference,30,0.05363592763558953,xavier,16.0
4367,2026-09-01 14:09:42,gate3b_restricted_search,361,reference,31,0.05148613932623394,xavier,16.0
4368,2026-09-01 14:09:42,gate3b_restricted_search,361,reference,32,0.054600654419172175,xavier,16.0
4369,2026-09-01 14:09:42,gate3b_restricted_search,361,reference,33,0.05786411628054938,xavier,16.0
4370,2026-09-01 14:09:42,gate3b_restricted_search,361,reference,34,0.09794362402053851,xavier,31.0
4371,2026-09-01 14:09:42,gate3b_restricted_search,361,reference,35,0.024965942656061012,xavier,33.0
4372,2026-09-01 14:09:42,gate3b_restricted_search,361,reference,36,0.05930244191065173,orthogonal,23.0
4373,2026-09-01 14:09:42,gate3b_restricted_search,361,reference,37,0.09908621531761982,xavier,33.0
4374,2026-09-01 14:09:42,gate3b_restricted_search,361,reference,38,0.01811709704977533,he,34.0
4375,2026-09-01 14:09:42,gate3b_restricted_search,361,reference,39,0.0005329200247232395,orthogonal,247.0
4376,2026-09-01 14:09:42,gate3b_restricted_search,361,cold,0,0.0017826497151386949,xavier,94.0
4377,2026-09-01 14:09:42,gate3b_restricted_search,361,cold,1,0.0002755926764027377,orthogonal,465.0
4378,2026-09-01 14:09:42,gate3b_restricted_search,361,cold,2,0.0015498955191377143,orthogonal,109.0
4379,2026-09-01 14:09:43,gate3b_restricted_search,361,cold,3,0.00041054120168588934,xavier,358.0
4380,2026-09-01 14:09:43,gate3b_restricted_search,361,cold,4,0.001786135519762597,xavier,94.0
4381,2026-09-01 14:09:43,gate3b_restricted_search,361,cold,5,0.025248390936171015,xavier,33.0
4382,2026-09-01 14:09:43,gate3b_restricted_search,361,cold,6,0.04257625486011382,xavier,17.0
4383,2026-09-01 14:09:43,gate3b_restricted_search,361,cold,7,0.0003232148147351276,xavier,447.0
4384,2026-09-01 14:09:43,gate3b_restricted_search,361,cold,8,0.07475987911298648,he,34.0
4385,2026-09-01 14:09:43,gate3b_restricted_search,361,cold,9,0.011468398705751582,xavier,31.0
4386,2026-09-01 14:09:43,gate3b_restricted_search,361,cold,10,0.09344501034181055,he,40.0
4387,2026-09-01 14:09:43,gate3b_restricted_search,361,cold,11,0.021361236429000122,xavier,31.0
4388,2026-09-01 14:09:43,gate3b_restricted_search,361,cold,12,0.018729908809075033,xavier,31.0
4389,2026-09-01 14:09:43,gate3b_restricted_search,361,cold,13,0.00728316494133813,xavier,37.0
4390,2026-09-01 14:09:43,gate3b_restricted_search,361,cold,14,0.039131135779775145,orthogonal,31.0
4391,2026-09-01 14:09:43,gate3b_restricted_search,361,informed_restricted,0,0.0017826497151386949,orthogonal,89.0
4392,2026-09-01 14:09:43,gate3b_restricted_search,361,informed_restricted,1,0.01448683388723935,orthogonal,30.0
4393,2026-09-01 14:09:44,gate3b_restricted_search,361,informed_restricted,2,0.00010007903854383786,orthogonal,1600.0
4394,2026-09-01 14:09:44,gate3b_restricted_search,361,informed_restricted,3,0.0008072307884499761,orthogonal,172.0
4395,2026-09-01 14:09:44,gate3b_restricted_search,361,informed_restricted,4,0.0002755926764027377,orthogonal,465.0
4396,2026-09-01 14:09:45,gate3b_restricted_search,361,informed_restricted,5,0.00018924123965722266,orthogonal,615.0
4397,2026-09-01 14:09:45,gate3b_restricted_search,361,informed_restricted,6,0.0003620600725744741,orthogonal,358.0
4398,2026-09-01 14:09:45,gate3b_restricted_search,361,informed_restricted,7,0.001088133500363589,orthogonal,107.0
4399,2026-09-01 14:09:45,gate3b_restricted_search,361,informed_restricted,8,0.0015498955191377143,orthogonal,109.0
4400,2026-09-01 14:09:45,gate3b_restricted_search,361,informed_restricted,9,0.00413475900783472,orthogonal,52.0
4401,2026-09-01 14:09:45,gate3b_restricted_search,361,informed_restricted,10,0.09290791998691832,orthogonal,24.0
4402,2026-09-01 14:09:45,gate3b_restricted_search,361,informed_restricted,11,0.07785058870653301,orthogonal,20.0
4403,2026-09-01 14:09:45,gate3b_restricted_search,361,informed_restricted,12,0.0797234062203645,orthogonal,19.0
4404,2026-09-01 14:09:45,gate3b_restricted_search,361,informed_restricted,13,0.09182660868186439,orthogonal,19.0
4405,2026-09-01 14:09:45,gate3b_restricted_search,361,informed_restricted,14,0.02696903578322331,orthogonal,27.0
4406,2026-09-01 14:09:45,gate3b_restricted_search,361,universal_restricted,0,0.0017826497151386949,xavier,94.0
4407,2026-09-01 14:09:46,gate3b_restricted_search,361,universal_restricted,1,0.01448683388723935,xavier,25.0
4408,2026-09-01 14:09:46,gate3b_restricted_search,361,universal_restricted,2,0.00010007903854383786,xavier,1600.0
4409,2026-09-01 14:09:46,gate3b_restricted_search,361,universal_restricted,3,0.0008072307884499761,xavier,186.0
4410,2026-09-01 14:09:47,gate3b_restricted_search,361,universal_restricted,4,0.0002755926764027377,xavier,525.0
4411,2026-09-01 14:09:47,gate3b_restricted_search,361,universal_restricted,5,0.00018924123965722266,xavier,650.0
4412,2026-09-01 14:09:47,gate3b_restricted_search,361,universal_restricted,6,0.0003620600725744741,xavier,447.0
4413,2026-09-01 14:09:47,gate3b_restricted_search,361,universal_restricted,7,0.001088133500363589,xavier,132.0
4414,2026-09-01 14:09:47,gate3b_restricted_search,361,universal_restricted,8,0.0015498955191377143,xavier,107.0
4415,2026-09-01 14:09:47,gate3b_restricted_search,361,universal_restricted,9,0.00413475900783472,xavier,51.0
4416,2026-09-01 14:09:48,gate3b_restricted_search,361,universal_restricted,10,0.09290791998691832,xavier,38.0
4417,2026-09-01 14:09:48,gate3b_restricted_search,361,universal_restricted,11,0.07785058870653301,xavier,23.0
4418,2026-09-01 14:09:48,gate3b_restricted_search,361,universal_restricted,12,0.0464700795252923,xavier,16.0
4419,2026-09-01 14:09:48,gate3b_restricted_search,361,universal_restricted,13,0.09182660868186439,xavier,35.0
4420,2026-09-01 14:09:48,gate3b_restricted_search,361,universal_restricted,14,0.025829557092615408,xavier,33.0
4421,2026-09-01 14:09:48,gate3b_restricted_search,366,reference,0,0.004430375245218269,xavier,321.0
4422,2026-09-01 14:09:48,gate3b_restricted_search,366,reference,1,0.0018662266976517971,orthogonal,554.0
4423,2026-09-01 14:09:49,gate3b_restricted_search,366,reference,2,0.07780155576901421,he,462.0
4424,2026-09-01 14:09:49,gate3b_restricted_search,366,reference,3,0.005059803874660437,xavier,226.0
4425,2026-09-01 14:09:50,gate3b_restricted_search,366,reference,4,0.00011498870747119459,orthogonal,1600.0
4426,2026-09-01 14:09:50,gate3b_restricted_search,366,reference,5,0.08626905220714905,xavier,321.0
4427,2026-09-01 14:09:50,gate3b_restricted_search,366,reference,6,0.00022637229697395497,orthogonal,1600.0
4428,2026-09-01 14:09:51,gate3b_restricted_search,366,reference,7,0.0036774346621052147,orthogonal,324.0
4429,2026-09-01 14:09:51,gate3b_restricted_search,366,reference,8,0.0023358825194833557,orthogonal,491.0
4430,2026-09-01 14:09:51,gate3b_restricted_search,366,reference,9,0.006859416411328701,he,244.0
4431,2026-09-01 14:09:51,gate3b_restricted_search,366,reference,10,0.019907506982928588,he,169.0
4432,2026-09-01 14:09:51,gate3b_restricted_search,366,reference,11,0.020814104803987817,he,164.0
4433,2026-09-01 14:09:52,gate3b_restricted_search,366,reference,12,0.021644937500336026,he,164.0
4434,2026-09-01 14:09:52,gate3b_restricted_search,366,reference,13,0.020527514539894275,he,164.0
4435,2026-09-01 14:09:52,gate3b_restricted_search,366,reference,14,0.021178889448851296,he,164.0
4436,2026-09-01 14:09:52,gate3b_restricted_search,366,reference,15,0.000694465168883101,he,1600.0
4437,2026-09-01 14:09:53,gate3b_restricted_search,366,reference,16,0.011599421468819674,he,244.0
4438,2026-09-01 14:09:53,gate3b_restricted_search,366,reference,17,0.0385998309482012,he,194.0
4439,2026-09-01 14:09:53,gate3b_restricted_search,366,reference,18,0.042140601439425406,he,181.0
4440,2026-09-01 14:09:53,gate3b_restricted_search,366,reference,19,0.010284672764162348,he,244.0
4441,2026-09-01 14:09:54,gate3b_restricted_search,366,reference,20,0.0009712798508231742,xavier,1600.0
4442,2026-09-01 14:09:54,gate3b_restricted_search,366,reference,21,0.019944093242273486,he,192.0
4443,2026-09-01 14:09:54,gate3b_restricted_search,366,reference,22,0.04589899866247784,he,226.0
4444,2026-09-01 14:09:54,gate3b_restricted_search,366,reference,23,0.011855144358031231,he,244.0
4445,2026-09-01 14:09:54,gate3b_restricted_search,366,reference,24,0.02590845460307929,he,162.0
4446,2026-09-01 14:09:55,gate3b_restricted_search,366,reference,25,0.03193756743358267,he,113.0
4447,2026-09-01 14:09:55,gate3b_restricted_search,366,reference,26,0.057016588368531226,he,226.0
4448,2026-09-01 14:09:55,gate3b_restricted_search,366,reference,27,0.0339819586150318,he,187.0
4449,2026-09-01 14:09:55,gate3b_restricted_search,366,reference,28,0.00927193030855733,xavier,164.0
4450,2026-09-01 14:09:55,gate3b_restricted_search,366,reference,29,0.006816384595663999,xavier,202.0
4451,2026-09-01 14:09:55,gate3b_restricted_search,366,reference,30,0.09865659655619732,xavier,357.0
4452,2026-09-01 14:09:55,gate3b_restricted_search,366,reference,31,0.013984605220302242,xavier,137.0
4453,2026-09-01 14:09:56,gate3b_restricted_search,366,reference,32,0.011680429984063377,xavier,164.0
4454,2026-09-01 14:09:56,gate3b_restricted_search,366,reference,33,0.007821470631386147,xavier,187.0
4455,2026-09-01 14:09:56,gate3b_restricted_search,366,reference,34,0.0033259659021771266,xavier,324.0
4456,2026-09-01 14:09:56,gate3b_restricted_search,366,reference,35,0.03248277425183962,xavier,113.0
4457,2026-09-01 14:09:56,gate3b_restricted_search,366,reference,36,0.06296363351422256,xavier,164.0
4458,2026-09-01 14:09:56,gate3b_restricted_search,366,reference,37,0.014641462728979109,xavier,137.0
4459,2026-09-01 14:09:56,gate3b_restricted_search,366,reference,38,0.014925700835626974,xavier,137.0
4460,2026-09-01 14:09:56,gate3b_restricted_search,366,reference,39,0.032048253955243126,xavier,159.0
4461,2026-09-01 14:09:57,gate3b_restricted_search,366,cold,0,0.0017826497151386949,xavier,554.0
4462,2026-09-01 14:09:57,gate3b_restricted_search,366,cold,1,0.0002755926764027377,orthogonal,1600.0
4463,2026-09-01 14:09:58,gate3b_restricted_search,366,cold,2,0.0015498955191377143,orthogonal,607.0
4464,2026-09-01 14:09:58,gate3b_restricted_search,366,cold,3,0.00041054120168588934,xavier,1600.0
4465,2026-09-01 14:09:59,gate3b_restricted_search,366,cold,4,0.001786135519762597,xavier,554.0
4466,2026-09-01 14:09:59,gate3b_restricted_search,366,cold,5,0.025248390936171015,xavier,137.0
4467,2026-09-01 14:09:59,gate3b_restricted_search,366,cold,6,0.04257625486011382,xavier,164.0
4468,2026-09-01 14:10:00,gate3b_restricted_search,366,cold,7,0.0003232148147351276,xavier,1600.0
4469,2026-09-01 14:10:00,gate3b_restricted_search,366,cold,8,0.07475987911298648,he,226.0
4470,2026-09-01 14:10:00,gate3b_restricted_search,366,cold,9,0.011468398705751582,xavier,164.0
4471,2026-09-01 14:10:00,gate3b_restricted_search,366,cold,10,0.014576193863035302,he,217.0
4472,2026-09-01 14:10:00,gate3b_restricted_search,366,cold,11,0.010686274357222558,xavier,164.0
4473,2026-09-01 14:10:00,gate3b_restricted_search,366,cold,12,0.012490731612965383,xavier,137.0
4474,2026-09-01 14:10:00,gate3b_restricted_search,366,cold,13,0.023860671076111128,xavier,137.0
4475,2026-09-01 14:10:01,gate3b_restricted_search,366,cold,14,0.0064608723984358254,orthogonal,226.0
4476,2026-09-01 14:10:01,gate3b_restricted_search,366,informed_restricted,0,0.0017826497151386949,he,555.0
4477,2026-09-01 14:10:01,gate3b_restricted_search,366,informed_restricted,1,0.01448683388723935,he,217.0
4478,2026-09-01 14:10:02,gate3b_restricted_search,366,informed_restricted,2,0.00010007903854383786,he,1600.0
4479,2026-09-01 14:10:02,gate3b_restricted_search,366,informed_restricted,3,0.0008072307884499761,he,1600.0
4480,2026-09-01 14:10:03,gate3b_restricted_search,366,informed_restricted,4,0.0002755926764027377,he,1600.0
4481,2026-09-01 14:10:03,gate3b_restricted_search,366,informed_restricted,5,0.00018924123965722266,he,1600.0
4482,2026-09-01 14:10:04,gate3b_restricted_search,366,informed_restricted,6,0.0003620600725744741,he,1600.0
4483,2026-09-01 14:10:04,gate3b_restricted_search,366,informed_restricted,7,0.001088133500363589,he,1600.0
4484,2026-09-01 14:10:05,gate3b_restricted_search,366,informed_restricted,8,0.0015498955191377143,he,697.0
4485,2026-09-01 14:10:05,gate3b_restricted_search,366,informed_restricted,9,0.00413475900783472,he,321.0
4486,2026-09-01 14:10:05,gate3b_restricted_search,366,informed_restricted,10,0.09290791998691832,he,279.0
4487,2026-09-01 14:10:06,gate3b_restricted_search,366,informed_restricted,11,0.07785058870653301,he,236.0
4488,2026-09-01 14:10:06,gate3b_restricted_search,366,informed_restricted,12,0.0464700795252923,he,226.0
4489,2026-09-01 14:10:06,gate3b_restricted_search,366,informed_restricted,13,0.01780718886107045,he,169.0
4490,2026-09-01 14:10:06,gate3b_restricted_search,366,informed_restricted,14,0.014982860510555399,he,217.0
4491,2026-09-01 14:10:06,gate3b_restricted_search,366,universal_restricted,0,0.0017826497151386949,xavier,554.0
4492,2026-09-01 14:10:07,gate3b_restricted_search,366,universal_restricted,1,0.01448683388723935,xavier,137.0
4493,2026-09-01 14:10:07,gate3b_restricted_search,366,universal_restricted,2,0.00010007903854383786,xavier,1600.0
4494,2026-09-01 14:10:08,gate3b_restricted_search,366,universal_restricted,3,0.0008072307884499761,xavier,1600.0
4495,2026-09-01 14:10:08,gate3b_restricted_search,366,universal_restricted,4,0.0002755926764027377,xavier,1600.0
4496,2026-09-01 14:10:09,gate3b_restricted_search,366,universal_restricted,5,0.00018924123965722266,xavier,1600.0
4497,2026-09-01 14:10:09,gate3b_restricted_search,366,universal_restricted,6,0.0003620600725744741,xavier,1600.0
4498,2026-09-01 14:10:10,gate3b_restricted_search,366,universal_restricted,7,0.001088133500363589,xavier,1600.0
4499,2026-09-01 14:10:10,gate3b_restricted_search,366,universal_restricted,8,0.0015498955191377143,xavier,554.0
4500,2026-09-01 14:10:10,gate3b_restricted_search,366,universal_restricted,9,0.00413475900783472,xavier,321.0
4501,2026-09-01 14:10:11,gate3b_restricted_search,366,universal_restricted,10,0.09290791998691832,xavier,602.0
4502,2026-09-01 14:10:11,gate3b_restricted_search,366,universal_restricted,11,0.011930383561222451,xavier,164.0
4503,2026-09-01 14:10:11,gate3b_restricted_search,366,universal_restricted,12,0.016535107145461723,xavier,164.0
4504,2026-09-01 14:10:11,gate3b_restricted_search,366,universal_restricted,13,0.01416591916805599,xavier,137.0
4505,2026-09-01 14:10:11,gate3b_restricted_search,366,universal_restricted,14,0.035690305590833374,xavier,145.0
4506,2026-09-01 14:10:12,gate3b_restricted_search,372,reference,0,0.004430375245218269,xavier,496.0
4507,2026-09-01 14:10:12,gate3b_restricted_search,372,reference,1,0.0018662266976517971,orthogonal,1600.0
4508,2026-09-01 14:10:13,gate3b_restricted_search,372,reference,2,0.07780155576901421,he,1600.0
4509,2026-09-01 14:10:13,gate3b_restricted_search,372,reference,3,0.005059803874660437,xavier,623.0
4510,2026-09-01 14:10:14,gate3b_restricted_search,372,reference,4,0.00011498870747119459,orthogonal,1600.0
4511,2026-09-01 14:10:14,gate3b_restricted_search,372,reference,5,0.08626905220714905,xavier,1600.0
4512,2026-09-01 14:10:15,gate3b_restricted_search,372,reference,6,0.00022637229697395497,orthogonal,1600.0
4513,2026-09-01 14:10:15,gate3b_restricted_search,372,reference,7,0.0036774346621052147,orthogonal,691.0
4514,2026-09-01 14:10:16,gate3b_restricted_search,372,reference,8,0.0023358825194833557,orthogonal,691.0
4515,2026-09-01 14:10:16,gate3b_restricted_search,372,reference,9,0.006859416411328701,he,390.0
4516,2026-09-01 14:10:17,gate3b_restricted_search,372,reference,10,0.019907506982928588,he,435.0
4517,2026-09-01 14:10:17,gate3b_restricted_search,372,reference,11,0.020814104803987817,he,422.0
4518,2026-09-01 14:10:17,gate3b_restricted_search,372,reference,12,0.016044606150810846,he,421.0
4519,2026-09-01 14:10:17,gate3b_restricted_search,372,reference,13,0.015769071584025966,he,422.0
4520,2026-09-01 14:10:18,gate3b_restricted_search,372,reference,14,0.0008619247845699831,he,1600.0
4521,2026-09-01 14:10:18,gate3b_restricted_search,372,reference,15,0.031488332841565325,he,563.0
4522,2026-09-01 14:10:19,gate3b_restricted_search,372,reference,16,0.009442165317276308,he,422.0
4523,2026-09-01 14:10:19,gate3b_restricted_search,372,reference,17,0.008843173735969668,he,422.0
4524,2026-09-01 14:10:20,gate3b_restricted_search,372,reference,18,0.0005946225617605244,he,1600.0
4525,2026-09-01 14:10:20,gate3b_restricted_search,372,reference,19,0.04049803968429553,he,778.0
4526,2026-09-01 14:10:20,gate3b_restricted_search,372,reference,20,0.007674256690809843,xavier,496.0
4527,2026-09-01 14:10:21,gate3b_restricted_search,372,reference,21,0.01167600850920535,he,422.0
4528,2026-09-01 14:10:21,gate3b_restricted_search,372,reference,22,0.04150795816723086,he,1600.0
4529,2026-09-01 14:10:22,gate3b_restricted_search,372,reference,23,0.00774329128527927,he,390.0
4530,2026-09-01 14:10:22,gate3b_restricted_search,372,reference,24,0.001362551788710936,he,1600.0
4531,2026-09-01 14:10:23,gate3b_restricted_search,372,reference,25,0.006050577182779848,he,422.0
4532,2026-09-01 14:10:23,gate3b_restricted_search,372,reference,26,0.00240186880668409,he,1600.0
4533,2026-09-01 14:10:23,gate3b_restricted_search,372,reference,27,0.010141601464801862,he,422.0
4534,2026-09-01 14:10:24,gate3b_restricted_search,372,reference,28,0.003910876939483648,xavier,623.0
4535,2026-09-01 14:10:24,gate3b_restricted_search,372,reference,29,0.003585093283880219,he,778.0
4536,2026-09-01 14:10:25,gate3b_restricted_search,372,reference,30,0.029406840916810652,xavier,1600.0
4537,2026-09-01 14:10:25,gate3b_restricted_search,372,reference,31,0.01998295994534129,he,285.0
4538,2026-09-01 14:10:25,gate3b_restricted_search,372,reference,32,0.006415295271875978,he,422.0
4539,2026-09-01 14:10:26,gate3b_restricted_search,372,reference,33,0.014958815813873719,he,390.0
4540,2026-09-01 14:10:26,gate3b_restricted_search,372,reference,34,0.014612366556285665,he,390.0
4541,2026-09-01 14:10:26,gate3b_restricted_search,372,reference,35,0.05296360280353605,he,563.0
4542,2026-09-01 14:10:27,gate3b_restricted_search,372,reference,36,0.023273525926047384,orthogonal,563.0
4543,2026-09-01 14:10:27,gate3b_restricted_search,372,reference,37,0.05447078828684817,he,1600.0
4544,2026-09-01 14:10:28,gate3b_restricted_search,372,reference,38,0.005115030410402386,xavier,623.0
4545,2026-09-01 14:10:28,gate3b_restricted_search,372,reference,39,0.012320701597326083,orthogonal,403.0
4546,2026-09-01 14:10:28,gate3b_restricted_search,372,cold,0,0.0017826497151386949,xavier,1600.0
4547,2026-09-01 14:10:29,gate3b_restricted_search,372,cold,1,0.0002755926764027377,orthogonal,1600.0
4548,2026-09-01 14:10:30,gate3b_restricted_search,372,cold,2,0.0015498955191377143,orthogonal,1600.0
4549,2026-09-01 14:10:30,gate3b_restricted_search,372,cold,3,0.00041054120168588934,xavier,1600.0
4550,2026-09-01 14:10:31,gate3b_restricted_search,372,cold,4,0.001786135519762597,xavier,1600.0
4551,2026-09-01 14:10:31,gate3b_restricted_search,372,cold,5,0.025248390936171015,xavier,592.0
4552,2026-09-01 14:10:32,gate3b_restricted_search,372,cold,6,0.04257625486011382,xavier,1600.0
4553,2026-09-01 14:10:32,gate3b_restricted_search,372,cold,7,0.0003232148147351276,xavier,1600.0
4554,2026-09-01 14:10:33,gate3b_restricted_search,372,cold,8,0.07475987911298648,he,1600.0
4555,2026-09-01 14:10:33,gate3b_restricted_search,372,cold,9,0.011468398705751582,xavier,452.0
4556,2026-09-01 14:10:33,gate3b_restricted_search,372,cold,10,0.013520030930076584,he,416.0
4557,2026-09-01 14:10:34,gate3b_restricted_search,372,cold,11,0.012050318703919807,he,422.0
4558,2026-09-01 14:10:34,gate3b_restricted_search,372,cold,12,0.008159364238707795,he,422.0
4559,2026-09-01 14:10:34,gate3b_restricted_search,372,cold,13,0.005002881890332069,he,422.0
4560,2026-09-01 14:10:35,gate3b_restricted_search,372,cold,14,0.0030276694380999957,he,778.0
4561,2026-09-01 14:10:35,gate3b_restricted_search,372,informed_restricted,0,0.0017826497151386949,orthogonal,1600.0
4562,2026-09-01 14:10:36,gate3b_restricted_search,372,informed_restricted,1,0.01448683388723935,orthogonal,403.0
4563,2026-09-01 14:10:36,gate3b_restricted_search,372,informed_restricted,2,0.00010007903854383786,orthogonal,1600.0
4564,2026-09-01 14:10:37,gate3b_restricted_search,372,informed_restricted,3,0.0008072307884499761,orthogonal,1600.0
4565,2026-09-01 14:10:37,gate3b_restricted_search,372,informed_restricted,4,0.0002755926764027377,orthogonal,1600.0
4566,2026-09-01 14:10:38,gate3b_restricted_search,372,informed_restricted,5,0.00018924123965722266,orthogonal,1600.0
4567,2026-09-01 14:10:38,gate3b_restricted_search,372,informed_restricted,6,0.0003620600725744741,orthogonal,1600.0
4568,2026-09-01 14:10:39,gate3b_restricted_search,372,informed_restricted,7,0.001088133500363589,orthogonal,1600.0
4569,2026-09-01 14:10:39,gate3b_restricted_search,372,informed_restricted,8,0.0015498955191377143,orthogonal,1600.0
4570,2026-09-01 14:10:40,gate3b_restricted_search,372,informed_restricted,9,0.00413475900783472,orthogonal,691.0
4571,2026-09-01 14:10:40,gate3b_restricted_search,372,informed_restricted,10,0.09290791998691832,orthogonal,1600.0
4572,2026-09-01 14:10:41,gate3b_restricted_search,372,informed_restricted,11,0.011930383561222451,orthogonal,403.0
4573,2026-09-01 14:10:41,gate3b_restricted_search,372,informed_restricted,12,0.016535107145461723,orthogonal,675.0
4574,2026-09-01 14:10:42,gate3b_restricted_search,372,informed_restricted,13,0.01416591916805599,orthogonal,633.0
4575,2026-09-01 14:10:42,gate3b_restricted_search,372,informed_restricted,14,0.01553710788150454,orthogonal,750.0
4576,2026-09-01 14:10:43,gate3b_restricted_search,372,universal_restricted,0,0.0017826497151386949,xavier,1600.0
4577,2026-09-01 14:10:43,gate3b_restricted_search,372,universal_restricted,1,0.01448683388723935,xavier,403.0
4578,2026-09-01 14:10:43,gate3b_restricted_search,372,universal_restricted,2,0.00010007903854383786,xavier,1600.0
4579,2026-09-01 14:10:44,gate3b_restricted_search,372,universal_restricted,3,0.0008072307884499761,xavier,1600.0
4580,2026-09-01 14:10:45,gate3b_restricted_search,372,universal_restricted,4,0.0002755926764027377,xavier,1600.0
4581,2026-09-01 14:10:45,gate3b_restricted_search,372,universal_restricted,5,0.00018924123965722266,xavier,1600.0
4582,2026-09-01 14:10:46,gate3b_restricted_search,372,universal_restricted,6,0.0003620600725744741,xavier,1600.0
4583,2026-09-01 14:10:46,gate3b_restricted_search,372,universal_restricted,7,0.001088133500363589,xavier,1600.0
4584,2026-09-01 14:10:47,gate3b_restricted_search,372,universal_restricted,8,0.0015498955191377143,xavier,1600.0
4585,2026-09-01 14:10:47,gate3b_restricted_search,372,universal_restricted,9,0.00413475900783472,xavier,496.0
4586,2026-09-01 14:10:48,gate3b_restricted_search,372,universal_restricted,10,0.09290791998691832,xavier,1600.0
4587,2026-09-01 14:10:48,gate3b_restricted_search,372,universal_restricted,11,0.011930383561222451,xavier,496.0
4588,2026-09-01 14:10:48,gate3b_restricted_search,372,universal_restricted,12,0.015093357760941058,xavier,575.0
4589,2026-09-01 14:10:49,gate3b_restricted_search,372,universal_restricted,13,0.006820076408998035,xavier,568.0
4590,2026-09-01 14:10:49,gate3b_restricted_search,372,universal_restricted,14,0.042082511315711495,xavier,1600.0
4591,2026-09-01 14:10:50,gate3b_restricted_search,378,reference,0,0.004430375245218269,xavier,282.0
4592,2026-09-01 14:10:50,gate3b_restricted_search,378,reference,1,0.0018662266976517971,orthogonal,581.0
4593,2026-09-01 14:10:50,gate3b_restricted_search,378,reference,2,0.07780155576901421,he,492.0
4594,2026-09-01 14:10:51,gate3b_restricted_search,378,reference,3,0.005059803874660437,xavier,225.0
4595,2026-09-01 14:10:51,gate3b_restricted_search,378,reference,4,0.00011498870747119459,orthogonal,1600.0
4596,2026-09-01 14:10:51,gate3b_restricted_search,378,reference,5,0.08626905220714905,xavier,224.0
4597,2026-09-01 14:10:52,gate3b_restricted_search,378,reference,6,0.00022637229697395497,orthogonal,1600.0
4598,2026-09-01 14:10:52,gate3b_restricted_search,378,reference,7,0.0036774346621052147,orthogonal,366.0
4599,2026-09-01 14:10:52,gate3b_restricted_search,378,reference,8,0.0023358825194833557,orthogonal,506.0
4600,2026-09-01 14:10:53,gate3b_restricted_search,378,reference,9,0.006859416411328701,he,313.0
4601,2026-09-01 14:10:53,gate3b_restricted_search,378,reference,10,0.07162629642639848,xavier,290.0
4602,2026-09-01 14:10:53,gate3b_restricted_search,378,reference,11,0.019576275806889427,xavier,134.0
4603,2026-09-01 14:10:53,gate3b_restricted_search,378,reference,12,0.02365310875574803,xavier,134.0
4604,2026-09-01 14:10:53,gate3b_restricted_search,378,reference,13,0.020527514539894275,xavier,189.0
4605,2026-09-01 14:10:53,gate3b_restricted_search,378,reference,14,0.021178889448851296,xavier,134.0
4606,2026-09-01 14:10:53,gate3b_restricted_search,378,reference,15,0.02093080097830505,xavier,134.0
4607,2026-09-01 14:10:54,gate3b_restricted_search,378,reference,16,0.011466575658821384,xavier,192.0
4608,2026-09-01 14:10:54,gate3b_restricted_search,378,reference,17,0.0012455372374425148,he,791.0
4609,2026-09-01 14:10:54,gate3b_restricted_search,378,reference,18,0.03592457226942179,xavier,248.0
4610,2026-09-01 14:10:54,gate3b_restricted_search,378,reference,19,0.010827531642584022,xavier,192.0
4611,2026-09-01 14:10:55,gate3b_restricted_search,378,reference,20,0.0008067632327871686,he,1600.0
4612,2026-09-01 14:10:55,gate3b_restricted_search,378,reference,21,0.029589677297823178,xavier,215.0
4613,2026-09-01 14:10:55,gate3b_restricted_search,378,reference,22,0.04541120738084482,xavier,224.0
4614,2026-09-01 14:10:55,gate3b_restricted_search,378,reference,23,0.011657108315756374,xavier,164.0
4615,2026-09-01 14:10:56,gate3b_restricted_search,378,reference,24,0.017000082720937417,xavier,134.0
4616,2026-09-01 14:10:56,gate3b_restricted_search,378,reference,25,0.009626216434502097,xavier,158.0
4617,2026-09-01 14:10:56,gate3b_restricted_search,378,reference,26,0.03747091567582015,xavier,67.0
4618,2026-09-01 14:10:56,gate3b_restricted_search,378,reference,27,0.04394222303412726,xavier,398.0
4619,2026-09-01 14:10:56,gate3b_restricted_search,378,reference,28,0.043826643182316834,he,295.0
4620,2026-09-01 14:10:56,gate3b_restricted_search,378,reference,29,0.006816384595663999,xavier,248.0
4621,2026-09-01 14:10:57,gate3b_restricted_search,378,reference,30,0.028427325253450212,xavier,134.0
4622,2026-09-01 14:10:57,gate3b_restricted_search,378,reference,31,0.019204792096438612,xavier,134.0
4623,2026-09-01 14:10:57,gate3b_restricted_search,378,reference,32,0.05945999104569544,xavier,198.0
4624,2026-09-01 14:10:57,gate3b_restricted_search,378,reference,33,0.015513313600519349,xavier,189.0
4625,2026-09-01 14:10:57,gate3b_restricted_search,378,reference,34,0.0969303770530431,xavier,327.0
4626,2026-09-01 14:10:57,gate3b_restricted_search,378,reference,35,0.0036501677327208984,xavier,282.0
4627,2026-09-01 14:10:58,gate3b_restricted_search,378,reference,36,0.006711480458326471,orthogonal,262.0
4628,2026-09-01 14:10:58,gate3b_restricted_search,378,reference,37,0.028027760294701984,xavier,134.0
4629,2026-09-01 14:10:58,gate3b_restricted_search,378,reference,38,0.015097690188677744,he,283.0
4630,2026-09-01 14:10:58,gate3b_restricted_search,378,reference,39,0.0005329200247232395,orthogonal,1600.0
4631,2026-09-01 14:10:59,gate3b_restricted_search,378,cold,0,0.0017826497151386949,xavier,506.0
4632,2026-09-01 14:10:59,gate3b_restricted_search,378,cold,1,0.0002755926764027377,orthogonal,1600.0
4633,2026-09-01 14:11:00,gate3b_restricted_search,378,cold,2,0.0015498955191377143,orthogonal,714.0
4634,2026-09-01 14:11:00,gate3b_restricted_search,378,cold,3,0.00041054120168588934,xavier,1600.0
4635,2026-09-01 14:11:01,gate3b_restricted_search,378,cold,4,0.001786135519762597,xavier,573.0
4636,2026-09-01 14:11:01,gate3b_restricted_search,378,cold,5,0.025248390936171015,xavier,134.0
4637,2026-09-01 14:11:01,gate3b_restricted_search,378,cold,6,0.04257625486011382,xavier,361.0
4638,2026-09-01 14:11:02,gate3b_restricted_search,378,cold,7,0.0003232148147351276,xavier,1600.0
4639,2026-09-01 14:11:02,gate3b_restricted_search,378,cold,8,0.07475987911298648,he,248.0
4640,2026-09-01 14:11:02,gate3b_restricted_search,378,cold,9,0.011468398705751582,xavier,164.0
4641,2026-09-01 14:11:02,gate3b_restricted_search,378,cold,10,0.014576193863035302,he,248.0
4642,2026-09-01 14:11:02,gate3b_restricted_search,378,cold,11,0.010686274357222558,xavier,192.0
4643,2026-09-01 14:11:02,gate3b_restricted_search,378,cold,12,0.012490731612965383,xavier,164.0
4644,2026-09-01 14:11:03,gate3b_restricted_search,378,cold,13,0.02373922934121738,xavier,134.0
4645,2026-09-01 14:11:03,gate3b_restricted_search,378,cold,14,0.030266230252587803,orthogonal,134.0
4646,2026-09-01 14:11:03,gate3b_restricted_search,378,informed_restricted,0,0.0017826497151386949,orthogonal,581.0
4647,2026-09-01 14:11:03,gate3b_restricted_search,378,informed_restricted,1,0.01448683388723935,orthogonal,192.0
4648,2026-09-01 14:11:04,gate3b_restricted_search,378,informed_restricted,2,0.00010007903854383786,orthogonal,1600.0
4649,2026-09-01 14:11:04,gate3b_restricted_search,378,informed_restricted,3,0.0008072307884499761,orthogonal,1600.0
4650,2026-09-01 14:11:05,gate3b_restricted_search,378,informed_restricted,4,0.0002755926764027377,orthogonal,1600.0
4651,2026-09-01 14:11:05,gate3b_restricted_search,378,informed_restricted,5,0.00018924123965722266,orthogonal,1600.0
4652,2026-09-01 14:11:06,gate3b_restricted_search,378,informed_restricted,6,0.0003620600725744741,orthogonal,1600.0
4653,2026-09-01 14:11:06,gate3b_restricted_search,378,informed_restricted,7,0.001088133500363589,orthogonal,1600.0
4654,2026-09-01 14:11:07,gate3b_restricted_search,378,informed_restricted,8,0.0015498955191377143,orthogonal,714.0
4655,2026-09-01 14:11:07,gate3b_restricted_search,378,informed_restricted,9,0.00413475900783472,orthogonal,290.0
4656,2026-09-01 14:11:07,gate3b_restricted_search,378,informed_restricted,10,0.09290791998691832,orthogonal,512.0
4657,2026-09-01 14:11:08,gate3b_restricted_search,378,informed_restricted,11,0.011930383561222451,orthogonal,158.0
4658,2026-09-01 14:11:08,gate3b_restricted_search,378,informed_restricted,12,0.016535107145461723,orthogonal,134.0
4659,2026-09-01 14:11:08,gate3b_restricted_search,378,informed_restricted,13,0.01718356475580144,orthogonal,134.0
4660,2026-09-01 14:11:08,gate3b_restricted_search,378,informed_restricted,14,0.045819362061605,orthogonal,288.0
4661,2026-09-01 14:11:08,gate3b_restricted_search,378,universal_restricted,0,0.0017826497151386949,xavier,506.0
4662,2026-09-01 14:11:09,gate3b_restricted_search,378,universal_restricted,1,0.01448683388723935,xavier,191.0
4663,2026-09-01 14:11:09,gate3b_restricted_search,378,universal_restricted,2,0.00010007903854383786,xavier,1600.0
4664,2026-09-01 14:11:10,gate3b_restricted_search,378,universal_restricted,3,0.0008072307884499761,xavier,1600.0
4665,2026-09-01 14:11:10,gate3b_restricted_search,378,universal_restricted,4,0.0002755926764027377,xavier,1600.0
4666,2026-09-01 14:11:11,gate3b_restricted_search,378,universal_restricted,5,0.00018924123965722266,xavier,1600.0
4667,2026-09-01 14:11:11,gate3b_restricted_search,378,universal_restricted,6,0.0003620600725744741,xavier,1600.0
4668,2026-09-01 14:11:12,gate3b_restricted_search,378,universal_restricted,7,0.001088133500363589,xavier,791.0
4669,2026-09-01 14:11:12,gate3b_restricted_search,378,universal_restricted,8,0.0015498955191377143,xavier,581.0
4670,2026-09-01 14:11:12,gate3b_restricted_search,378,universal_restricted,9,0.00413475900783472,xavier,282.0
4671,2026-09-01 14:11:13,gate3b_restricted_search,378,universal_restricted,10,0.09290791998691832,xavier,235.0
4672,2026-09-01 14:11:13,gate3b_restricted_search,378,universal_restricted,11,0.07785058870653301,xavier,418.0
4673,2026-09-01 14:11:13,gate3b_restricted_search,378,universal_restricted,12,0.0797234062203645,xavier,434.0
4674,2026-09-01 14:11:13,gate3b_restricted_search,378,universal_restricted,13,0.017223705768801514,xavier,189.0
4675,2026-09-01 14:11:13,gate3b_restricted_search,378,universal_restricted,14,0.01553710788150454,xavier,191.0
4676,2026-09-01 14:11:14,gate3b_restricted_search,380,reference,0,0.004430375245218269,xavier,145.0
4677,2026-09-01 14:11:14,gate3b_restricted_search,380,reference,1,0.0018662266976517971,orthogonal,191.0
4678,2026-09-01 14:11:14,gate3b_restricted_search,380,reference,2,0.07780155576901421,he,125.0
4679,2026-09-01 14:11:14,gate3b_restricted_search,380,reference,3,0.005059803874660437,xavier,127.0
4680,2026-09-01 14:11:15,gate3b_restricted_search,380,reference,4,0.00011498870747119459,orthogonal,1600.0
4681,2026-09-01 14:11:15,gate3b_restricted_search,380,reference,5,0.08626905220714905,xavier,255.0
4682,2026-09-01 14:11:15,gate3b_restricted_search,380,reference,6,0.00022637229697395497,orthogonal,1600.0
4683,2026-09-01 14:11:15,gate3b_restricted_search,380,reference,7,0.0036774346621052147,orthogonal,250.0
4684,2026-09-01 14:11:16,gate3b_restricted_search,380,reference,8,0.0023358825194833557,orthogonal,238.0
4685,2026-09-01 14:11:16,gate3b_restricted_search,380,reference,9,0.006859416411328701,he,127.0
4686,2026-09-01 14:11:16,gate3b_restricted_search,380,reference,10,0.07156452541054531,he,127.0
4687,2026-09-01 14:11:16,gate3b_restricted_search,380,reference,11,0.017932400313079747,he,127.0
4688,2026-09-01 14:11:16,gate3b_restricted_search,380,reference,12,0.024274912072032015,he,149.0
4689,2026-09-01 14:11:17,gate3b_restricted_search,380,reference,13,0.0006440860069088801,he,661.0
4690,2026-09-01 14:11:17,gate3b_restricted_search,380,reference,14,0.021178889448851296,he,149.0
4691,2026-09-01 14:11:17,gate3b_restricted_search,380,reference,15,0.01254934928955861,he,127.0
4692,2026-09-01 14:11:17,gate3b_restricted_search,380,reference,16,0.0010055658350726655,he,445.0
4693,2026-09-01 14:11:17,gate3b_restricted_search,380,reference,17,0.03439047792249094,he,149.0
4694,2026-09-01 14:11:17,gate3b_restricted_search,380,reference,18,0.009679362032955774,he,127.0
4695,2026-09-01 14:11:18,gate3b_restricted_search,380,reference,19,0.0480025428250511,he,158.0
4696,2026-09-01 14:11:18,gate3b_restricted_search,380,reference,20,0.008210366112518451,xavier,127.0
4697,2026-09-01 14:11:18,gate3b_restricted_search,380,reference,21,0.017437388370562343,he,105.0
4698,2026-09-01 14:11:18,gate3b_restricted_search,380,reference,22,0.04115701656981736,he,158.0
4699,2026-09-01 14:11:18,gate3b_restricted_search,380,reference,23,0.08805407259112305,he,125.0
4700,2026-09-01 14:11:18,gate3b_restricted_search,380,reference,24,0.0072902355035630384,he,127.0
4701,2026-09-01 14:11:18,gate3b_restricted_search,380,reference,25,0.01385180388260601,he,127.0
4702,2026-09-01 14:11:18,gate3b_restricted_search,380,reference,26,0.02918781356672066,he,196.0
4703,2026-09-01 14:11:18,gate3b_restricted_search,380,reference,27,0.061357901620230304,he,141.0
4704,2026-09-01 14:11:19,gate3b_restricted_search,380,reference,28,0.0021757243396186786,xavier,220.0
4705,2026-09-01 14:11:19,gate3b_restricted_search,380,reference,29,0.004689000835668814,he,145.0
4706,2026-09-01 14:11:19,gate3b_restricted_search,380,reference,30,0.016526743921820082,xavier,98.0
4707,2026-09-01 14:11:19,gate3b_restricted_search,380,reference,31,0.014975747223740413,xavier,125.0
4708,2026-09-01 14:11:19,gate3b_restricted_search,380,reference,32,0.0060986056951141425,xavier,127.0
4709,2026-09-01 14:11:19,gate3b_restricted_search,380,reference,33,0.0111035332115117,xavier,127.0
4710,2026-09-01 14:11:19,gate3b_restricted_search,380,reference,34,0.003264723462647647,xavier,99.0
4711,2026-09-01 14:11:19,gate3b_restricted_search,380,reference,35,0.0009602186594247607,xavier,331.0
4712,2026-09-01 14:11:19,gate3b_restricted_search,380,reference,36,0.003860365099987219,xavier,99.0
4713,2026-09-01 14:11:20,gate3b_restricted_search,380,reference,37,0.0034708050237749546,xavier,99.0
4714,2026-09-01 14:11:20,gate3b_restricted_search,380,reference,38,0.0033636073395867387,xavier,99.0
4715,2026-09-01 14:11:20,gate3b_restricted_search,380,reference,39,0.0017860038484007123,xavier,220.0
4716,2026-09-01 14:11:20,gate3b_restricted_search,380,cold,0,0.0017826497151386949,xavier,220.0
4717,2026-09-01 14:11:21,gate3b_restricted_search,380,cold,1,0.0002755926764027377,orthogonal,1600.0
4718,2026-09-01 14:11:21,gate3b_restricted_search,380,cold,2,0.0015498955191377143,orthogonal,191.0
4719,2026-09-01 14:11:21,gate3b_restricted_search,380,cold,3,0.00041054120168588934,xavier,596.0
4720,2026-09-01 14:11:21,gate3b_restricted_search,380,cold,4,0.001786135519762597,xavier,220.0
4721,2026-09-01 14:11:21,gate3b_restricted_search,380,cold,5,0.025248390936171015,xavier,104.0
4722,2026-09-01 14:11:21,gate3b_restricted_search,380,cold,6,0.04257625486011382,xavier,112.0
4723,2026-09-01 14:11:22,gate3b_restricted_search,380,cold,7,0.0003232148147351276,xavier,1600.0
4724,2026-09-01 14:11:22,gate3b_restricted_search,380,cold,8,0.07475987911298648,he,137.0
4725,2026-09-01 14:11:22,gate3b_restricted_search,380,cold,9,0.011468398705751582,xavier,125.0
4726,2026-09-01 14:11:22,gate3b_restricted_search,380,cold,10,0.014576193863035302,he,127.0
4727,2026-09-01 14:11:22,gate3b_restricted_search,380,cold,11,0.0797234062203645,xavier,149.0
4728,2026-09-01 14:11:22,gate3b_restricted_search,380,cold,12,0.018729908809075033,xavier,98.0
4729,2026-09-01 14:11:23,gate3b_restricted_search,380,cold,13,0.016983851798071364,xavier,98.0
4730,2026-09-01 14:11:23,gate3b_restricted_search,380,cold,14,0.007330807339450185,orthogonal,145.0
4731,2026-09-01 14:11:23,gate3b_restricted_search,380,informed_restricted,0,0.0017826497151386949,xavier,220.0
4732,2026-09-01 14:11:23,gate3b_restricted_search,380,informed_restricted,1,0.01448683388723935,xavier,125.0
4733,2026-09-01 14:11:23,gate3b_restricted_search,380,informed_restricted,2,0.00010007903854383786,xavier,1600.0
4734,2026-09-01 14:11:24,gate3b_restricted_search,380,informed_restricted,3,0.0008072307884499761,xavier,331.0
4735,2026-09-01 14:11:24,gate3b_restricted_search,380,informed_restricted,4,0.0002755926764027377,xavier,1600.0
4736,2026-09-01 14:11:25,gate3b_restricted_search,380,informed_restricted,5,0.00018924123965722266,xavier,1600.0
4737,2026-09-01 14:11:25,gate3b_restricted_search,380,informed_restricted,6,0.0003620600725744741,xavier,1600.0
4738,2026-09-01 14:11:26,gate3b_restricted_search,380,informed_restricted,7,0.001088133500363589,xavier,331.0
4739,2026-09-01 14:11:26,gate3b_restricted_search,380,informed_restricted,8,0.0015498955191377143,xavier,220.0
4740,2026-09-01 14:11:26,gate3b_restricted_search,380,informed_restricted,9,0.00413475900783472,xavier,145.0
4741,2026-09-01 14:11:26,gate3b_restricted_search,380,informed_restricted,10,0.09290791998691832,xavier,196.0
4742,2026-09-01 14:11:26,gate3b_restricted_search,380,informed_restricted,11,0.011930383561222451,xavier,125.0
4743,2026-09-01 14:11:26,gate3b_restricted_search,380,informed_restricted,12,0.016535107145461723,xavier,98.0
4744,2026-09-01 14:11:26,gate3b_restricted_search,380,informed_restricted,13,0.022446911961699983,xavier,104.0
4745,2026-09-01 14:11:26,gate3b_restricted_search,380,informed_restricted,14,0.05804656431752625,xavier,136.0
4746,2026-09-01 14:11:26,gate3b_restricted_search,380,universal_restricted,0,0.0017826497151386949,xavier,220.0
4747,2026-09-01 14:11:27,gate3b_restricted_search,380,universal_restricted,1,0.01448683388723935,xavier,125.0
4748,2026-09-01 14:11:27,gate3b_restricted_search,380,universal_restricted,2,0.00010007903854383786,xavier,1600.0
4749,2026-09-01 14:11:27,gate3b_restricted_search,380,universal_restricted,3,0.0008072307884499761,xavier,331.0
4750,2026-09-01 14:11:28,gate3b_restricted_search,380,universal_restricted,4,0.0002755926764027377,xavier,1600.0
4751,2026-09-01 14:11:29,gate3b_restricted_search,380,universal_restricted,5,0.00018924123965722266,xavier,1600.0
4752,2026-09-01 14:11:29,gate3b_restricted_search,380,universal_restricted,6,0.0003620600725744741,xavier,1600.0
4753,2026-09-01 14:11:29,gate3b_restricted_search,380,universal_restricted,7,0.001088133500363589,xavier,331.0
4754,2026-09-01 14:11:29,gate3b_restricted_search,380,universal_restricted,8,0.0015498955191377143,xavier,220.0
4755,2026-09-01 14:11:30,gate3b_restricted_search,380,universal_restricted,9,0.00413475900783472,xavier,145.0
4756,2026-09-01 14:11:30,gate3b_restricted_search,380,universal_restricted,10,0.09290791998691832,xavier,196.0
4757,2026-09-01 14:11:30,gate3b_restricted_search,380,universal_restricted,11,0.011930383561222451,xavier,125.0
4758,2026-09-01 14:11:30,gate3b_restricted_search,380,universal_restricted,12,0.016535107145461723,xavier,98.0
4759,2026-09-01 14:11:30,gate3b_restricted_search,380,universal_restricted,13,0.022446911961699983,xavier,104.0
4760,2026-09-01 14:11:30,gate3b_restricted_search,380,universal_restricted,14,0.05804656431752625,xavier,136.0
4761,2026-09-01 14:11:30,gate3b_restricted_search,382,reference,0,0.004430375245218269,xavier,19.0
4762,2026-09-01 14:11:30,gate3b_restricted_search,382,reference,1,0.0018662266976517971,orthogonal,36.0
4763,2026-09-01 14:11:30,gate3b_restricted_search,382,reference,2,0.07780155576901421,he,24.0
4764,2026-09-01 14:11:30,gate3b_restricted_search,382,reference,3,0.005059803874660437,xavier,25.0
4765,2026-09-01 14:11:31,gate3b_restricted_search,382,reference,4,0.00011498870747119459,orthogonal,493.0
4766,2026-09-01 14:11:31,gate3b_restricted_search,382,reference,5,0.08626905220714905,xavier,15.0
4767,2026-09-01 14:11:31,gate3b_restricted_search,382,reference,6,0.00022637229697395497,orthogonal,268.0
4768,2026-09-01 14:11:31,gate3b_restricted_search,382,reference,7,0.0036774346621052147,orthogonal,19.0
4769,2026-09-01 14:11:31,gate3b_restricted_search,382,reference,8,0.0023358825194833557,orthogonal,29.0
4770,2026-09-01 14:11:31,gate3b_restricted_search,382,reference,9,0.006859416411328701,he,13.0
4771,2026-09-01 14:11:31,gate3b_restricted_search,382,reference,10,0.019907506982928588,he,15.0
4772,2026-09-01 14:11:31,gate3b_restricted_search,382,reference,11,0.07216635702812188,xavier,15.0
4773,2026-09-01 14:11:31,gate3b_restricted_search,382,reference,12,0.014977193434566022,he,18.0
4774,2026-09-01 14:11:31,gate3b_restricted_search,382,reference,13,0.0006440860069088801,he,46.0
4775,2026-09-01 14:11:31,gate3b_restricted_search,382,reference,14,0.021178889448851296,xavier,10.0
4776,2026-09-01 14:11:31,gate3b_restricted_search,382,reference,15,0.016597301987641328,he,23.0
4777,2026-09-01 14:11:31,gate3b_restricted_search,382,reference,16,0.031187522860003543,xavier,4.0
4778,2026-09-01 14:11:31,gate3b_restricted_search,382,reference,17,0.02200624263459272,xavier,10.0
4779,2026-09-01 14:11:31,gate3b_restricted_search,382,reference,18,0.037261783552748166,xavier,12.0
4780,2026-09-01 14:11:31,gate3b_restricted_search,382,reference,19,0.009812934122273314,xavier,17.0
4781,2026-09-01 14:11:31,gate3b_restricted_search,382,reference,20,0.03743670034875741,xavier,12.0
4782,2026-09-01 14:11:31,gate3b_restricted_search,382,reference,21,0.03107758866744042,xavier,4.0
4783,2026-09-01 14:11:31,gate3b_restricted_search,382,reference,22,0.03921636407294089,xavier,12.0
4784,2026-09-01 14:11:31,gate3b_restricted_search,382,reference,23,0.010155063855043101,xavier,17.0
4785,2026-09-01 14:11:31,gate3b_restricted_search,382,reference,24,0.039727608479010926,xavier,8.0
4786,2026-09-01 14:11:31,gate3b_restricted_search,382,reference,25,0.04674148075923016,xavier,6.0
4787,2026-09-01 14:11:31,gate3b_restricted_search,382,reference,26,0.04875623507396723,xavier,6.0
4788,2026-09-01 14:11:31,gate3b_restricted_search,382,reference,27,0.02571210088646297,xavier,15.0
4789,2026-09-01 14:11:31,gate3b_restricted_search,382,reference,28,0.010644900338962092,xavier,17.0
4790,2026-09-01 14:11:31,gate3b_restricted_search,382,reference,29,0.06250430546928963,xavier,14.0
4791,2026-09-01 14:11:31,gate3b_restricted_search,382,reference,30,0.09865659655619732,xavier,19.0
4792,2026-09-01 14:11:31,gate3b_restricted_search,382,reference,31,0.0460380415725536,xavier,6.0
4793,2026-09-01 14:11:31,gate3b_restricted_search,382,reference,32,0.02792393981234024,xavier,13.0
4794,2026-09-01 14:11:31,gate3b_restricted_search,382,reference,33,0.054960027168969666,xavier,3.0
4795,2026-09-01 14:11:31,gate3b_restricted_search,382,reference,34,0.06598165784788247,xavier,14.0
4796,2026-09-01 14:11:31,gate3b_restricted_search,382,reference,35,0.0295324541348811,xavier,13.0
4797,2026-09-01 14:11:31,gate3b_restricted_search,382,reference,36,0.015295913542537468,orthogonal,12.0
4798,2026-09-01 14:11:31,gate3b_restricted_search,382,reference,37,0.056693767016218005,xavier,3.0
4799,2026-09-01 14:11:31,gate3b_restricted_search,382,reference,38,0.06030507697516493,xavier,3.0
4800,2026-09-01 14:11:31,gate3b_restricted_search,382,reference,39,0.09072041839416388,orthogonal,17.0
4801,2026-09-01 14:11:31,gate3b_restricted_search,382,cold,0,0.0017826497151386949,xavier,37.0
4802,2026-09-01 14:11:32,gate3b_restricted_search,382,cold,1,0.0002755926764027377,orthogonal,202.0
4803,2026-09-01 14:11:32,gate3b_restricted_search,382,cold,2,0.0015498955191377143,orthogonal,42.0
4804,2026-09-01 14:11:32,gate3b_restricted_search,382,cold,3,0.00041054120168588934,xavier,130.0
4805,2026-09-01 14:11:32,gate3b_restricted_search,382,cold,4,0.001786135519762597,xavier,37.0
4806,2026-09-01 14:11:32,gate3b_restricted_search,382,cold,5,0.025248390936171015,xavier,15.0
4807,2026-09-01 14:11:32,gate3b_restricted_search,382,cold,6,0.04257625486011382,xavier,12.0
4808,2026-09-01 14:11:32,gate3b_restricted_search,382,cold,7,0.0003232148147351276,xavier,141.0
4809,2026-09-01 14:11:32,gate3b_restricted_search,382,cold,8,0.07475987911298648,he,24.0
4810,2026-09-01 14:11:32,gate3b_restricted_search,382,cold,9,0.011468398705751582,xavier,15.0
4811,2026-09-01 14:11:32,gate3b_restricted_search,382,cold,10,0.09344501034181055,he,36.0
4812,2026-09-01 14:11:32,gate3b_restricted_search,382,cold,11,0.021361236429000122,xavier,10.0
4813,2026-09-01 14:11:32,gate3b_restricted_search,382,cold,12,0.013772763297656596,xavier,13.0
4814,2026-09-01 14:11:32,gate3b_restricted_search,382,cold,13,0.03075324397963585,xavier,4.0
4815,2026-09-01 14:11:32,gate3b_restricted_search,382,cold,14,0.007330807339450185,orthogonal,11.0
4816,2026-09-01 14:11:32,gate3b_restricted_search,382,informed_restricted,0,0.0017826497151386949,xavier,37.0
4817,2026-09-01 14:11:32,gate3b_restricted_search,382,informed_restricted,1,0.01448683388723935,xavier,13.0
4818,2026-09-01 14:11:32,gate3b_restricted_search,382,informed_restricted,2,0.00010007903854383786,xavier,493.0
4819,2026-09-01 14:11:33,gate3b_restricted_search,382,informed_restricted,3,0.0008072307884499761,xavier,60.0
4820,2026-09-01 14:11:33,gate3b_restricted_search,382,informed_restricted,4,0.0002755926764027377,xavier,201.0
4821,2026-09-01 14:11:33,gate3b_restricted_search,382,informed_restricted,5,0.00018924123965722266,xavier,268.0
4822,2026-09-01 14:11:33,gate3b_restricted_search,382,informed_restricted,6,0.0003620600725744741,xavier,141.0
4823,2026-09-01 14:11:33,gate3b_restricted_search,382,informed_restricted,7,0.001088133500363589,xavier,46.0
4824,2026-09-01 14:11:33,gate3b_restricted_search,382,informed_restricted,8,0.0015498955191377143,xavier,43.0
4825,2026-09-01 14:11:33,gate3b_restricted_search,382,informed_restricted,9,0.00413475900783472,xavier,19.0
4826,2026-09-01 14:11:33,gate3b_restricted_search,382,informed_restricted,10,0.09290791998691832,xavier,21.0
4827,2026-09-01 14:11:33,gate3b_restricted_search,382,informed_restricted,11,0.011930383561222451,xavier,15.0
4828,2026-09-01 14:11:33,gate3b_restricted_search,382,informed_restricted,12,0.016535107145461723,xavier,12.0
4829,2026-09-01 14:11:33,gate3b_restricted_search,382,informed_restricted,13,0.022446911961699983,xavier,10.0
4830,2026-09-01 14:11:33,gate3b_restricted_search,382,informed_restricted,14,0.05068980043440563,xavier,6.0
4831,2026-09-01 14:11:33,gate3b_restricted_search,382,universal_restricted,0,0.0017826497151386949,xavier,37.0
4832,2026-09-01 14:11:33,gate3b_restricted_search,382,universal_restricted,1,0.01448683388723935,xavier,13.0
4833,2026-09-01 14:11:34,gate3b_restricted_search,382,universal_restricted,2,0.00010007903854383786,xavier,493.0
4834,2026-09-01 14:11:34,gate3b_restricted_search,382,universal_restricted,3,0.0008072307884499761,xavier,60.0
4835,2026-09-01 14:11:34,gate3b_restricted_search,382,universal_restricted,4,0.0002755926764027377,xavier,201.0
4836,2026-09-01 14:11:34,gate3b_restricted_search,382,universal_restricted,5,0.00018924123965722266,xavier,268.0
4837,2026-09-01 14:11:34,gate3b_restricted_search,382,universal_restricted,6,0.0003620600725744741,xavier,141.0
4838,2026-09-01 14:11:34,gate3b_restricted_search,382,universal_restricted,7,0.001088133500363589,xavier,46.0
4839,2026-09-01 14:11:34,gate3b_restricted_search,382,universal_restricted,8,0.0015498955191377143,xavier,43.0
4840,2026-09-01 14:11:34,gate3b_restricted_search,382,universal_restricted,9,0.00413475900783472,xavier,19.0
4841,2026-09-01 14:11:34,gate3b_restricted_search,382,universal_restricted,10,0.09290791998691832,xavier,21.0
4842,2026-09-01 14:11:34,gate3b_restricted_search,382,universal_restricted,11,0.011930383561222451,xavier,15.0
4843,2026-09-01 14:11:34,gate3b_restricted_search,382,universal_restricted,12,0.016535107145461723,xavier,12.0
4844,2026-09-01 14:11:34,gate3b_restricted_search,382,universal_restricted,13,0.022446911961699983,xavier,10.0
4845,2026-09-01 14:11:34,gate3b_restricted_search,382,universal_restricted,14,0.05068980043440563,xavier,6.0
4846,2026-09-01 14:11:34,gate3b_restricted_search,386,reference,0,0.004430375245218269,xavier,244.0
4847,2026-09-01 14:11:35,gate3b_restricted_search,386,reference,1,0.0018662266976517971,orthogonal,473.0
4848,2026-09-01 14:11:35,gate3b_restricted_search,386,reference,2,0.07780155576901421,he,304.0
4849,2026-09-01 14:11:35,gate3b_restricted_search,386,reference,3,0.005059803874660437,xavier,242.0
4850,2026-09-01 14:11:36,gate3b_restricted_search,386,reference,4,0.00011498870747119459,orthogonal,1600.0
4851,2026-09-01 14:11:36,gate3b_restricted_search,386,reference,5,0.08626905220714905,xavier,265.0
4852,2026-09-01 14:11:37,gate3b_restricted_search,386,reference,6,0.00022637229697395497,orthogonal,1600.0
4853,2026-09-01 14:11:37,gate3b_restricted_search,386,reference,7,0.0036774346621052147,orthogonal,339.0
4854,2026-09-01 14:11:37,gate3b_restricted_search,386,reference,8,0.0023358825194833557,orthogonal,428.0
4855,2026-09-01 14:11:37,gate3b_restricted_search,386,reference,9,0.006859416411328701,he,324.0
4856,2026-09-01 14:11:37,gate3b_restricted_search,386,reference,10,0.019907506982928588,xavier,133.0
4857,2026-09-01 14:11:38,gate3b_restricted_search,386,reference,11,0.020814104803987817,xavier,178.0
4858,2026-09-01 14:11:38,gate3b_restricted_search,386,reference,12,0.021644937500336026,xavier,81.0
4859,2026-09-01 14:11:38,gate3b_restricted_search,386,reference,13,0.020527514539894275,xavier,178.0
4860,2026-09-01 14:11:38,gate3b_restricted_search,386,reference,14,0.021178889448851296,xavier,158.0
4861,2026-09-01 14:11:38,gate3b_restricted_search,386,reference,15,0.000694465168883101,xavier,1600.0
4862,2026-09-01 14:11:39,gate3b_restricted_search,386,reference,16,0.011599421468819674,xavier,174.0
4863,2026-09-01 14:11:39,gate3b_restricted_search,386,reference,17,0.039274142660819314,he,219.0
4864,2026-09-01 14:11:39,gate3b_restricted_search,386,reference,18,0.042140601439425406,xavier,112.0
4865,2026-09-01 14:11:39,gate3b_restricted_search,386,reference,19,0.0480025428250511,xavier,112.0
4866,2026-09-01 14:11:39,gate3b_restricted_search,386,reference,20,0.04151582560533646,he,239.0
4867,2026-09-01 14:11:39,gate3b_restricted_search,386,reference,21,0.03788717936826652,xavier,160.0
4868,2026-09-01 14:11:39,gate3b_restricted_search,386,reference,22,0.011267582314505148,xavier,176.0
4869,2026-09-01 14:11:39,gate3b_restricted_search,386,reference,23,0.056216363846818246,xavier,217.0
4870,2026-09-01 14:11:40,gate3b_restricted_search,386,reference,24,0.01176752443461941,xavier,174.0
4871,2026-09-01 14:11:40,gate3b_restricted_search,386,reference,25,0.08775502751054065,xavier,408.0
4872,2026-09-01 14:11:40,gate3b_restricted_search,386,reference,26,0.029855411361414237,xavier,186.0
4873,2026-09-01 14:11:40,gate3b_restricted_search,386,reference,27,0.051965095569672555,xavier,217.0
4874,2026-09-01 14:11:40,gate3b_restricted_search,386,reference,28,0.008638875115817398,xavier,139.0
4875,2026-09-01 14:11:40,gate3b_restricted_search,386,reference,29,0.014912668827197762,he,139.0
4876,2026-09-01 14:11:40,gate3b_restricted_search,386,reference,30,0.026477633059426665,xavier,103.0
4877,2026-09-01 14:11:41,gate3b_restricted_search,386,reference,31,0.02646487336753622,xavier,103.0
4878,2026-09-01 14:11:41,gate3b_restricted_search,386,reference,32,0.027797442929584262,xavier,151.0
4879,2026-09-01 14:11:41,gate3b_restricted_search,386,reference,33,0.006766182365740105,xavier,139.0
4880,2026-09-01 14:11:41,gate3b_restricted_search,386,reference,34,0.030398818302137896,xavier,153.0
4881,2026-09-01 14:11:41,gate3b_restricted_search,386,reference,35,0.06275143077062499,xavier,274.0
4882,2026-09-01 14:11:41,gate3b_restricted_search,386,reference,36,0.09685521411911228,orthogonal,422.0
4883,2026-09-01 14:11:42,gate3b_restricted_search,386,reference,37,0.004431806131081186,xavier,244.0
4884,2026-09-01 14:11:42,gate3b_restricted_search,386,reference,38,0.017582317617024376,he,210.0
4885,2026-09-01 14:11:42,gate3b_restricted_search,386,reference,39,0.0005329200247232395,orthogonal,1600.0
4886,2026-09-01 14:11:43,gate3b_restricted_search,386,cold,0,0.0017826497151386949,xavier,574.0
4887,2026-09-01 14:11:43,gate3b_restricted_search,386,cold,1,0.0002755926764027377,orthogonal,1600.0
4888,2026-09-01 14:11:44,gate3b_restricted_search,386,cold,2,0.0015498955191377143,orthogonal,473.0
4889,2026-09-01 14:11:44,gate3b_restricted_search,386,cold,3,0.00041054120168588934,xavier,1600.0
4890,2026-09-01 14:11:45,gate3b_restricted_search,386,cold,4,0.001786135519762597,xavier,574.0
4891,2026-09-01 14:11:45,gate3b_restricted_search,386,cold,5,0.025248390936171015,xavier,174.0
4892,2026-09-01 14:11:45,gate3b_restricted_search,386,cold,6,0.04257625486011382,xavier,112.0
4893,2026-09-01 14:11:45,gate3b_restricted_search,386,cold,7,0.0003232148147351276,xavier,1600.0
4894,2026-09-01 14:11:45,gate3b_restricted_search,386,cold,8,0.07475987911298648,he,219.0
4895,2026-09-01 14:11:46,gate3b_restricted_search,386,cold,9,0.011468398705751582,xavier,139.0
4896,2026-09-01 14:11:46,gate3b_restricted_search,386,cold,10,0.09344501034181055,he,519.0
4897,2026-09-01 14:11:46,gate3b_restricted_search,386,cold,11,0.010686274357222558,xavier,139.0
4898,2026-09-01 14:11:46,gate3b_restricted_search,386,cold,12,0.011001133191439064,xavier,139.0
4899,2026-09-01 14:11:46,gate3b_restricted_search,386,cold,13,0.02262016608435779,xavier,143.0
4900,2026-09-01 14:11:46,gate3b_restricted_search,386,cold,14,0.00604100361467369,orthogonal,339.0
4901,2026-09-01 14:11:47,gate3b_restricted_search,386,informed_restricted,0,0.0017826497151386949,xavier,574.0
4902,2026-09-01 14:11:47,gate3b_restricted_search,386,informed_restricted,1,0.01448683388723935,xavier,173.0
4903,2026-09-01 14:11:48,gate3b_restricted_search,386,informed_restricted,2,0.00010007903854383786,xavier,1600.0
4904,2026-09-01 14:11:48,gate3b_restricted_search,386,informed_restricted,3,0.0008072307884499761,xavier,1600.0
4905,2026-09-01 14:11:49,gate3b_restricted_search,386,informed_restricted,4,0.0002755926764027377,xavier,1600.0
4906,2026-09-01 14:11:49,gate3b_restricted_search,386,informed_restricted,5,0.00018924123965722266,xavier,1600.0
4907,2026-09-01 14:11:50,gate3b_restricted_search,386,informed_restricted,6,0.0003620600725744741,xavier,1600.0
4908,2026-09-01 14:11:50,gate3b_restricted_search,386,informed_restricted,7,0.001088133500363589,xavier,1600.0
4909,2026-09-01 14:11:51,gate3b_restricted_search,386,informed_restricted,8,0.0015498955191377143,xavier,686.0
4910,2026-09-01 14:11:51,gate3b_restricted_search,386,informed_restricted,9,0.00413475900783472,xavier,228.0
4911,2026-09-01 14:11:51,gate3b_restricted_search,386,informed_restricted,10,0.09290791998691832,xavier,178.0
4912,2026-09-01 14:11:51,gate3b_restricted_search,386,informed_restricted,11,0.07785058870653301,xavier,206.0
4913,2026-09-01 14:11:51,gate3b_restricted_search,386,informed_restricted,12,0.0797234062203645,xavier,151.0
4914,2026-09-01 14:11:52,gate3b_restricted_search,386,informed_restricted,13,0.01780718886107045,xavier,178.0
4915,2026-09-01 14:11:52,gate3b_restricted_search,386,informed_restricted,14,0.02354874493860281,xavier,160.0
4916,2026-09-01 14:11:52,gate3b_restricted_search,386,universal_restricted,0,0.0017826497151386949,xavier,574.0
4917,2026-09-01 14:11:52,gate3b_restricted_search,386,universal_restricted,1,0.01448683388723935,xavier,173.0
4918,2026-09-01 14:11:53,gate3b_restricted_search,386,universal_restricted,2,0.00010007903854383786,xavier,1600.0
4919,2026-09-01 14:11:53,gate3b_restricted_search,386,universal_restricted,3,0.0008072307884499761,xavier,1600.0
4920,2026-09-01 14:11:54,gate3b_restricted_search,386,universal_restricted,4,0.0002755926764027377,xavier,1600.0
4921,2026-09-01 14:11:54,gate3b_restricted_search,386,universal_restricted,5,0.00018924123965722266,xavier,1600.0
4922,2026-09-01 14:11:55,gate3b_restricted_search,386,universal_restricted,6,0.0003620600725744741,xavier,1600.0
4923,2026-09-01 14:11:56,gate3b_restricted_search,386,universal_restricted,7,0.001088133500363589,xavier,1600.0
4924,2026-09-01 14:11:56,gate3b_restricted_search,386,universal_restricted,8,0.0015498955191377143,xavier,686.0
4925,2026-09-01 14:11:56,gate3b_restricted_search,386,universal_restricted,9,0.00413475900783472,xavier,228.0
4926,2026-09-01 14:11:56,gate3b_restricted_search,386,universal_restricted,10,0.09290791998691832,xavier,178.0
4927,2026-09-01 14:11:57,gate3b_restricted_search,386,universal_restricted,11,0.07785058870653301,xavier,206.0
4928,2026-09-01 14:11:57,gate3b_restricted_search,386,universal_restricted,12,0.0797234062203645,xavier,151.0
4929,2026-09-01 14:11:57,gate3b_restricted_search,386,universal_restricted,13,0.01780718886107045,xavier,178.0
4930,2026-09-01 14:11:57,gate3b_restricted_search,386,universal_restricted,14,0.02354874493860281,xavier,160.0
4931,2026-09-01 14:11:57,gate3b_restricted_search,390,reference,0,0.004430375245218269,xavier,634.0
4932,2026-09-01 14:11:58,gate3b_restricted_search,390,reference,1,0.0018662266976517971,orthogonal,1600.0
4933,2026-09-01 14:11:58,gate3b_restricted_search,390,reference,2,0.07780155576901421,he,750.0
4934,2026-09-01 14:11:59,gate3b_restricted_search,390,reference,3,0.005059803874660437,xavier,507.0
4935,2026-09-01 14:11:59,gate3b_restricted_search,390,reference,4,0.00011498870747119459,orthogonal,1600.0
4936,2026-09-01 14:12:00,gate3b_restricted_search,390,reference,5,0.08626905220714905,xavier,668.0
4937,2026-09-01 14:12:00,gate3b_restricted_search,390,reference,6,0.00022637229697395497,orthogonal,1600.0
4938,2026-09-01 14:12:01,gate3b_restricted_search,390,reference,7,0.0036774346621052147,orthogonal,487.0
4939,2026-09-01 14:12:01,gate3b_restricted_search,390,reference,8,0.0023358825194833557,orthogonal,750.0
4940,2026-09-01 14:12:02,gate3b_restricted_search,390,reference,9,0.006859416411328701,he,544.0
4941,2026-09-01 14:12:02,gate3b_restricted_search,390,reference,10,0.0005430405379671376,orthogonal,1600.0
4942,2026-09-01 14:12:02,gate3b_restricted_search,390,reference,11,0.015641764792823365,he,445.0
4943,2026-09-01 14:12:03,gate3b_restricted_search,390,reference,12,0.02212926614004449,he,523.0
4944,2026-09-01 14:12:03,gate3b_restricted_search,390,reference,13,0.020527514539894275,he,511.0
4945,2026-09-01 14:12:03,gate3b_restricted_search,390,reference,14,0.019356086293399348,he,430.0
4946,2026-09-01 14:12:04,gate3b_restricted_search,390,reference,15,0.01820892665631231,he,511.0
4947,2026-09-01 14:12:04,gate3b_restricted_search,390,reference,16,0.012311206037987717,he,484.0
4948,2026-09-01 14:12:05,gate3b_restricted_search,390,reference,17,0.03734526069071442,he,651.0
4949,2026-09-01 14:12:05,gate3b_restricted_search,390,reference,18,0.0011808570398719556,he,1600.0
4950,2026-09-01 14:12:06,gate3b_restricted_search,390,reference,19,0.04188220341433578,he,651.0
4951,2026-09-01 14:12:06,gate3b_restricted_search,390,reference,20,0.010534273898197465,he,484.0
4952,2026-09-01 14:12:06,gate3b_restricted_search,390,reference,21,0.00393641688527934,orthogonal,487.0
4953,2026-09-01 14:12:07,gate3b_restricted_search,390,reference,22,0.008678913923634823,orthogonal,449.0
4954,2026-09-01 14:12:07,gate3b_restricted_search,390,reference,23,0.010155063855043101,xavier,320.0
4955,2026-09-01 14:12:07,gate3b_restricted_search,390,reference,24,0.039727608479010926,xavier,503.0
4956,2026-09-01 14:12:07,gate3b_restricted_search,390,reference,25,0.014572600325330674,xavier,313.0
4957,2026-09-01 14:12:08,gate3b_restricted_search,390,reference,26,0.026102741720912016,xavier,586.0
4958,2026-09-01 14:12:08,gate3b_restricted_search,390,reference,27,0.007426309545153463,xavier,511.0
4959,2026-09-01 14:12:09,gate3b_restricted_search,390,reference,28,0.043826643182316834,xavier,513.0
4960,2026-09-01 14:12:09,gate3b_restricted_search,390,reference,29,0.002708032144275571,xavier,789.0
4961,2026-09-01 14:12:09,gate3b_restricted_search,390,reference,30,0.012233276052410789,xavier,484.0
4962,2026-09-01 14:12:10,gate3b_restricted_search,390,reference,31,0.014879814572000563,xavier,483.0
4963,2026-09-01 14:12:10,gate3b_restricted_search,390,reference,32,0.005781460914935195,xavier,507.0
4964,2026-09-01 14:12:10,gate3b_restricted_search,390,reference,33,0.06174506502131245,he,513.0
4965,2026-09-01 14:12:11,gate3b_restricted_search,390,reference,34,0.001298408499282176,xavier,1600.0
4966,2026-09-01 14:12:11,gate3b_restricted_search,390,reference,35,0.028420309316765698,he,527.0
4967,2026-09-01 14:12:12,gate3b_restricted_search,390,reference,36,0.01701802121618395,xavier,315.0
4968,2026-09-01 14:12:12,gate3b_restricted_search,390,reference,37,0.05833655021214463,xavier,755.0
4969,2026-09-01 14:12:12,gate3b_restricted_search,390,reference,38,0.009332546690104316,xavier,511.0
4970,2026-09-01 14:12:13,gate3b_restricted_search,390,reference,39,0.004282928546895483,xavier,701.0
4971,2026-09-01 14:12:14,gate3b_restricted_search,390,cold,0,0.0017826497151386949,xavier,1600.0
4972,2026-09-01 14:12:14,gate3b_restricted_search,390,cold,1,0.0002755926764027377,orthogonal,1600.0
4973,2026-09-01 14:12:15,gate3b_restricted_search,390,cold,2,0.0015498955191377143,orthogonal,1600.0
4974,2026-09-01 14:12:15,gate3b_restricted_search,390,cold,3,0.00041054120168588934,xavier,1600.0
4975,2026-09-01 14:12:16,gate3b_restricted_search,390,cold,4,0.001786135519762597,xavier,1600.0
4976,2026-09-01 14:12:16,gate3b_restricted_search,390,cold,5,0.025248390936171015,xavier,511.0
4977,2026-09-01 14:12:17,gate3b_restricted_search,390,cold,6,0.04257625486011382,xavier,637.0
4978,2026-09-01 14:12:17,gate3b_restricted_search,390,cold,7,0.0003232148147351276,xavier,1600.0
4979,2026-09-01 14:12:18,gate3b_restricted_search,390,cold,8,0.07475987911298648,he,1600.0
4980,2026-09-01 14:12:18,gate3b_restricted_search,390,cold,9,0.011468398705751582,xavier,313.0
4981,2026-09-01 14:12:18,gate3b_restricted_search,390,cold,10,0.013520030930076584,he,445.0
4982,2026-09-01 14:12:19,gate3b_restricted_search,390,cold,11,0.012050318703919807,he,484.0
4983,2026-09-01 14:12:19,gate3b_restricted_search,390,cold,12,0.008901992342500538,he,445.0
4984,2026-09-01 14:12:19,gate3b_restricted_search,390,cold,13,0.007480156754080965,he,511.0
4985,2026-09-01 14:12:20,gate3b_restricted_search,390,cold,14,0.01743266588357272,he,527.0
4986,2026-09-01 14:12:20,gate3b_restricted_search,390,informed_restricted,0,0.0017826497151386949,xavier,1600.0
4987,2026-09-01 14:12:21,gate3b_restricted_search,390,informed_restricted,1,0.01448683388723935,xavier,527.0
4988,2026-09-01 14:12:21,gate3b_restricted_search,390,informed_restricted,2,0.00010007903854383786,xavier,1600.0
4989,2026-09-01 14:12:22,gate3b_restricted_search,390,informed_restricted,3,0.0008072307884499761,xavier,1600.0
4990,2026-09-01 14:12:22,gate3b_restricted_search,390,informed_restricted,4,0.0002755926764027377,xavier,1600.0
4991,2026-09-01 14:12:23,gate3b_restricted_search,390,informed_restricted,5,0.00018924123965722266,xavier,1600.0
4992,2026-09-01 14:12:23,gate3b_restricted_search,390,informed_restricted,6,0.0003620600725744741,xavier,1600.0
4993,2026-09-01 14:12:24,gate3b_restricted_search,390,informed_restricted,7,0.001088133500363589,xavier,1600.0
4994,2026-09-01 14:12:24,gate3b_restricted_search,390,informed_restricted,8,0.0015498955191377143,xavier,1600.0
4995,2026-09-01 14:12:25,gate3b_restricted_search,390,informed_restricted,9,0.00413475900783472,xavier,701.0
4996,2026-09-01 14:12:25,gate3b_restricted_search,390,informed_restricted,10,0.09290791998691832,xavier,1600.0
4997,2026-09-01 14:12:26,gate3b_restricted_search,390,informed_restricted,11,0.011930383561222451,xavier,315.0
4998,2026-09-01 14:12:26,gate3b_restricted_search,390,informed_restricted,12,0.016535107145461723,xavier,315.0
4999,2026-09-01 14:12:26,gate3b_restricted_search,390,informed_restricted,13,0.01718356475580144,xavier,315.0
5000,2026-09-01 14:12:26,gate3b_restricted_search,390,informed_restricted,14,0.014258411285390252,xavier,480.0
5001,2026-09-01 14:12:27,gate3b_restricted_search,390,universal_restricted,0,0.0017826497151386949,xavier,1600.0
5002,2026-09-01 14:12:27,gate3b_restricted_search,390,universal_restricted,1,0.01448683388723935,xavier,527.0
5003,2026-09-01 14:12:28,gate3b_restricted_search,390,universal_restricted,2,0.00010007903854383786,xavier,1600.0
5004,2026-09-01 14:12:28,gate3b_restricted_search,390,universal_restricted,3,0.0008072307884499761,xavier,1600.0
5005,2026-09-01 14:12:29,gate3b_restricted_search,390,universal_restricted,4,0.0002755926764027377,xavier,1600.0
5006,2026-09-01 14:12:30,gate3b_restricted_search,390,universal_restricted,5,0.00018924123965722266,xavier,1600.0
5007,2026-09-01 14:12:30,gate3b_restricted_search,390,universal_restricted,6,0.0003620600725744741,xavier,1600.0
5008,2026-09-01 14:12:31,gate3b_restricted_search,390,universal_restricted,7,0.001088133500363589,xavier,1600.0
5009,2026-09-01 14:12:31,gate3b_restricted_search,390,universal_restricted,8,0.0015498955191377143,xavier,1600.0
5010,2026-09-01 14:12:32,gate3b_restricted_search,390,universal_restricted,9,0.00413475900783472,xavier,701.0
5011,2026-09-01 14:12:32,gate3b_restricted_search,390,universal_restricted,10,0.09290791998691832,xavier,1600.0
5012,2026-09-01 14:12:32,gate3b_restricted_search,390,universal_restricted,11,0.011930383561222451,xavier,315.0
5013,2026-09-01 14:12:33,gate3b_restricted_search,390,universal_restricted,12,0.016535107145461723,xavier,315.0
5014,2026-09-01 14:12:33,gate3b_restricted_search,390,universal_restricted,13,0.01718356475580144,xavier,315.0
5015,2026-09-01 14:12:33,gate3b_restricted_search,390,universal_restricted,14,0.014258411285390252,xavier,480.0
5016,2026-09-01 14:12:34,gate3b_restricted_search,398,reference,0,0.004430375245218269,xavier,446.0
5017,2026-09-01 14:12:34,gate3b_restricted_search,398,reference,1,0.0018662266976517971,orthogonal,603.0
5018,2026-09-01 14:12:34,gate3b_restricted_search,398,reference,2,0.07780155576901421,he,320.0
5019,2026-09-01 14:12:34,gate3b_restricted_search,398,reference,3,0.005059803874660437,xavier,285.0
5020,2026-09-01 14:12:35,gate3b_restricted_search,398,reference,4,0.00011498870747119459,orthogonal,1600.0
5021,2026-09-01 14:12:35,gate3b_restricted_search,398,reference,5,0.08626905220714905,xavier,514.0
5022,2026-09-01 14:12:36,gate3b_restricted_search,398,reference,6,0.00022637229697395497,orthogonal,1600.0
5023,2026-09-01 14:12:36,gate3b_restricted_search,398,reference,7,0.0036774346621052147,orthogonal,281.0
5024,2026-09-01 14:12:36,gate3b_restricted_search,398,reference,8,0.0023358825194833557,orthogonal,485.0
5025,2026-09-01 14:12:37,gate3b_restricted_search,398,reference,9,0.006859416411328701,he,362.0
5026,2026-09-01 14:12:37,gate3b_restricted_search,398,reference,10,0.0005430405379671376,orthogonal,1600.0
5027,2026-09-01 14:12:37,gate3b_restricted_search,398,reference,11,0.00956676148396563,xavier,318.0
5028,2026-09-01 14:12:38,gate3b_restricted_search,398,reference,12,0.016852679578818117,xavier,210.0
5029,2026-09-01 14:12:38,gate3b_restricted_search,398,reference,13,0.022943354391587234,xavier,248.0
5030,2026-09-01 14:12:38,gate3b_restricted_search,398,reference,14,0.024296535838146723,xavier,206.0
5031,2026-09-01 14:12:38,gate3b_restricted_search,398,reference,15,0.028518737486780788,xavier,244.0
5032,2026-09-01 14:12:38,gate3b_restricted_search,398,reference,16,0.024968934256949075,xavier,248.0
5033,2026-09-01 14:12:38,gate3b_restricted_search,398,reference,17,0.012148092414899173,xavier,244.0
5034,2026-09-01 14:12:39,gate3b_restricted_search,398,reference,18,0.03914668787056284,he,228.0
5035,2026-09-01 14:12:39,gate3b_restricted_search,398,reference,19,0.0010503533449916396,xavier,1600.0
5036,2026-09-01 14:12:39,gate3b_restricted_search,398,reference,20,0.015076740848378449,xavier,244.0
5037,2026-09-01 14:12:40,gate3b_restricted_search,398,reference,21,0.053291181060648236,he,402.0
5038,2026-09-01 14:12:40,gate3b_restricted_search,398,reference,22,0.035757774986042636,he,323.0
5039,2026-09-01 14:12:40,gate3b_restricted_search,398,reference,23,0.04499985087833833,he,458.0
5040,2026-09-01 14:12:40,gate3b_restricted_search,398,reference,24,0.01603487137237187,he,318.0
5041,2026-09-01 14:12:41,gate3b_restricted_search,398,reference,25,0.00921863535710496,he,386.0
5042,2026-09-01 14:12:41,gate3b_restricted_search,398,reference,26,0.055627876946011484,xavier,416.0
5043,2026-09-01 14:12:41,gate3b_restricted_search,398,reference,27,0.019038112633254316,he,294.0
5044,2026-09-01 14:12:41,gate3b_restricted_search,398,reference,28,0.03629490524812157,xavier,281.0
5045,2026-09-01 14:12:42,gate3b_restricted_search,398,reference,29,0.006816384595663999,xavier,316.0
5046,2026-09-01 14:12:42,gate3b_restricted_search,398,reference,30,0.09865659655619732,he,494.0
5047,2026-09-01 14:12:42,gate3b_restricted_search,398,reference,31,0.013984605220302242,xavier,210.0
5048,2026-09-01 14:12:42,gate3b_restricted_search,398,reference,32,0.013532733165054106,xavier,248.0
5049,2026-09-01 14:12:42,gate3b_restricted_search,398,reference,33,0.020519576256388544,xavier,248.0
5050,2026-09-01 14:12:43,gate3b_restricted_search,398,reference,34,0.0036575959384475905,xavier,485.0
5051,2026-09-01 14:12:43,gate3b_restricted_search,398,reference,35,0.05090372165041131,xavier,442.0
5052,2026-09-01 14:12:44,gate3b_restricted_search,398,reference,36,0.0058630503843693695,xavier,364.0
5053,2026-09-01 14:12:44,gate3b_restricted_search,398,reference,37,0.009223198129592516,xavier,318.0
5054,2026-09-01 14:12:44,gate3b_restricted_search,398,reference,38,0.03209769416171203,he,307.0
5055,2026-09-01 14:12:44,gate3b_restricted_search,398,reference,39,0.07652501058183168,orthogonal,273.0
5056,2026-09-01 14:12:45,gate3b_restricted_search,398,cold,0,0.0017826497151386949,xavier,704.0
5057,2026-09-01 14:12:45,gate3b_restricted_search,398,cold,1,0.0002755926764027377,orthogonal,1600.0
5058,2026-09-01 14:12:46,gate3b_restricted_search,398,cold,2,0.0015498955191377143,orthogonal,723.0
5059,2026-09-01 14:12:46,gate3b_restricted_search,398,cold,3,0.00041054120168588934,xavier,1600.0
5060,2026-09-01 14:12:47,gate3b_restricted_search,398,cold,4,0.001786135519762597,xavier,704.0
5061,2026-09-01 14:12:47,gate3b_restricted_search,398,cold,5,0.025248390936171015,xavier,266.0
5062,2026-09-01 14:12:47,gate3b_restricted_search,398,cold,6,0.04257625486011382,xavier,223.0
5063,2026-09-01 14:12:48,gate3b_restricted_search,398,cold,7,0.0003232148147351276,xavier,1600.0
5064,2026-09-01 14:12:48,gate3b_restricted_search,398,cold,8,0.07475987911298648,he,346.0
5065,2026-09-01 14:12:48,gate3b_restricted_search,398,cold,9,0.011468398705751582,xavier,266.0
5066,2026-09-01 14:12:49,gate3b_restricted_search,398,cold,10,0.09344501034181055,he,646.0
5067,2026-09-01 14:12:49,gate3b_restricted_search,398,cold,11,0.021361236429000122,xavier,248.0
5068,2026-09-01 14:12:49,gate3b_restricted_search,398,cold,12,0.018729908809075033,xavier,234.0
5069,2026-09-01 14:12:49,gate3b_restricted_search,398,cold,13,0.009517259418765639,xavier,289.0
5070,2026-09-01 14:12:49,gate3b_restricted_search,398,cold,14,0.007330807339450185,orthogonal,110.0
5071,2026-09-01 14:12:50,gate3b_restricted_search,398,informed_restricted,0,0.0017826497151386949,orthogonal,603.0
5072,2026-09-01 14:12:50,gate3b_restricted_search,398,informed_restricted,1,0.01448683388723935,orthogonal,238.0
5073,2026-09-01 14:12:50,gate3b_restricted_search,398,informed_restricted,2,0.00010007903854383786,orthogonal,1600.0
5074,2026-09-01 14:12:51,gate3b_restricted_search,398,informed_restricted,3,0.0008072307884499761,orthogonal,1600.0
5075,2026-09-01 14:12:51,gate3b_restricted_search,398,informed_restricted,4,0.0002755926764027377,orthogonal,1600.0
5076,2026-09-01 14:12:52,gate3b_restricted_search,398,informed_restricted,5,0.00018924123965722266,orthogonal,1600.0
5077,2026-09-01 14:12:53,gate3b_restricted_search,398,informed_restricted,6,0.0003620600725744741,orthogonal,1600.0
5078,2026-09-01 14:12:53,gate3b_restricted_search,398,informed_restricted,7,0.001088133500363589,orthogonal,1600.0
5079,2026-09-01 14:12:54,gate3b_restricted_search,398,informed_restricted,8,0.0015498955191377143,orthogonal,723.0
5080,2026-09-01 14:12:54,gate3b_restricted_search,398,informed_restricted,9,0.00413475900783472,orthogonal,281.0
5081,2026-09-01 14:12:54,gate3b_restricted_search,398,informed_restricted,10,0.09290791998691832,orthogonal,303.0
5082,2026-09-01 14:12:54,gate3b_restricted_search,398,informed_restricted,11,0.011930383561222451,orthogonal,210.0
5083,2026-09-01 14:12:55,gate3b_restricted_search,398,informed_restricted,12,0.016535107145461723,orthogonal,200.0
5084,2026-09-01 14:12:55,gate3b_restricted_search,398,informed_restricted,13,0.01718356475580144,orthogonal,162.0
5085,2026-09-01 14:12:55,gate3b_restricted_search,398,informed_restricted,14,0.045819362061605,orthogonal,242.0
5086,2026-09-01 14:12:55,gate3b_restricted_search,398,universal_restricted,0,0.0017826497151386949,xavier,704.0
5087,2026-09-01 14:12:55,gate3b_restricted_search,398,universal_restricted,1,0.01448683388723935,xavier,210.0
5088,2026-09-01 14:12:56,gate3b_restricted_search,398,universal_restricted,2,0.00010007903854383786,xavier,1600.0
5089,2026-09-01 14:12:57,gate3b_restricted_search,398,universal_restricted,3,0.0008072307884499761,xavier,1600.0
5090,2026-09-01 14:12:57,gate3b_restricted_search,398,universal_restricted,4,0.0002755926764027377,xavier,1600.0
5091,2026-09-01 14:12:58,gate3b_restricted_search,398,universal_restricted,5,0.00018924123965722266,xavier,1600.0
5092,2026-09-01 14:12:58,gate3b_restricted_search,398,universal_restricted,6,0.0003620600725744741,xavier,1600.0
5093,2026-09-01 14:12:59,gate3b_restricted_search,398,universal_restricted,7,0.001088133500363589,xavier,1600.0
5094,2026-09-01 14:12:59,gate3b_restricted_search,398,universal_restricted,8,0.0015498955191377143,xavier,723.0
5095,2026-09-01 14:12:59,gate3b_restricted_search,398,universal_restricted,9,0.00413475900783472,xavier,386.0
5096,2026-09-01 14:13:00,gate3b_restricted_search,398,universal_restricted,10,0.09290791998691832,xavier,281.0
5097,2026-09-01 14:13:00,gate3b_restricted_search,398,universal_restricted,11,0.07785058870653301,xavier,372.0
5098,2026-09-01 14:13:00,gate3b_restricted_search,398,universal_restricted,12,0.0797234062203645,xavier,259.0
5099,2026-09-01 14:13:00,gate3b_restricted_search,398,universal_restricted,13,0.01780718886107045,xavier,266.0
5100,2026-09-01 14:13:00,gate3b_restricted_search,398,universal_restricted,14,0.02354874493860281,xavier,248.0
